[    3191ms] [INFO] This page uses Chrome's Built-In AI features (LanguageDetector)! We're always improving our models; please submit your feedback here: https://issues.chromium.org/issues/new?component=1583316 @ chrome-extension://bpoadfkcbjbfhfodiogcnhhhpibjhbnh/content_script.js:4890
[    3304ms] [LOG] 🍍 "websocket" store installed 🆕 @ http://localhost:5173/node_modules/.vite/deps/pinia.js?v=eff7922a:206
[    4472ms] [LOG] 🍍 "core-timezone" store installed 🆕 @ http://localhost:5173/node_modules/.vite/deps/pinia.js?v=eff7922a:206
[    4474ms] [LOG] 🍍 "core-tabbar" store installed 🆕 @ http://localhost:5173/node_modules/.vite/deps/pinia.js?v=eff7922a:206
[    4476ms] [WARNING] [vxe table v4.17.48] 参数 "[toolbar] refresh={...}" 已废弃，请使用 "refresh=boolean & refresh-options={...}" @ http://localhost:5173/node_modules/.vite/deps/chunk-ZTR45YP4.js?v=eff7922a:5837
[    4476ms] [WARNING] [vxe table v4.17.48] 参数 "[toolbar] zoom={...}" 已废弃，请使用 "zoom=boolean & zoom-options={...}" @ http://localhost:5173/node_modules/.vite/deps/chunk-ZTR45YP4.js?v=eff7922a:5837
[   34900ms] [WARNING] [Vue Router warn]: Path "/plugins/testreportdetail/59" was passed with params but they will be ignored. Use a named route alongside params instead. @ http://localhost:5173/node_modules/.vite/deps/vue-router.js?v=eff7922a:53
[   51690ms] [WARNING] [Vue warn]: Failed to resolve component: a-descriptions-item
If this is a native custom element, make sure to exclude it from component resolution via compilerOptions.isCustomElement. 
  at <BatchReportDrawer > 
  at <VbenParentDrawer> 
  at <Page auto-content-height="" > 
  at <ApiTestingBatchReport > 
  at <ApiTestingBatchReport onVnodeUnmounted=fn<onVnodeUnmounted> ref=Ref< null > key="/plugins/batch-report" > 
  at <KeepAlive key=0 exclude= [] include= [ApiTesting, ApiTestingTestReportDetail, ApiTestingDashboard, ApiTestingVariable, ApiTestingBatchReport] > 
  at <BaseTransition mode="out-in" appear=true persisted=false  ... > 
  at <Transition key=0 name="fade-slide" appear=""  ... > 
  at <RouterView> 
  at <LayoutContent> 
  at <LayoutContent id="__vben_main_content" content-compact="wide" content-compact-width=1200  ... > 
  at <VbenLayout sidebar-extra-visible=true onUpdate:sidebarExtraVisible=fn content-compact="wide"  ... > 
  at <BasicLayout onClearPreferencesAndLogout=fn<handleLogout> > 
  at <Basic onVnodeUnmounted=fn<onVnodeUnmounted> ref=Ref< Proxy(Object) > > 
  at <RouterView> 
  at <Anonymous message= {} notification= {} > 
  at <AApp> 
  at <LocaleProvider locale= {locale: zh-cn, Pagination: Object, DatePicker: Object, TimePicker: Object, Calendar: Object} _ANT_MARK__="internalMark" > 
  at <Anonymous prefixCls="anticon" csp=undefined layer=undefined > 
  at <Anonymous value= {override: Object, hashed: false, theme: Theme, token: Object, components: Object} > 
  at <Anonymous parentContext= {getPrefixCls: , iconPrefixCls: anticon} locale= {locale: zh-cn, Pagination: Object, DatePicker: Object, TimePicker: Object, Calendar: Object} theme= {algorithm: Array(1), token: Proxy(Object)}  ... > 
  at <AConfigProvider locale= {locale: zh-cn, Pagination: Object, DatePicker: Object, TimePicker: Object, Calendar: Object} theme= {algorithm: Array(1), token: Proxy(Object)} > 
  at <App> @ http://localhost:5173/node_modules/.vite/deps/chunk-NUZEDWKZ.js?v=eff7922a:1936
[   51722ms] [WARNING] [vxe table v4.17.48] 参数 "[toolbar] refresh={...}" 已废弃，请使用 "refresh=boolean & refresh-options={...}" @ http://localhost:5173/node_modules/.vite/deps/chunk-ZTR45YP4.js?v=eff7922a:5837
[   51722ms] [WARNING] [vxe table v4.17.48] 参数 "[toolbar] zoom={...}" 已废弃，请使用 "zoom=boolean & zoom-options={...}" @ http://localhost:5173/node_modules/.vite/deps/chunk-ZTR45YP4.js?v=eff7922a:5837
[   52891ms] [WARNING] [vxe table v4.17.48] 参数 "[toolbar] refresh={...}" 已废弃，请使用 "refresh=boolean & refresh-options={...}" @ http://localhost:5173/node_modules/.vite/deps/chunk-ZTR45YP4.js?v=eff7922a:5837
[   52891ms] [WARNING] [vxe table v4.17.48] 参数 "[toolbar] zoom={...}" 已废弃，请使用 "zoom=boolean & zoom-options={...}" @ http://localhost:5173/node_modules/.vite/deps/chunk-ZTR45YP4.js?v=eff7922a:5837
[  541038ms] [INFO] This page uses Chrome's Built-In AI features (LanguageDetector)! We're always improving our models; please submit your feedback here: https://issues.chromium.org/issues/new?component=1583316 @ chrome-extension://bpoadfkcbjbfhfodiogcnhhhpibjhbnh/content_script.js:4890
[  541262ms] [LOG] 🍍 "websocket" store installed 🆕 @ http://localhost:5173/node_modules/.vite/deps/pinia.js?v=eff7922a:206
[  542542ms] [LOG] 🍍 "core-timezone" store installed 🆕 @ http://localhost:5173/node_modules/.vite/deps/pinia.js?v=eff7922a:206
[  542543ms] [LOG] 🍍 "core-tabbar" store installed 🆕 @ http://localhost:5173/node_modules/.vite/deps/pinia.js?v=eff7922a:206
[  542544ms] [WARNING] [vxe table v4.17.48] 参数 "[toolbar] refresh={...}" 已废弃，请使用 "refresh=boolean & refresh-options={...}" @ http://localhost:5173/node_modules/.vite/deps/chunk-ZTR45YP4.js?v=eff7922a:5837
[  542544ms] [WARNING] [vxe table v4.17.48] 参数 "[toolbar] zoom={...}" 已废弃，请使用 "zoom=boolean & zoom-options={...}" @ http://localhost:5173/node_modules/.vite/deps/chunk-ZTR45YP4.js?v=eff7922a:5837
[  574234ms] fetchError: Request timeout after 30000ms
    at CT (chrome-extension://bpoadfkcbjbfhfodiogcnhhhpibjhbnh/content_script.js:4891:12015)
    at e.sendFrom (chrome-extension://bpoadfkcbjbfhfodiogcnhhhpibjhbnh/content_script.js:4891:2977)
    at async f3.sendWithHealth (chrome-extension://bpoadfkcbjbfhfodiogcnhhhpibjhbnh/content_script.js:4891:16516)
    at async EV (chrome-extension://bpoadfkcbjbfhfodiogcnhhhpibjhbnh/content_script.js:4891:22033)
    at async he (chrome-extension://bpoadfkcbjbfhfodiogcnhhhpibjhbnh/content_script.js:4891:20203)
    at async RH (chrome-extension://bpoadfkcbjbfhfodiogcnhhhpibjhbnh/content_script.js:4884:25758)
    at async LH (chrome-extension://bpoadfkcbjbfhfodiogcnhhhpibjhbnh/content_script.js:4884:25380)
[ 1911463ms] [WARNING] [vxe table v4.17.48] 参数 "[toolbar] refresh={...}" 已废弃，请使用 "refresh=boolean & refresh-options={...}" @ http://localhost:5173/node_modules/.vite/deps/chunk-ZTR45YP4.js?v=eff7922a:5837
[ 1911463ms] [WARNING] [vxe table v4.17.48] 参数 "[toolbar] zoom={...}" 已废弃，请使用 "zoom=boolean & zoom-options={...}" @ http://localhost:5173/node_modules/.vite/deps/chunk-ZTR45YP4.js?v=eff7922a:5837
[ 2024327ms] [WARNING] [vxe table v4.17.48] 参数 "[toolbar] refresh={...}" 已废弃，请使用 "refresh=boolean & refresh-options={...}" @ http://localhost:5173/node_modules/.vite/deps/chunk-ZTR45YP4.js?v=eff7922a:5837
[ 2024328ms] [WARNING] [vxe table v4.17.48] 参数 "[toolbar] zoom={...}" 已废弃，请使用 "zoom=boolean & zoom-options={...}" @ http://localhost:5173/node_modules/.vite/deps/chunk-ZTR45YP4.js?v=eff7922a:5837
[ 2039090ms] [ERROR] Failed to load resource: the server responded with a status of 404 (Not Found) @ http://localhost:8000/api/v1/api_testing/test_reports/57/export?format=html:0
[ 2069597ms] [WARNING] [Vue warn]: Vue received a Component that was made a reactive object. This can lead to unnecessary performance overhead and should be avoided by marking the component with `markRaw` or using `shallowRef` instead of `ref`. 
Component that was made reactive:  {__name: CodeMirror, props: Object, emits: Array(3), setup: , __hmrId: 3670bf03} 
  at <PrimitiveSlot id="v-149-form-item" aria-describedby="v-149-form-item-description" aria-invalid=false  ... > 
  at <FormControl class="" > 
  at <FormItem class="flex-row items-center pb-4 relative flex flex-shrink-0" > 
  at <Field key=0 keepValue=true label="请求头"  ... > 
  at <FormField ref_for=true colon=false disabled=undefined  ... > 
  at <Form onKeydown=fn formApi= FormApi actionButtonsReverse=undefined  ... > 
  at <VbenUseForm formApi= FormApi > 
  at <VbenUseForm> 
  at <Primitive ref=fn<forwardRef> as-child=false as=undefined  ... > 
  at <DismissableLayer tabindex="-1" onKeydown=fn<handleKeyDown> style= {position: fixed}  ... > 
  at <PrimitiveSlot tabindex="-1" onKeydown=fn<handleKeyDown> style= {position: fixed}  ... > 
  at <Primitive ref_key="currentRef" ref=Ref< undefined > tabindex="-1"  ... > 
  at <FocusScope as-child="" loop="" trapped=false  ... > 
  at <DialogContentImpl as=undefined forceMount=false trapFocus=false  ... > 
  at <DialogContentNonModal key=1 ref=fn<ref> forceMount=false  ... > 
  at <Presence present=true style= {position: fixed} onAnimationend=fn<onAnimationEnd>  ... > 
  at <DialogContent ref="contentRef" style= {position: fixed} onAnimationend=fn<onAnimationEnd>  ... > 
  at <DialogContent ref="contentRef" append-to=undefined class="left-0 right-0 top-[10vh] mx-auto flex max-h-[80%] flex-col p-0 sm:rounded-[var(--radius)] w-[900px] border border-border duration-300"  ... > 
  at <DialogRoot modal=false open=true onUpdate:open=fn > 
  at <Dialog modal=false open=true onUpdate:open=fn > 
  at <Modal modalApi= ModalApi > 
  at <VbenModal> 
  at <Page auto-content-height="" > 
  at <ApiTestingTestStep > 
  at <ApiTestingTestStep onVnodeUnmounted=fn<onVnodeUnmounted> ref=Ref< Proxy(Object) > key="/plugins/teststep" > 
  at <KeepAlive key=0 exclude= [] include= [ApiTesting, ApiTestingTestReportDetail, ApiTestingDashboard, ApiTestingVariable, ApiTestingBatchReport, ApiTestingTestCase, ApiTestingExecutionStream, ApiTestingTestStep, ApiTestingTestReport, ApiTestingProject] > 
  at <BaseTransition mode="out-in" appear=true persisted=false  ... > 
  at <Transition key=0 name="fade-slide" appear=""  ... > 
  at <RouterView> 
  at <LayoutContent> 
  at <LayoutContent id="__vben_main_content" content-compact="wide" content-compact-width=1200  ... > 
  at <VbenLayout sidebar-extra-visible=true onUpdate:sidebarExtraVisible=fn content-compact="wide"  ... > 
  at <BasicLayout onClearPreferencesAndLogout=fn<handleLogout> > 
  at <Basic onVnodeUnmounted=fn<onVnodeUnmounted> ref=Ref< Proxy(Object) > > 
  at <RouterView> 
  at <Anonymous message= {} notification= {} > 
  at <AApp> 
  at <LocaleProvider locale= {locale: zh-cn, Pagination: Object, DatePicker: Object, TimePicker: Object, Calendar: Object} _ANT_MARK__="internalMark" > 
  at <Anonymous prefixCls="anticon" csp=undefined layer=undefined > 
  at <Anonymous value= {override: Object, hashed: false, theme: Theme, token: Object, components: Object} > 
  at <Anonymous parentContext= {getPrefixCls: , iconPrefixCls: anticon} locale= {locale: zh-cn, Pagination: Object, DatePicker: Object, TimePicker: Object, Calendar: Object} theme= {algorithm: Array(1), token: Proxy(Object)}  ... > 
  at <AConfigProvider locale= {locale: zh-cn, Pagination: Object, DatePicker: Object, TimePicker: Object, Calendar: Object} theme= {algorithm: Array(1), token: Proxy(Object)} > 
  at <App> @ http://localhost:5173/node_modules/.vite/deps/chunk-NUZEDWKZ.js?v=eff7922a:1936
[ 2069610ms] [WARNING] [Vue warn]: Vue received a Component that was made a reactive object. This can lead to unnecessary performance overhead and should be avoided by marking the component with `markRaw` or using `shallowRef` instead of `ref`. 
Component that was made reactive:  {__name: CodeMirror, props: Object, emits: Array(3), setup: , __hmrId: 3670bf03} 
  at <PrimitiveSlot id="v-150-form-item" aria-describedby="v-150-form-item-description" aria-invalid=false  ... > 
  at <FormControl class="" > 
  at <FormItem class="flex-row items-center pb-4 relative flex flex-shrink-0" > 
  at <Field key=0 keepValue=true label="查询参数"  ... > 
  at <FormField ref_for=true colon=false disabled=undefined  ... > 
  at <Form onKeydown=fn formApi= FormApi actionButtonsReverse=undefined  ... > 
  at <VbenUseForm formApi= FormApi > 
  at <VbenUseForm> 
  at <Primitive ref=fn<forwardRef> as-child=false as=undefined  ... > 
  at <DismissableLayer tabindex="-1" onKeydown=fn<handleKeyDown> style= {position: fixed}  ... > 
  at <PrimitiveSlot tabindex="-1" onKeydown=fn<handleKeyDown> style= {position: fixed}  ... > 
  at <Primitive ref_key="currentRef" ref=Ref< undefined > tabindex="-1"  ... > 
  at <FocusScope as-child="" loop="" trapped=false  ... > 
  at <DialogContentImpl as=undefined forceMount=false trapFocus=false  ... > 
  at <DialogContentNonModal key=1 ref=fn<ref> forceMount=false  ... > 
  at <Presence present=true style= {position: fixed} onAnimationend=fn<onAnimationEnd>  ... > 
  at <DialogContent ref="contentRef" style= {position: fixed} onAnimationend=fn<onAnimationEnd>  ... > 
  at <DialogContent ref="contentRef" append-to=undefined class="left-0 right-0 top-[10vh] mx-auto flex max-h-[80%] flex-col p-0 sm:rounded-[var(--radius)] w-[900px] border border-border duration-300"  ... > 
  at <DialogRoot modal=false open=true onUpdate:open=fn > 
  at <Dialog modal=false open=true onUpdate:open=fn > 
  at <Modal modalApi= ModalApi > 
  at <VbenModal> 
  at <Page auto-content-height="" > 
  at <ApiTestingTestStep > 
  at <ApiTestingTestStep onVnodeUnmounted=fn<onVnodeUnmounted> ref=Ref< Proxy(Object) > key="/plugins/teststep" > 
  at <KeepAlive key=0 exclude= [] include= [ApiTesting, ApiTestingTestReportDetail, ApiTestingDashboard, ApiTestingVariable, ApiTestingBatchReport, ApiTestingTestCase, ApiTestingExecutionStream, ApiTestingTestStep, ApiTestingTestReport, ApiTestingProject] > 
  at <BaseTransition mode="out-in" appear=true persisted=false  ... > 
  at <Transition key=0 name="fade-slide" appear=""  ... > 
  at <RouterView> 
  at <LayoutContent> 
  at <LayoutContent id="__vben_main_content" content-compact="wide" content-compact-width=1200  ... > 
  at <VbenLayout sidebar-extra-visible=true onUpdate:sidebarExtraVisible=fn content-compact="wide"  ... > 
  at <BasicLayout onClearPreferencesAndLogout=fn<handleLogout> > 
  at <Basic onVnodeUnmounted=fn<onVnodeUnmounted> ref=Ref< Proxy(Object) > > 
  at <RouterView> 
  at <Anonymous message= {} notification= {} > 
  at <AApp> 
  at <LocaleProvider locale= {locale: zh-cn, Pagination: Object, DatePicker: Object, TimePicker: Object, Calendar: Object} _ANT_MARK__="internalMark" > 
  at <Anonymous prefixCls="anticon" csp=undefined layer=undefined > 
  at <Anonymous value= {override: Object, hashed: false, theme: Theme, token: Object, components: Object} > 
  at <Anonymous parentContext= {getPrefixCls: , iconPrefixCls: anticon} locale= {locale: zh-cn, Pagination: Object, DatePicker: Object, TimePicker: Object, Calendar: Object} theme= {algorithm: Array(1), token: Proxy(Object)}  ... > 
  at <AConfigProvider locale= {locale: zh-cn, Pagination: Object, DatePicker: Object, TimePicker: Object, Calendar: Object} theme= {algorithm: Array(1), token: Proxy(Object)} > 
  at <App> @ http://localhost:5173/node_modules/.vite/deps/chunk-NUZEDWKZ.js?v=eff7922a:1936
[ 2069619ms] [WARNING] [Vue warn]: Vue received a Component that was made a reactive object. This can lead to unnecessary performance overhead and should be avoided by marking the component with `markRaw` or using `shallowRef` instead of `ref`. 
Component that was made reactive:  {__name: CodeMirror, props: Object, emits: Array(3), setup: , __hmrId: 3670bf03} 
  at <PrimitiveSlot id="v-151-form-item" aria-describedby="v-151-form-item-description" aria-invalid=false  ... > 
  at <FormControl class="" > 
  at <FormItem class="flex-row items-center pb-4 relative flex flex-shrink-0" > 
  at <Field key=0 keepValue=true label="请求体"  ... > 
  at <FormField ref_for=true colon=false disabled=undefined  ... > 
  at <Form onKeydown=fn formApi= FormApi actionButtonsReverse=undefined  ... > 
  at <VbenUseForm formApi= FormApi > 
  at <VbenUseForm> 
  at <Primitive ref=fn<forwardRef> as-child=false as=undefined  ... > 
  at <DismissableLayer tabindex="-1" onKeydown=fn<handleKeyDown> style= {position: fixed}  ... > 
  at <PrimitiveSlot tabindex="-1" onKeydown=fn<handleKeyDown> style= {position: fixed}  ... > 
  at <Primitive ref_key="currentRef" ref=Ref< undefined > tabindex="-1"  ... > 
  at <FocusScope as-child="" loop="" trapped=false  ... > 
  at <DialogContentImpl as=undefined forceMount=false trapFocus=false  ... > 
  at <DialogContentNonModal key=1 ref=fn<ref> forceMount=false  ... > 
  at <Presence present=true style= {position: fixed} onAnimationend=fn<onAnimationEnd>  ... > 
  at <DialogContent ref="contentRef" style= {position: fixed} onAnimationend=fn<onAnimationEnd>  ... > 
  at <DialogContent ref="contentRef" append-to=undefined class="left-0 right-0 top-[10vh] mx-auto flex max-h-[80%] flex-col p-0 sm:rounded-[var(--radius)] w-[900px] border border-border duration-300"  ... > 
  at <DialogRoot modal=false open=true onUpdate:open=fn > 
  at <Dialog modal=false open=true onUpdate:open=fn > 
  at <Modal modalApi= ModalApi > 
  at <VbenModal> 
  at <Page auto-content-height="" > 
  at <ApiTestingTestStep > 
  at <ApiTestingTestStep onVnodeUnmounted=fn<onVnodeUnmounted> ref=Ref< Proxy(Object) > key="/plugins/teststep" > 
  at <KeepAlive key=0 exclude= [] include= [ApiTesting, ApiTestingTestReportDetail, ApiTestingDashboard, ApiTestingVariable, ApiTestingBatchReport, ApiTestingTestCase, ApiTestingExecutionStream, ApiTestingTestStep, ApiTestingTestReport, ApiTestingProject] > 
  at <BaseTransition mode="out-in" appear=true persisted=false  ... > 
  at <Transition key=0 name="fade-slide" appear=""  ... > 
  at <RouterView> 
  at <LayoutContent> 
  at <LayoutContent id="__vben_main_content" content-compact="wide" content-compact-width=1200  ... > 
  at <VbenLayout sidebar-extra-visible=true onUpdate:sidebarExtraVisible=fn content-compact="wide"  ... > 
  at <BasicLayout onClearPreferencesAndLogout=fn<handleLogout> > 
  at <Basic onVnodeUnmounted=fn<onVnodeUnmounted> ref=Ref< Proxy(Object) > > 
  at <RouterView> 
  at <Anonymous message= {} notification= {} > 
  at <AApp> 
  at <LocaleProvider locale= {locale: zh-cn, Pagination: Object, DatePicker: Object, TimePicker: Object, Calendar: Object} _ANT_MARK__="internalMark" > 
  at <Anonymous prefixCls="anticon" csp=undefined layer=undefined > 
  at <Anonymous value= {override: Object, hashed: false, theme: Theme, token: Object, components: Object} > 
  at <Anonymous parentContext= {getPrefixCls: , iconPrefixCls: anticon} locale= {locale: zh-cn, Pagination: Object, DatePicker: Object, TimePicker: Object, Calendar: Object} theme= {algorithm: Array(1), token: Proxy(Object)}  ... > 
  at <AConfigProvider locale= {locale: zh-cn, Pagination: Object, DatePicker: Object, TimePicker: Object, Calendar: Object} theme= {algorithm: Array(1), token: Proxy(Object)} > 
  at <App> @ http://localhost:5173/node_modules/.vite/deps/chunk-NUZEDWKZ.js?v=eff7922a:1936
[ 2069625ms] [WARNING] [Vue warn]: Vue received a Component that was made a reactive object. This can lead to unnecessary performance overhead and should be avoided by marking the component with `markRaw` or using `shallowRef` instead of `ref`. 
Component that was made reactive:  {__name: CodeMirror, props: Object, emits: Array(3), setup: , __hmrId: 3670bf03} 
  at <PrimitiveSlot id="v-152-form-item" aria-describedby="v-152-form-item-description" aria-invalid=false  ... > 
  at <FormControl class="" > 
  at <FormItem class="flex-row items-center pb-4 relative flex flex-shrink-0" > 
  at <Field key=0 keepValue=true label="文件上传"  ... > 
  at <FormField ref_for=true colon=false disabled=undefined  ... > 
  at <Form onKeydown=fn formApi= FormApi actionButtonsReverse=undefined  ... > 
  at <VbenUseForm formApi= FormApi > 
  at <VbenUseForm> 
  at <Primitive ref=fn<forwardRef> as-child=false as=undefined  ... > 
  at <DismissableLayer tabindex="-1" onKeydown=fn<handleKeyDown> style= {position: fixed}  ... > 
  at <PrimitiveSlot tabindex="-1" onKeydown=fn<handleKeyDown> style= {position: fixed}  ... > 
  at <Primitive ref_key="currentRef" ref=Ref< undefined > tabindex="-1"  ... > 
  at <FocusScope as-child="" loop="" trapped=false  ... > 
  at <DialogContentImpl as=undefined forceMount=false trapFocus=false  ... > 
  at <DialogContentNonModal key=1 ref=fn<ref> forceMount=false  ... > 
  at <Presence present=true style= {position: fixed} onAnimationend=fn<onAnimationEnd>  ... > 
  at <DialogContent ref="contentRef" style= {position: fixed} onAnimationend=fn<onAnimationEnd>  ... > 
  at <DialogContent ref="contentRef" append-to=undefined class="left-0 right-0 top-[10vh] mx-auto flex max-h-[80%] flex-col p-0 sm:rounded-[var(--radius)] w-[900px] border border-border duration-300"  ... > 
  at <DialogRoot modal=false open=true onUpdate:open=fn > 
  at <Dialog modal=false open=true onUpdate:open=fn > 
  at <Modal modalApi= ModalApi > 
  at <VbenModal> 
  at <Page auto-content-height="" > 
  at <ApiTestingTestStep > 
  at <ApiTestingTestStep onVnodeUnmounted=fn<onVnodeUnmounted> ref=Ref< Proxy(Object) > key="/plugins/teststep" > 
  at <KeepAlive key=0 exclude= [] include= [ApiTesting, ApiTestingTestReportDetail, ApiTestingDashboard, ApiTestingVariable, ApiTestingBatchReport, ApiTestingTestCase, ApiTestingExecutionStream, ApiTestingTestStep, ApiTestingTestReport, ApiTestingProject] > 
  at <BaseTransition mode="out-in" appear=true persisted=false  ... > 
  at <Transition key=0 name="fade-slide" appear=""  ... > 
  at <RouterView> 
  at <LayoutContent> 
  at <LayoutContent id="__vben_main_content" content-compact="wide" content-compact-width=1200  ... > 
  at <VbenLayout sidebar-extra-visible=true onUpdate:sidebarExtraVisible=fn content-compact="wide"  ... > 
  at <BasicLayout onClearPreferencesAndLogout=fn<handleLogout> > 
  at <Basic onVnodeUnmounted=fn<onVnodeUnmounted> ref=Ref< Proxy(Object) > > 
  at <RouterView> 
  at <Anonymous message= {} notification= {} > 
  at <AApp> 
  at <LocaleProvider locale= {locale: zh-cn, Pagination: Object, DatePicker: Object, TimePicker: Object, Calendar: Object} _ANT_MARK__="internalMark" > 
  at <Anonymous prefixCls="anticon" csp=undefined layer=undefined > 
  at <Anonymous value= {override: Object, hashed: false, theme: Theme, token: Object, components: Object} > 
  at <Anonymous parentContext= {getPrefixCls: , iconPrefixCls: anticon} locale= {locale: zh-cn, Pagination: Object, DatePicker: Object, TimePicker: Object, Calendar: Object} theme= {algorithm: Array(1), token: Proxy(Object)}  ... > 
  at <AConfigProvider locale= {locale: zh-cn, Pagination: Object, DatePicker: Object, TimePicker: Object, Calendar: Object} theme= {algorithm: Array(1), token: Proxy(Object)} > 
  at <App> @ http://localhost:5173/node_modules/.vite/deps/chunk-NUZEDWKZ.js?v=eff7922a:1936
[ 2069635ms] [WARNING] [Vue warn]: Vue received a Component that was made a reactive object. This can lead to unnecessary performance overhead and should be avoided by marking the component with `markRaw` or using `shallowRef` instead of `ref`. 
Component that was made reactive:  {__name: CodeMirror, props: Object, emits: Array(3), setup: , __hmrId: 3670bf03} 
  at <PrimitiveSlot id="v-153-form-item" aria-describedby="v-153-form-item-description" aria-invalid=false  ... > 
  at <FormControl class="" > 
  at <FormItem class="flex-row items-center pb-4 relative flex flex-shrink-0" > 
  at <Field key=0 keepValue=true label="认证信息"  ... > 
  at <FormField ref_for=true colon=false disabled=undefined  ... > 
  at <Form onKeydown=fn formApi= FormApi actionButtonsReverse=undefined  ... > 
  at <VbenUseForm formApi= FormApi > 
  at <VbenUseForm> 
  at <Primitive ref=fn<forwardRef> as-child=false as=undefined  ... > 
  at <DismissableLayer tabindex="-1" onKeydown=fn<handleKeyDown> style= {position: fixed}  ... > 
  at <PrimitiveSlot tabindex="-1" onKeydown=fn<handleKeyDown> style= {position: fixed}  ... > 
  at <Primitive ref_key="currentRef" ref=Ref< undefined > tabindex="-1"  ... > 
  at <FocusScope as-child="" loop="" trapped=false  ... > 
  at <DialogContentImpl as=undefined forceMount=false trapFocus=false  ... > 
  at <DialogContentNonModal key=1 ref=fn<ref> forceMount=false  ... > 
  at <Presence present=true style= {position: fixed} onAnimationend=fn<onAnimationEnd>  ... > 
  at <DialogContent ref="contentRef" style= {position: fixed} onAnimationend=fn<onAnimationEnd>  ... > 
  at <DialogContent ref="contentRef" append-to=undefined class="left-0 right-0 top-[10vh] mx-auto flex max-h-[80%] flex-col p-0 sm:rounded-[var(--radius)] w-[900px] border border-border duration-300"  ... > 
  at <DialogRoot modal=false open=true onUpdate:open=fn > 
  at <Dialog modal=false open=true onUpdate:open=fn > 
  at <Modal modalApi= ModalApi > 
  at <VbenModal> 
  at <Page auto-content-height="" > 
  at <ApiTestingTestStep > 
  at <ApiTestingTestStep onVnodeUnmounted=fn<onVnodeUnmounted> ref=Ref< Proxy(Object) > key="/plugins/teststep" > 
  at <KeepAlive key=0 exclude= [] include= [ApiTesting, ApiTestingTestReportDetail, ApiTestingDashboard, ApiTestingVariable, ApiTestingBatchReport, ApiTestingTestCase, ApiTestingExecutionStream, ApiTestingTestStep, ApiTestingTestReport, ApiTestingProject] > 
  at <BaseTransition mode="out-in" appear=true persisted=false  ... > 
  at <Transition key=0 name="fade-slide" appear=""  ... > 
  at <RouterView> 
  at <LayoutContent> 
  at <LayoutContent id="__vben_main_content" content-compact="wide" content-compact-width=1200  ... > 
  at <VbenLayout sidebar-extra-visible=true onUpdate:sidebarExtraVisible=fn content-compact="wide"  ... > 
  at <BasicLayout onClearPreferencesAndLogout=fn<handleLogout> > 
  at <Basic onVnodeUnmounted=fn<onVnodeUnmounted> ref=Ref< Proxy(Object) > > 
  at <RouterView> 
  at <Anonymous message= {} notification= {} > 
  at <AApp> 
  at <LocaleProvider locale= {locale: zh-cn, Pagination: Object, DatePicker: Object, TimePicker: Object, Calendar: Object} _ANT_MARK__="internalMark" > 
  at <Anonymous prefixCls="anticon" csp=undefined layer=undefined > 
  at <Anonymous value= {override: Object, hashed: false, theme: Theme, token: Object, components: Object} > 
  at <Anonymous parentContext= {getPrefixCls: , iconPrefixCls: anticon} locale= {locale: zh-cn, Pagination: Object, DatePicker: Object, TimePicker: Object, Calendar: Object} theme= {algorithm: Array(1), token: Proxy(Object)}  ... > 
  at <AConfigProvider locale= {locale: zh-cn, Pagination: Object, DatePicker: Object, TimePicker: Object, Calendar: Object} theme= {algorithm: Array(1), token: Proxy(Object)} > 
  at <App> @ http://localhost:5173/node_modules/.vite/deps/chunk-NUZEDWKZ.js?v=eff7922a:1936
[ 2069644ms] [WARNING] [Vue warn]: Vue received a Component that was made a reactive object. This can lead to unnecessary performance overhead and should be avoided by marking the component with `markRaw` or using `shallowRef` instead of `ref`. 
Component that was made reactive:  {__name: CodeMirror, props: Object, emits: Array(3), setup: , __hmrId: 3670bf03} 
  at <PrimitiveSlot id="v-154-form-item" aria-describedby="v-154-form-item-description" aria-invalid=false  ... > 
  at <FormControl class="" > 
  at <FormItem class="flex-row items-center pb-4 relative flex flex-shrink-0" > 
  at <Field key=0 keepValue=true label="变量提取"  ... > 
  at <FormField ref_for=true colon=false disabled=undefined  ... > 
  at <Form onKeydown=fn formApi= FormApi actionButtonsReverse=undefined  ... > 
  at <VbenUseForm formApi= FormApi > 
  at <VbenUseForm> 
  at <Primitive ref=fn<forwardRef> as-child=false as=undefined  ... > 
  at <DismissableLayer tabindex="-1" onKeydown=fn<handleKeyDown> style= {position: fixed}  ... > 
  at <PrimitiveSlot tabindex="-1" onKeydown=fn<handleKeyDown> style= {position: fixed}  ... > 
  at <Primitive ref_key="currentRef" ref=Ref< undefined > tabindex="-1"  ... > 
  at <FocusScope as-child="" loop="" trapped=false  ... > 
  at <DialogContentImpl as=undefined forceMount=false trapFocus=false  ... > 
  at <DialogContentNonModal key=1 ref=fn<ref> forceMount=false  ... > 
  at <Presence present=true style= {position: fixed} onAnimationend=fn<onAnimationEnd>  ... > 
  at <DialogContent ref="contentRef" style= {position: fixed} onAnimationend=fn<onAnimationEnd>  ... > 
  at <DialogContent ref="contentRef" append-to=undefined class="left-0 right-0 top-[10vh] mx-auto flex max-h-[80%] flex-col p-0 sm:rounded-[var(--radius)] w-[900px] border border-border duration-300"  ... > 
  at <DialogRoot modal=false open=true onUpdate:open=fn > 
  at <Dialog modal=false open=true onUpdate:open=fn > 
  at <Modal modalApi= ModalApi > 
  at <VbenModal> 
  at <Page auto-content-height="" > 
  at <ApiTestingTestStep > 
  at <ApiTestingTestStep onVnodeUnmounted=fn<onVnodeUnmounted> ref=Ref< Proxy(Object) > key="/plugins/teststep" > 
  at <KeepAlive key=0 exclude= [] include= [ApiTesting, ApiTestingTestReportDetail, ApiTestingDashboard, ApiTestingVariable, ApiTestingBatchReport, ApiTestingTestCase, ApiTestingExecutionStream, ApiTestingTestStep, ApiTestingTestReport, ApiTestingProject] > 
  at <BaseTransition mode="out-in" appear=true persisted=false  ... > 
  at <Transition key=0 name="fade-slide" appear=""  ... > 
  at <RouterView> 
  at <LayoutContent> 
  at <LayoutContent id="__vben_main_content" content-compact="wide" content-compact-width=1200  ... > 
  at <VbenLayout sidebar-extra-visible=true onUpdate:sidebarExtraVisible=fn content-compact="wide"  ... > 
  at <BasicLayout onClearPreferencesAndLogout=fn<handleLogout> > 
  at <Basic onVnodeUnmounted=fn<onVnodeUnmounted> ref=Ref< Proxy(Object) > > 
  at <RouterView> 
  at <Anonymous message= {} notification= {} > 
  at <AApp> 
  at <LocaleProvider locale= {locale: zh-cn, Pagination: Object, DatePicker: Object, TimePicker: Object, Calendar: Object} _ANT_MARK__="internalMark" > 
  at <Anonymous prefixCls="anticon" csp=undefined layer=undefined > 
  at <Anonymous value= {override: Object, hashed: false, theme: Theme, token: Object, components: Object} > 
  at <Anonymous parentContext= {getPrefixCls: , iconPrefixCls: anticon} locale= {locale: zh-cn, Pagination: Object, DatePicker: Object, TimePicker: Object, Calendar: Object} theme= {algorithm: Array(1), token: Proxy(Object)}  ... > 
  at <AConfigProvider locale= {locale: zh-cn, Pagination: Object, DatePicker: Object, TimePicker: Object, Calendar: Object} theme= {algorithm: Array(1), token: Proxy(Object)} > 
  at <App> @ http://localhost:5173/node_modules/.vite/deps/chunk-NUZEDWKZ.js?v=eff7922a:1936
[ 2069655ms] [WARNING] [Vue warn]: Vue received a Component that was made a reactive object. This can lead to unnecessary performance overhead and should be avoided by marking the component with `markRaw` or using `shallowRef` instead of `ref`. 
Component that was made reactive:  {__name: CodeMirror, props: Object, emits: Array(3), setup: , __hmrId: 3670bf03} 
  at <PrimitiveSlot id="v-155-form-item" aria-describedby="v-155-form-item-description" aria-invalid=false  ... > 
  at <FormControl class="" > 
  at <FormItem class="flex-row items-center pb-4 relative flex flex-shrink-0" > 
  at <Field key=0 keepValue=true label="断言规则"  ... > 
  at <FormField ref_for=true colon=false disabled=undefined  ... > 
  at <Form onKeydown=fn formApi= FormApi actionButtonsReverse=undefined  ... > 
  at <VbenUseForm formApi= FormApi > 
  at <VbenUseForm> 
  at <Primitive ref=fn<forwardRef> as-child=false as=undefined  ... > 
  at <DismissableLayer tabindex="-1" onKeydown=fn<handleKeyDown> style= {position: fixed}  ... > 
  at <PrimitiveSlot tabindex="-1" onKeydown=fn<handleKeyDown> style= {position: fixed}  ... > 
  at <Primitive ref_key="currentRef" ref=Ref< undefined > tabindex="-1"  ... > 
  at <FocusScope as-child="" loop="" trapped=false  ... > 
  at <DialogContentImpl as=undefined forceMount=false trapFocus=false  ... > 
  at <DialogContentNonModal key=1 ref=fn<ref> forceMount=false  ... > 
  at <Presence present=true style= {position: fixed} onAnimationend=fn<onAnimationEnd>  ... > 
  at <DialogContent ref="contentRef" style= {position: fixed} onAnimationend=fn<onAnimationEnd>  ... > 
  at <DialogContent ref="contentRef" append-to=undefined class="left-0 right-0 top-[10vh] mx-auto flex max-h-[80%] flex-col p-0 sm:rounded-[var(--radius)] w-[900px] border border-border duration-300"  ... > 
  at <DialogRoot modal=false open=true onUpdate:open=fn > 
  at <Dialog modal=false open=true onUpdate:open=fn > 
  at <Modal modalApi= ModalApi > 
  at <VbenModal> 
  at <Page auto-content-height="" > 
  at <ApiTestingTestStep > 
  at <ApiTestingTestStep onVnodeUnmounted=fn<onVnodeUnmounted> ref=Ref< Proxy(Object) > key="/plugins/teststep" > 
  at <KeepAlive key=0 exclude= [] include= [ApiTesting, ApiTestingTestReportDetail, ApiTestingDashboard, ApiTestingVariable, ApiTestingBatchReport, ApiTestingTestCase, ApiTestingExecutionStream, ApiTestingTestStep, ApiTestingTestReport, ApiTestingProject] > 
  at <BaseTransition mode="out-in" appear=true persisted=false  ... > 
  at <Transition key=0 name="fade-slide" appear=""  ... > 
  at <RouterView> 
  at <LayoutContent> 
  at <LayoutContent id="__vben_main_content" content-compact="wide" content-compact-width=1200  ... > 
  at <VbenLayout sidebar-extra-visible=true onUpdate:sidebarExtraVisible=fn content-compact="wide"  ... > 
  at <BasicLayout onClearPreferencesAndLogout=fn<handleLogout> > 
  at <Basic onVnodeUnmounted=fn<onVnodeUnmounted> ref=Ref< Proxy(Object) > > 
  at <RouterView> 
  at <Anonymous message= {} notification= {} > 
  at <AApp> 
  at <LocaleProvider locale= {locale: zh-cn, Pagination: Object, DatePicker: Object, TimePicker: Object, Calendar: Object} _ANT_MARK__="internalMark" > 
  at <Anonymous prefixCls="anticon" csp=undefined layer=undefined > 
  at <Anonymous value= {override: Object, hashed: false, theme: Theme, token: Object, components: Object} > 
  at <Anonymous parentContext= {getPrefixCls: , iconPrefixCls: anticon} locale= {locale: zh-cn, Pagination: Object, DatePicker: Object, TimePicker: Object, Calendar: Object} theme= {algorithm: Array(1), token: Proxy(Object)}  ... > 
  at <AConfigProvider locale= {locale: zh-cn, Pagination: Object, DatePicker: Object, TimePicker: Object, Calendar: Object} theme= {algorithm: Array(1), token: Proxy(Object)} > 
  at <App> @ http://localhost:5173/node_modules/.vite/deps/chunk-NUZEDWKZ.js?v=eff7922a:1936
[ 2069663ms] [WARNING] [Vue warn]: Vue received a Component that was made a reactive object. This can lead to unnecessary performance overhead and should be avoided by marking the component with `markRaw` or using `shallowRef` instead of `ref`. 
Component that was made reactive:  {__name: CodeMirror, props: Object, emits: Array(3), setup: , __hmrId: 3670bf03} 
  at <PrimitiveSlot id="v-156-form-item" aria-describedby="v-156-form-item-description" aria-invalid=false  ... > 
  at <FormControl class="" > 
  at <FormItem class="flex-row items-center pb-4 relative flex flex-shrink-0" > 
  at <Field key=0 keepValue=true label="SQL查询"  ... > 
  at <FormField ref_for=true colon=false disabled=undefined  ... > 
  at <Form onKeydown=fn formApi= FormApi actionButtonsReverse=undefined  ... > 
  at <VbenUseForm formApi= FormApi > 
  at <VbenUseForm> 
  at <Primitive ref=fn<forwardRef> as-child=false as=undefined  ... > 
  at <DismissableLayer tabindex="-1" onKeydown=fn<handleKeyDown> style= {position: fixed}  ... > 
  at <PrimitiveSlot tabindex="-1" onKeydown=fn<handleKeyDown> style= {position: fixed}  ... > 
  at <Primitive ref_key="currentRef" ref=Ref< undefined > tabindex="-1"  ... > 
  at <FocusScope as-child="" loop="" trapped=false  ... > 
  at <DialogContentImpl as=undefined forceMount=false trapFocus=false  ... > 
  at <DialogContentNonModal key=1 ref=fn<ref> forceMount=false  ... > 
  at <Presence present=true style= {position: fixed} onAnimationend=fn<onAnimationEnd>  ... > 
  at <DialogContent ref="contentRef" style= {position: fixed} onAnimationend=fn<onAnimationEnd>  ... > 
  at <DialogContent ref="contentRef" append-to=undefined class="left-0 right-0 top-[10vh] mx-auto flex max-h-[80%] flex-col p-0 sm:rounded-[var(--radius)] w-[900px] border border-border duration-300"  ... > 
  at <DialogRoot modal=false open=true onUpdate:open=fn > 
  at <Dialog modal=false open=true onUpdate:open=fn > 
  at <Modal modalApi= ModalApi > 
  at <VbenModal> 
  at <Page auto-content-height="" > 
  at <ApiTestingTestStep > 
  at <ApiTestingTestStep onVnodeUnmounted=fn<onVnodeUnmounted> ref=Ref< Proxy(Object) > key="/plugins/teststep" > 
  at <KeepAlive key=0 exclude= [] include= [ApiTesting, ApiTestingTestReportDetail, ApiTestingDashboard, ApiTestingVariable, ApiTestingBatchReport, ApiTestingTestCase, ApiTestingExecutionStream, ApiTestingTestStep, ApiTestingTestReport, ApiTestingProject] > 
  at <BaseTransition mode="out-in" appear=true persisted=false  ... > 
  at <Transition key=0 name="fade-slide" appear=""  ... > 
  at <RouterView> 
  at <LayoutContent> 
  at <LayoutContent id="__vben_main_content" content-compact="wide" content-compact-width=1200  ... > 
  at <VbenLayout sidebar-extra-visible=true onUpdate:sidebarExtraVisible=fn content-compact="wide"  ... > 
  at <BasicLayout onClearPreferencesAndLogout=fn<handleLogout> > 
  at <Basic onVnodeUnmounted=fn<onVnodeUnmounted> ref=Ref< Proxy(Object) > > 
  at <RouterView> 
  at <Anonymous message= {} notification= {} > 
  at <AApp> 
  at <LocaleProvider locale= {locale: zh-cn, Pagination: Object, DatePicker: Object, TimePicker: Object, Calendar: Object} _ANT_MARK__="internalMark" > 
  at <Anonymous prefixCls="anticon" csp=undefined layer=undefined > 
  at <Anonymous value= {override: Object, hashed: false, theme: Theme, token: Object, components: Object} > 
  at <Anonymous parentContext= {getPrefixCls: , iconPrefixCls: anticon} locale= {locale: zh-cn, Pagination: Object, DatePicker: Object, TimePicker: Object, Calendar: Object} theme= {algorithm: Array(1), token: Proxy(Object)}  ... > 
  at <AConfigProvider locale= {locale: zh-cn, Pagination: Object, DatePicker: Object, TimePicker: Object, Calendar: Object} theme= {algorithm: Array(1), token: Proxy(Object)} > 
  at <App> @ http://localhost:5173/node_modules/.vite/deps/chunk-NUZEDWKZ.js?v=eff7922a:1936
[ 2069744ms] [WARNING] [Vue warn]: Vue received a Component that was made a reactive object. This can lead to unnecessary performance overhead and should be avoided by marking the component with `markRaw` or using `shallowRef` instead of `ref`. 
Component that was made reactive:  {__name: CodeMirror, props: Object, emits: Array(3), setup: , __hmrId: 3670bf03} 
  at <PrimitiveSlot id="v-149-form-item" aria-describedby="v-149-form-item-description" aria-invalid=false  ... > 
  at <FormControl class="" > 
  at <FormItem class="flex-row items-center pb-4 relative flex flex-shrink-0" > 
  at <Field key=0 keepValue=true label="请求头"  ... > 
  at <FormField ref_for=true colon=false disabled=undefined  ... > 
  at <Form onKeydown=fn formApi= FormApi actionButtonsReverse=undefined  ... > 
  at <VbenUseForm formApi= FormApi > 
  at <VbenUseForm> 
  at <Primitive ref=fn<forwardRef> as-child=false as=undefined  ... > 
  at <DismissableLayer tabindex="-1" onKeydown=fn<handleKeyDown> style= {position: fixed}  ... > 
  at <PrimitiveSlot tabindex="-1" onKeydown=fn<handleKeyDown> style= {position: fixed}  ... > 
  at <Primitive ref_key="currentRef" ref=Ref< Proxy(Object) > tabindex="-1"  ... > 
  at <FocusScope as-child="" loop="" trapped=false  ... > 
  at <DialogContentImpl as=undefined forceMount=false trapFocus=false  ... > 
  at <DialogContentNonModal key=1 ref=fn<ref> forceMount=false  ... > 
  at <Presence present=true style= {position: fixed} onAnimationend=fn<onAnimationEnd>  ... > 
  at <DialogContent ref="contentRef" style= {position: fixed} onAnimationend=fn<onAnimationEnd>  ... > 
  at <DialogContent ref="contentRef" append-to=undefined class="left-0 right-0 top-[10vh] mx-auto flex max-h-[80%] flex-col p-0 sm:rounded-[var(--radius)] w-[900px] border border-border duration-300"  ... > 
  at <DialogRoot modal=false open=true onUpdate:open=fn > 
  at <Dialog modal=false open=true onUpdate:open=fn > 
  at <Modal modalApi= ModalApi > 
  at <VbenModal> 
  at <Page auto-content-height="" > 
  at <ApiTestingTestStep > 
  at <ApiTestingTestStep onVnodeUnmounted=fn<onVnodeUnmounted> ref=Ref< Proxy(Object) > key="/plugins/teststep" > 
  at <KeepAlive key=0 exclude= [] include= [ApiTesting, ApiTestingTestReportDetail, ApiTestingDashboard, ApiTestingVariable, ApiTestingBatchReport, ApiTestingTestCase, ApiTestingExecutionStream, ApiTestingTestStep, ApiTestingTestReport, ApiTestingProject] > 
  at <BaseTransition mode="out-in" appear=true persisted=false  ... > 
  at <Transition key=0 name="fade-slide" appear=""  ... > 
  at <RouterView> 
  at <LayoutContent> 
  at <LayoutContent id="__vben_main_content" content-compact="wide" content-compact-width=1200  ... > 
  at <VbenLayout sidebar-extra-visible=true onUpdate:sidebarExtraVisible=fn content-compact="wide"  ... > 
  at <BasicLayout onClearPreferencesAndLogout=fn<handleLogout> > 
  at <Basic onVnodeUnmounted=fn<onVnodeUnmounted> ref=Ref< Proxy(Object) > > 
  at <RouterView> 
  at <Anonymous message= {} notification= {} > 
  at <AApp> 
  at <LocaleProvider locale= {locale: zh-cn, Pagination: Object, DatePicker: Object, TimePicker: Object, Calendar: Object} _ANT_MARK__="internalMark" > 
  at <Anonymous prefixCls="anticon" csp=undefined layer=undefined > 
  at <Anonymous value= {override: Object, hashed: false, theme: Theme, token: Object, components: Object} > 
  at <Anonymous parentContext= {getPrefixCls: , iconPrefixCls: anticon} locale= {locale: zh-cn, Pagination: Object, DatePicker: Object, TimePicker: Object, Calendar: Object} theme= {algorithm: Array(1), token: Proxy(Object)}  ... > 
  at <AConfigProvider locale= {locale: zh-cn, Pagination: Object, DatePicker: Object, TimePicker: Object, Calendar: Object} theme= {algorithm: Array(1), token: Proxy(Object)} > 
  at <App> @ http://localhost:5173/node_modules/.vite/deps/chunk-NUZEDWKZ.js?v=eff7922a:1936
[ 2069749ms] [WARNING] [Vue warn]: Vue received a Component that was made a reactive object. This can lead to unnecessary performance overhead and should be avoided by marking the component with `markRaw` or using `shallowRef` instead of `ref`. 
Component that was made reactive:  {__name: CodeMirror, props: Object, emits: Array(3), setup: , __hmrId: 3670bf03} 
  at <PrimitiveSlot id="v-150-form-item" aria-describedby="v-150-form-item-description" aria-invalid=false  ... > 
  at <FormControl class="" > 
  at <FormItem class="flex-row items-center pb-4 relative flex flex-shrink-0" > 
  at <Field key=0 keepValue=true label="查询参数"  ... > 
  at <FormField ref_for=true colon=false disabled=undefined  ... > 
  at <Form onKeydown=fn formApi= FormApi actionButtonsReverse=undefined  ... > 
  at <VbenUseForm formApi= FormApi > 
  at <VbenUseForm> 
  at <Primitive ref=fn<forwardRef> as-child=false as=undefined  ... > 
  at <DismissableLayer tabindex="-1" onKeydown=fn<handleKeyDown> style= {position: fixed}  ... > 
  at <PrimitiveSlot tabindex="-1" onKeydown=fn<handleKeyDown> style= {position: fixed}  ... > 
  at <Primitive ref_key="currentRef" ref=Ref< Proxy(Object) > tabindex="-1"  ... > 
  at <FocusScope as-child="" loop="" trapped=false  ... > 
  at <DialogContentImpl as=undefined forceMount=false trapFocus=false  ... > 
  at <DialogContentNonModal key=1 ref=fn<ref> forceMount=false  ... > 
  at <Presence present=true style= {position: fixed} onAnimationend=fn<onAnimationEnd>  ... > 
  at <DialogContent ref="contentRef" style= {position: fixed} onAnimationend=fn<onAnimationEnd>  ... > 
  at <DialogContent ref="contentRef" append-to=undefined class="left-0 right-0 top-[10vh] mx-auto flex max-h-[80%] flex-col p-0 sm:rounded-[var(--radius)] w-[900px] border border-border duration-300"  ... > 
  at <DialogRoot modal=false open=true onUpdate:open=fn > 
  at <Dialog modal=false open=true onUpdate:open=fn > 
  at <Modal modalApi= ModalApi > 
  at <VbenModal> 
  at <Page auto-content-height="" > 
  at <ApiTestingTestStep > 
  at <ApiTestingTestStep onVnodeUnmounted=fn<onVnodeUnmounted> ref=Ref< Proxy(Object) > key="/plugins/teststep" > 
  at <KeepAlive key=0 exclude= [] include= [ApiTesting, ApiTestingTestReportDetail, ApiTestingDashboard, ApiTestingVariable, ApiTestingBatchReport, ApiTestingTestCase, ApiTestingExecutionStream, ApiTestingTestStep, ApiTestingTestReport, ApiTestingProject] > 
  at <BaseTransition mode="out-in" appear=true persisted=false  ... > 
  at <Transition key=0 name="fade-slide" appear=""  ... > 
  at <RouterView> 
  at <LayoutContent> 
  at <LayoutContent id="__vben_main_content" content-compact="wide" content-compact-width=1200  ... > 
  at <VbenLayout sidebar-extra-visible=true onUpdate:sidebarExtraVisible=fn content-compact="wide"  ... > 
  at <BasicLayout onClearPreferencesAndLogout=fn<handleLogout> > 
  at <Basic onVnodeUnmounted=fn<onVnodeUnmounted> ref=Ref< Proxy(Object) > > 
  at <RouterView> 
  at <Anonymous message= {} notification= {} > 
  at <AApp> 
  at <LocaleProvider locale= {locale: zh-cn, Pagination: Object, DatePicker: Object, TimePicker: Object, Calendar: Object} _ANT_MARK__="internalMark" > 
  at <Anonymous prefixCls="anticon" csp=undefined layer=undefined > 
  at <Anonymous value= {override: Object, hashed: false, theme: Theme, token: Object, components: Object} > 
  at <Anonymous parentContext= {getPrefixCls: , iconPrefixCls: anticon} locale= {locale: zh-cn, Pagination: Object, DatePicker: Object, TimePicker: Object, Calendar: Object} theme= {algorithm: Array(1), token: Proxy(Object)}  ... > 
  at <AConfigProvider locale= {locale: zh-cn, Pagination: Object, DatePicker: Object, TimePicker: Object, Calendar: Object} theme= {algorithm: Array(1), token: Proxy(Object)} > 
  at <App> @ http://localhost:5173/node_modules/.vite/deps/chunk-NUZEDWKZ.js?v=eff7922a:1936
[ 2069754ms] [WARNING] [Vue warn]: Vue received a Component that was made a reactive object. This can lead to unnecessary performance overhead and should be avoided by marking the component with `markRaw` or using `shallowRef` instead of `ref`. 
Component that was made reactive:  {__name: CodeMirror, props: Object, emits: Array(3), setup: , __hmrId: 3670bf03} 
  at <PrimitiveSlot id="v-151-form-item" aria-describedby="v-151-form-item-description" aria-invalid=false  ... > 
  at <FormControl class="" > 
  at <FormItem class="flex-row items-center pb-4 relative flex flex-shrink-0" > 
  at <Field key=0 keepValue=true label="请求体"  ... > 
  at <FormField ref_for=true colon=false disabled=undefined  ... > 
  at <Form onKeydown=fn formApi= FormApi actionButtonsReverse=undefined  ... > 
  at <VbenUseForm formApi= FormApi > 
  at <VbenUseForm> 
  at <Primitive ref=fn<forwardRef> as-child=false as=undefined  ... > 
  at <DismissableLayer tabindex="-1" onKeydown=fn<handleKeyDown> style= {position: fixed}  ... > 
  at <PrimitiveSlot tabindex="-1" onKeydown=fn<handleKeyDown> style= {position: fixed}  ... > 
  at <Primitive ref_key="currentRef" ref=Ref< Proxy(Object) > tabindex="-1"  ... > 
  at <FocusScope as-child="" loop="" trapped=false  ... > 
  at <DialogContentImpl as=undefined forceMount=false trapFocus=false  ... > 
  at <DialogContentNonModal key=1 ref=fn<ref> forceMount=false  ... > 
  at <Presence present=true style= {position: fixed} onAnimationend=fn<onAnimationEnd>  ... > 
  at <DialogContent ref="contentRef" style= {position: fixed} onAnimationend=fn<onAnimationEnd>  ... > 
  at <DialogContent ref="contentRef" append-to=undefined class="left-0 right-0 top-[10vh] mx-auto flex max-h-[80%] flex-col p-0 sm:rounded-[var(--radius)] w-[900px] border border-border duration-300"  ... > 
  at <DialogRoot modal=false open=true onUpdate:open=fn > 
  at <Dialog modal=false open=true onUpdate:open=fn > 
  at <Modal modalApi= ModalApi > 
  at <VbenModal> 
  at <Page auto-content-height="" > 
  at <ApiTestingTestStep > 
  at <ApiTestingTestStep onVnodeUnmounted=fn<onVnodeUnmounted> ref=Ref< Proxy(Object) > key="/plugins/teststep" > 
  at <KeepAlive key=0 exclude= [] include= [ApiTesting, ApiTestingTestReportDetail, ApiTestingDashboard, ApiTestingVariable, ApiTestingBatchReport, ApiTestingTestCase, ApiTestingExecutionStream, ApiTestingTestStep, ApiTestingTestReport, ApiTestingProject] > 
  at <BaseTransition mode="out-in" appear=true persisted=false  ... > 
  at <Transition key=0 name="fade-slide" appear=""  ... > 
  at <RouterView> 
  at <LayoutContent> 
  at <LayoutContent id="__vben_main_content" content-compact="wide" content-compact-width=1200  ... > 
  at <VbenLayout sidebar-extra-visible=true onUpdate:sidebarExtraVisible=fn content-compact="wide"  ... > 
  at <BasicLayout onClearPreferencesAndLogout=fn<handleLogout> > 
  at <Basic onVnodeUnmounted=fn<onVnodeUnmounted> ref=Ref< Proxy(Object) > > 
  at <RouterView> 
  at <Anonymous message= {} notification= {} > 
  at <AApp> 
  at <LocaleProvider locale= {locale: zh-cn, Pagination: Object, DatePicker: Object, TimePicker: Object, Calendar: Object} _ANT_MARK__="internalMark" > 
  at <Anonymous prefixCls="anticon" csp=undefined layer=undefined > 
  at <Anonymous value= {override: Object, hashed: false, theme: Theme, token: Object, components: Object} > 
  at <Anonymous parentContext= {getPrefixCls: , iconPrefixCls: anticon} locale= {locale: zh-cn, Pagination: Object, DatePicker: Object, TimePicker: Object, Calendar: Object} theme= {algorithm: Array(1), token: Proxy(Object)}  ... > 
  at <AConfigProvider locale= {locale: zh-cn, Pagination: Object, DatePicker: Object, TimePicker: Object, Calendar: Object} theme= {algorithm: Array(1), token: Proxy(Object)} > 
  at <App> @ http://localhost:5173/node_modules/.vite/deps/chunk-NUZEDWKZ.js?v=eff7922a:1936
[ 2069758ms] [WARNING] [Vue warn]: Vue received a Component that was made a reactive object. This can lead to unnecessary performance overhead and should be avoided by marking the component with `markRaw` or using `shallowRef` instead of `ref`. 
Component that was made reactive:  {__name: CodeMirror, props: Object, emits: Array(3), setup: , __hmrId: 3670bf03} 
  at <PrimitiveSlot id="v-152-form-item" aria-describedby="v-152-form-item-description" aria-invalid=false  ... > 
  at <FormControl class="" > 
  at <FormItem class="flex-row items-center pb-4 relative flex flex-shrink-0" > 
  at <Field key=0 keepValue=true label="文件上传"  ... > 
  at <FormField ref_for=true colon=false disabled=undefined  ... > 
  at <Form onKeydown=fn formApi= FormApi actionButtonsReverse=undefined  ... > 
  at <VbenUseForm formApi= FormApi > 
  at <VbenUseForm> 
  at <Primitive ref=fn<forwardRef> as-child=false as=undefined  ... > 
  at <DismissableLayer tabindex="-1" onKeydown=fn<handleKeyDown> style= {position: fixed}  ... > 
  at <PrimitiveSlot tabindex="-1" onKeydown=fn<handleKeyDown> style= {position: fixed}  ... > 
  at <Primitive ref_key="currentRef" ref=Ref< Proxy(Object) > tabindex="-1"  ... > 
  at <FocusScope as-child="" loop="" trapped=false  ... > 
  at <DialogContentImpl as=undefined forceMount=false trapFocus=false  ... > 
  at <DialogContentNonModal key=1 ref=fn<ref> forceMount=false  ... > 
  at <Presence present=true style= {position: fixed} onAnimationend=fn<onAnimationEnd>  ... > 
  at <DialogContent ref="contentRef" style= {position: fixed} onAnimationend=fn<onAnimationEnd>  ... > 
  at <DialogContent ref="contentRef" append-to=undefined class="left-0 right-0 top-[10vh] mx-auto flex max-h-[80%] flex-col p-0 sm:rounded-[var(--radius)] w-[900px] border border-border duration-300"  ... > 
  at <DialogRoot modal=false open=true onUpdate:open=fn > 
  at <Dialog modal=false open=true onUpdate:open=fn > 
  at <Modal modalApi= ModalApi > 
  at <VbenModal> 
  at <Page auto-content-height="" > 
  at <ApiTestingTestStep > 
  at <ApiTestingTestStep onVnodeUnmounted=fn<onVnodeUnmounted> ref=Ref< Proxy(Object) > key="/plugins/teststep" > 
  at <KeepAlive key=0 exclude= [] include= [ApiTesting, ApiTestingTestReportDetail, ApiTestingDashboard, ApiTestingVariable, ApiTestingBatchReport, ApiTestingTestCase, ApiTestingExecutionStream, ApiTestingTestStep, ApiTestingTestReport, ApiTestingProject] > 
  at <BaseTransition mode="out-in" appear=true persisted=false  ... > 
  at <Transition key=0 name="fade-slide" appear=""  ... > 
  at <RouterView> 
  at <LayoutContent> 
  at <LayoutContent id="__vben_main_content" content-compact="wide" content-compact-width=1200  ... > 
  at <VbenLayout sidebar-extra-visible=true onUpdate:sidebarExtraVisible=fn content-compact="wide"  ... > 
  at <BasicLayout onClearPreferencesAndLogout=fn<handleLogout> > 
  at <Basic onVnodeUnmounted=fn<onVnodeUnmounted> ref=Ref< Proxy(Object) > > 
  at <RouterView> 
  at <Anonymous message= {} notification= {} > 
  at <AApp> 
  at <LocaleProvider locale= {locale: zh-cn, Pagination: Object, DatePicker: Object, TimePicker: Object, Calendar: Object} _ANT_MARK__="internalMark" > 
  at <Anonymous prefixCls="anticon" csp=undefined layer=undefined > 
  at <Anonymous value= {override: Object, hashed: false, theme: Theme, token: Object, components: Object} > 
  at <Anonymous parentContext= {getPrefixCls: , iconPrefixCls: anticon} locale= {locale: zh-cn, Pagination: Object, DatePicker: Object, TimePicker: Object, Calendar: Object} theme= {algorithm: Array(1), token: Proxy(Object)}  ... > 
  at <AConfigProvider locale= {locale: zh-cn, Pagination: Object, DatePicker: Object, TimePicker: Object, Calendar: Object} theme= {algorithm: Array(1), token: Proxy(Object)} > 
  at <App> @ http://localhost:5173/node_modules/.vite/deps/chunk-NUZEDWKZ.js?v=eff7922a:1936
[ 2069763ms] [WARNING] [Vue warn]: Vue received a Component that was made a reactive object. This can lead to unnecessary performance overhead and should be avoided by marking the component with `markRaw` or using `shallowRef` instead of `ref`. 
Component that was made reactive:  {__name: CodeMirror, props: Object, emits: Array(3), setup: , __hmrId: 3670bf03} 
  at <PrimitiveSlot id="v-153-form-item" aria-describedby="v-153-form-item-description" aria-invalid=false  ... > 
  at <FormControl class="" > 
  at <FormItem class="flex-row items-center pb-4 relative flex flex-shrink-0" > 
  at <Field key=0 keepValue=true label="认证信息"  ... > 
  at <FormField ref_for=true colon=false disabled=undefined  ... > 
  at <Form onKeydown=fn formApi= FormApi actionButtonsReverse=undefined  ... > 
  at <VbenUseForm formApi= FormApi > 
  at <VbenUseForm> 
  at <Primitive ref=fn<forwardRef> as-child=false as=undefined  ... > 
  at <DismissableLayer tabindex="-1" onKeydown=fn<handleKeyDown> style= {position: fixed}  ... > 
  at <PrimitiveSlot tabindex="-1" onKeydown=fn<handleKeyDown> style= {position: fixed}  ... > 
  at <Primitive ref_key="currentRef" ref=Ref< Proxy(Object) > tabindex="-1"  ... > 
  at <FocusScope as-child="" loop="" trapped=false  ... > 
  at <DialogContentImpl as=undefined forceMount=false trapFocus=false  ... > 
  at <DialogContentNonModal key=1 ref=fn<ref> forceMount=false  ... > 
  at <Presence present=true style= {position: fixed} onAnimationend=fn<onAnimationEnd>  ... > 
  at <DialogContent ref="contentRef" style= {position: fixed} onAnimationend=fn<onAnimationEnd>  ... > 
  at <DialogContent ref="contentRef" append-to=undefined class="left-0 right-0 top-[10vh] mx-auto flex max-h-[80%] flex-col p-0 sm:rounded-[var(--radius)] w-[900px] border border-border duration-300"  ... > 
  at <DialogRoot modal=false open=true onUpdate:open=fn > 
  at <Dialog modal=false open=true onUpdate:open=fn > 
  at <Modal modalApi= ModalApi > 
  at <VbenModal> 
  at <Page auto-content-height="" > 
  at <ApiTestingTestStep > 
  at <ApiTestingTestStep onVnodeUnmounted=fn<onVnodeUnmounted> ref=Ref< Proxy(Object) > key="/plugins/teststep" > 
  at <KeepAlive key=0 exclude= [] include= [ApiTesting, ApiTestingTestReportDetail, ApiTestingDashboard, ApiTestingVariable, ApiTestingBatchReport, ApiTestingTestCase, ApiTestingExecutionStream, ApiTestingTestStep, ApiTestingTestReport, ApiTestingProject] > 
  at <BaseTransition mode="out-in" appear=true persisted=false  ... > 
  at <Transition key=0 name="fade-slide" appear=""  ... > 
  at <RouterView> 
  at <LayoutContent> 
  at <LayoutContent id="__vben_main_content" content-compact="wide" content-compact-width=1200  ... > 
  at <VbenLayout sidebar-extra-visible=true onUpdate:sidebarExtraVisible=fn content-compact="wide"  ... > 
  at <BasicLayout onClearPreferencesAndLogout=fn<handleLogout> > 
  at <Basic onVnodeUnmounted=fn<onVnodeUnmounted> ref=Ref< Proxy(Object) > > 
  at <RouterView> 
  at <Anonymous message= {} notification= {} > 
  at <AApp> 
  at <LocaleProvider locale= {locale: zh-cn, Pagination: Object, DatePicker: Object, TimePicker: Object, Calendar: Object} _ANT_MARK__="internalMark" > 
  at <Anonymous prefixCls="anticon" csp=undefined layer=undefined > 
  at <Anonymous value= {override: Object, hashed: false, theme: Theme, token: Object, components: Object} > 
  at <Anonymous parentContext= {getPrefixCls: , iconPrefixCls: anticon} locale= {locale: zh-cn, Pagination: Object, DatePicker: Object, TimePicker: Object, Calendar: Object} theme= {algorithm: Array(1), token: Proxy(Object)}  ... > 
  at <AConfigProvider locale= {locale: zh-cn, Pagination: Object, DatePicker: Object, TimePicker: Object, Calendar: Object} theme= {algorithm: Array(1), token: Proxy(Object)} > 
  at <App> @ http://localhost:5173/node_modules/.vite/deps/chunk-NUZEDWKZ.js?v=eff7922a:1936
[ 2069766ms] [WARNING] [Vue warn]: Vue received a Component that was made a reactive object. This can lead to unnecessary performance overhead and should be avoided by marking the component with `markRaw` or using `shallowRef` instead of `ref`. 
Component that was made reactive:  {__name: CodeMirror, props: Object, emits: Array(3), setup: , __hmrId: 3670bf03} 
  at <PrimitiveSlot id="v-154-form-item" aria-describedby="v-154-form-item-description" aria-invalid=false  ... > 
  at <FormControl class="" > 
  at <FormItem class="flex-row items-center pb-4 relative flex flex-shrink-0" > 
  at <Field key=0 keepValue=true label="变量提取"  ... > 
  at <FormField ref_for=true colon=false disabled=undefined  ... > 
  at <Form onKeydown=fn formApi= FormApi actionButtonsReverse=undefined  ... > 
  at <VbenUseForm formApi= FormApi > 
  at <VbenUseForm> 
  at <Primitive ref=fn<forwardRef> as-child=false as=undefined  ... > 
  at <DismissableLayer tabindex="-1" onKeydown=fn<handleKeyDown> style= {position: fixed}  ... > 
  at <PrimitiveSlot tabindex="-1" onKeydown=fn<handleKeyDown> style= {position: fixed}  ... > 
  at <Primitive ref_key="currentRef" ref=Ref< Proxy(Object) > tabindex="-1"  ... > 
  at <FocusScope as-child="" loop="" trapped=false  ... > 
  at <DialogContentImpl as=undefined forceMount=false trapFocus=false  ... > 
  at <DialogContentNonModal key=1 ref=fn<ref> forceMount=false  ... > 
  at <Presence present=true style= {position: fixed} onAnimationend=fn<onAnimationEnd>  ... > 
  at <DialogContent ref="contentRef" style= {position: fixed} onAnimationend=fn<onAnimationEnd>  ... > 
  at <DialogContent ref="contentRef" append-to=undefined class="left-0 right-0 top-[10vh] mx-auto flex max-h-[80%] flex-col p-0 sm:rounded-[var(--radius)] w-[900px] border border-border duration-300"  ... > 
  at <DialogRoot modal=false open=true onUpdate:open=fn > 
  at <Dialog modal=false open=true onUpdate:open=fn > 
  at <Modal modalApi= ModalApi > 
  at <VbenModal> 
  at <Page auto-content-height="" > 
  at <ApiTestingTestStep > 
  at <ApiTestingTestStep onVnodeUnmounted=fn<onVnodeUnmounted> ref=Ref< Proxy(Object) > key="/plugins/teststep" > 
  at <KeepAlive key=0 exclude= [] include= [ApiTesting, ApiTestingTestReportDetail, ApiTestingDashboard, ApiTestingVariable, ApiTestingBatchReport, ApiTestingTestCase, ApiTestingExecutionStream, ApiTestingTestStep, ApiTestingTestReport, ApiTestingProject] > 
  at <BaseTransition mode="out-in" appear=true persisted=false  ... > 
  at <Transition key=0 name="fade-slide" appear=""  ... > 
  at <RouterView> 
  at <LayoutContent> 
  at <LayoutContent id="__vben_main_content" content-compact="wide" content-compact-width=1200  ... > 
  at <VbenLayout sidebar-extra-visible=true onUpdate:sidebarExtraVisible=fn content-compact="wide"  ... > 
  at <BasicLayout onClearPreferencesAndLogout=fn<handleLogout> > 
  at <Basic onVnodeUnmounted=fn<onVnodeUnmounted> ref=Ref< Proxy(Object) > > 
  at <RouterView> 
  at <Anonymous message= {} notification= {} > 
  at <AApp> 
  at <LocaleProvider locale= {locale: zh-cn, Pagination: Object, DatePicker: Object, TimePicker: Object, Calendar: Object} _ANT_MARK__="internalMark" > 
  at <Anonymous prefixCls="anticon" csp=undefined layer=undefined > 
  at <Anonymous value= {override: Object, hashed: false, theme: Theme, token: Object, components: Object} > 
  at <Anonymous parentContext= {getPrefixCls: , iconPrefixCls: anticon} locale= {locale: zh-cn, Pagination: Object, DatePicker: Object, TimePicker: Object, Calendar: Object} theme= {algorithm: Array(1), token: Proxy(Object)}  ... > 
  at <AConfigProvider locale= {locale: zh-cn, Pagination: Object, DatePicker: Object, TimePicker: Object, Calendar: Object} theme= {algorithm: Array(1), token: Proxy(Object)} > 
  at <App> @ http://localhost:5173/node_modules/.vite/deps/chunk-NUZEDWKZ.js?v=eff7922a:1936
[ 2069772ms] [WARNING] [Vue warn]: Vue received a Component that was made a reactive object. This can lead to unnecessary performance overhead and should be avoided by marking the component with `markRaw` or using `shallowRef` instead of `ref`. 
Component that was made reactive:  {__name: CodeMirror, props: Object, emits: Array(3), setup: , __hmrId: 3670bf03} 
  at <PrimitiveSlot id="v-155-form-item" aria-describedby="v-155-form-item-description" aria-invalid=false  ... > 
  at <FormControl class="" > 
  at <FormItem class="flex-row items-center pb-4 relative flex flex-shrink-0" > 
  at <Field key=0 keepValue=true label="断言规则"  ... > 
  at <FormField ref_for=true colon=false disabled=undefined  ... > 
  at <Form onKeydown=fn formApi= FormApi actionButtonsReverse=undefined  ... > 
  at <VbenUseForm formApi= FormApi > 
  at <VbenUseForm> 
  at <Primitive ref=fn<forwardRef> as-child=false as=undefined  ... > 
  at <DismissableLayer tabindex="-1" onKeydown=fn<handleKeyDown> style= {position: fixed}  ... > 
  at <PrimitiveSlot tabindex="-1" onKeydown=fn<handleKeyDown> style= {position: fixed}  ... > 
  at <Primitive ref_key="currentRef" ref=Ref< Proxy(Object) > tabindex="-1"  ... > 
  at <FocusScope as-child="" loop="" trapped=false  ... > 
  at <DialogContentImpl as=undefined forceMount=false trapFocus=false  ... > 
  at <DialogContentNonModal key=1 ref=fn<ref> forceMount=false  ... > 
  at <Presence present=true style= {position: fixed} onAnimationend=fn<onAnimationEnd>  ... > 
  at <DialogContent ref="contentRef" style= {position: fixed} onAnimationend=fn<onAnimationEnd>  ... > 
  at <DialogContent ref="contentRef" append-to=undefined class="left-0 right-0 top-[10vh] mx-auto flex max-h-[80%] flex-col p-0 sm:rounded-[var(--radius)] w-[900px] border border-border duration-300"  ... > 
  at <DialogRoot modal=false open=true onUpdate:open=fn > 
  at <Dialog modal=false open=true onUpdate:open=fn > 
  at <Modal modalApi= ModalApi > 
  at <VbenModal> 
  at <Page auto-content-height="" > 
  at <ApiTestingTestStep > 
  at <ApiTestingTestStep onVnodeUnmounted=fn<onVnodeUnmounted> ref=Ref< Proxy(Object) > key="/plugins/teststep" > 
  at <KeepAlive key=0 exclude= [] include= [ApiTesting, ApiTestingTestReportDetail, ApiTestingDashboard, ApiTestingVariable, ApiTestingBatchReport, ApiTestingTestCase, ApiTestingExecutionStream, ApiTestingTestStep, ApiTestingTestReport, ApiTestingProject] > 
  at <BaseTransition mode="out-in" appear=true persisted=false  ... > 
  at <Transition key=0 name="fade-slide" appear=""  ... > 
  at <RouterView> 
  at <LayoutContent> 
  at <LayoutContent id="__vben_main_content" content-compact="wide" content-compact-width=1200  ... > 
  at <VbenLayout sidebar-extra-visible=true onUpdate:sidebarExtraVisible=fn content-compact="wide"  ... > 
  at <BasicLayout onClearPreferencesAndLogout=fn<handleLogout> > 
  at <Basic onVnodeUnmounted=fn<onVnodeUnmounted> ref=Ref< Proxy(Object) > > 
  at <RouterView> 
  at <Anonymous message= {} notification= {} > 
  at <AApp> 
  at <LocaleProvider locale= {locale: zh-cn, Pagination: Object, DatePicker: Object, TimePicker: Object, Calendar: Object} _ANT_MARK__="internalMark" > 
  at <Anonymous prefixCls="anticon" csp=undefined layer=undefined > 
  at <Anonymous value= {override: Object, hashed: false, theme: Theme, token: Object, components: Object} > 
  at <Anonymous parentContext= {getPrefixCls: , iconPrefixCls: anticon} locale= {locale: zh-cn, Pagination: Object, DatePicker: Object, TimePicker: Object, Calendar: Object} theme= {algorithm: Array(1), token: Proxy(Object)}  ... > 
  at <AConfigProvider locale= {locale: zh-cn, Pagination: Object, DatePicker: Object, TimePicker: Object, Calendar: Object} theme= {algorithm: Array(1), token: Proxy(Object)} > 
  at <App> @ http://localhost:5173/node_modules/.vite/deps/chunk-NUZEDWKZ.js?v=eff7922a:1936
[ 2069778ms] [WARNING] [Vue warn]: Vue received a Component that was made a reactive object. This can lead to unnecessary performance overhead and should be avoided by marking the component with `markRaw` or using `shallowRef` instead of `ref`. 
Component that was made reactive:  {__name: CodeMirror, props: Object, emits: Array(3), setup: , __hmrId: 3670bf03} 
  at <PrimitiveSlot id="v-156-form-item" aria-describedby="v-156-form-item-description" aria-invalid=false  ... > 
  at <FormControl class="" > 
  at <FormItem class="flex-row items-center pb-4 relative flex flex-shrink-0" > 
  at <Field key=0 keepValue=true label="SQL查询"  ... > 
  at <FormField ref_for=true colon=false disabled=undefined  ... > 
  at <Form onKeydown=fn formApi= FormApi actionButtonsReverse=undefined  ... > 
  at <VbenUseForm formApi= FormApi > 
  at <VbenUseForm> 
  at <Primitive ref=fn<forwardRef> as-child=false as=undefined  ... > 
  at <DismissableLayer tabindex="-1" onKeydown=fn<handleKeyDown> style= {position: fixed}  ... > 
  at <PrimitiveSlot tabindex="-1" onKeydown=fn<handleKeyDown> style= {position: fixed}  ... > 
  at <Primitive ref_key="currentRef" ref=Ref< Proxy(Object) > tabindex="-1"  ... > 
  at <FocusScope as-child="" loop="" trapped=false  ... > 
  at <DialogContentImpl as=undefined forceMount=false trapFocus=false  ... > 
  at <DialogContentNonModal key=1 ref=fn<ref> forceMount=false  ... > 
  at <Presence present=true style= {position: fixed} onAnimationend=fn<onAnimationEnd>  ... > 
  at <DialogContent ref="contentRef" style= {position: fixed} onAnimationend=fn<onAnimationEnd>  ... > 
  at <DialogContent ref="contentRef" append-to=undefined class="left-0 right-0 top-[10vh] mx-auto flex max-h-[80%] flex-col p-0 sm:rounded-[var(--radius)] w-[900px] border border-border duration-300"  ... > 
  at <DialogRoot modal=false open=true onUpdate:open=fn > 
  at <Dialog modal=false open=true onUpdate:open=fn > 
  at <Modal modalApi= ModalApi > 
  at <VbenModal> 
  at <Page auto-content-height="" > 
  at <ApiTestingTestStep > 
  at <ApiTestingTestStep onVnodeUnmounted=fn<onVnodeUnmounted> ref=Ref< Proxy(Object) > key="/plugins/teststep" > 
  at <KeepAlive key=0 exclude= [] include= [ApiTesting, ApiTestingTestReportDetail, ApiTestingDashboard, ApiTestingVariable, ApiTestingBatchReport, ApiTestingTestCase, ApiTestingExecutionStream, ApiTestingTestStep, ApiTestingTestReport, ApiTestingProject] > 
  at <BaseTransition mode="out-in" appear=true persisted=false  ... > 
  at <Transition key=0 name="fade-slide" appear=""  ... > 
  at <RouterView> 
  at <LayoutContent> 
  at <LayoutContent id="__vben_main_content" content-compact="wide" content-compact-width=1200  ... > 
  at <VbenLayout sidebar-extra-visible=true onUpdate:sidebarExtraVisible=fn content-compact="wide"  ... > 
  at <BasicLayout onClearPreferencesAndLogout=fn<handleLogout> > 
  at <Basic onVnodeUnmounted=fn<onVnodeUnmounted> ref=Ref< Proxy(Object) > > 
  at <RouterView> 
  at <Anonymous message= {} notification= {} > 
  at <AApp> 
  at <LocaleProvider locale= {locale: zh-cn, Pagination: Object, DatePicker: Object, TimePicker: Object, Calendar: Object} _ANT_MARK__="internalMark" > 
  at <Anonymous prefixCls="anticon" csp=undefined layer=undefined > 
  at <Anonymous value= {override: Object, hashed: false, theme: Theme, token: Object, components: Object} > 
  at <Anonymous parentContext= {getPrefixCls: , iconPrefixCls: anticon} locale= {locale: zh-cn, Pagination: Object, DatePicker: Object, TimePicker: Object, Calendar: Object} theme= {algorithm: Array(1), token: Proxy(Object)}  ... > 
  at <AConfigProvider locale= {locale: zh-cn, Pagination: Object, DatePicker: Object, TimePicker: Object, Calendar: Object} theme= {algorithm: Array(1), token: Proxy(Object)} > 
  at <App> @ http://localhost:5173/node_modules/.vite/deps/chunk-NUZEDWKZ.js?v=eff7922a:1936
[ 2081845ms] [WARNING] [Vue warn]: Vue received a Component that was made a reactive object. This can lead to unnecessary performance overhead and should be avoided by marking the component with `markRaw` or using `shallowRef` instead of `ref`. 
Component that was made reactive:  {__name: CodeMirror, props: Object, emits: Array(3), setup: , __hmrId: 3670bf03} 
  at <PrimitiveSlot id="v-149-form-item" aria-describedby="v-149-form-item-description" aria-invalid=false  ... > 
  at <FormControl class="" > 
  at <FormItem class="flex-row items-center pb-4 relative flex flex-shrink-0" > 
  at <Field key=0 keepValue=true label="请求头"  ... > 
  at <FormField ref_for=true colon=false disabled=undefined  ... > 
  at <Form onKeydown=fn formApi= FormApi actionButtonsReverse=undefined  ... > 
  at <VbenUseForm formApi= FormApi > 
  at <VbenUseForm> 
  at <Primitive ref=fn<forwardRef> as-child=false as=undefined  ... > 
  at <DismissableLayer tabindex="-1" onKeydown=fn<handleKeyDown> style= {position: fixed}  ... > 
  at <PrimitiveSlot tabindex="-1" onKeydown=fn<handleKeyDown> style= {position: fixed}  ... > 
  at <Primitive ref_key="currentRef" ref=Ref< Proxy(Object) > tabindex="-1"  ... > 
  at <FocusScope as-child="" loop="" trapped=false  ... > 
  at <DialogContentImpl as=undefined forceMount=false trapFocus=false  ... > 
  at <DialogContentNonModal key=1 ref=fn<ref> forceMount=false  ... > 
  at <Presence present=false style= {position: fixed} onAnimationend=fn<onAnimationEnd>  ... > 
  at <DialogContent ref="contentRef" style= {position: fixed} onAnimationend=fn<onAnimationEnd>  ... > 
  at <DialogContent ref="contentRef" append-to=undefined class="left-0 right-0 top-[10vh] mx-auto flex max-h-[80%] flex-col p-0 sm:rounded-[var(--radius)] w-[900px] border border-border duration-300"  ... > 
  at <DialogRoot modal=false open=false onUpdate:open=fn > 
  at <Dialog modal=false open=false onUpdate:open=fn > 
  at <Modal modalApi= ModalApi > 
  at <VbenModal> 
  at <Page auto-content-height="" > 
  at <ApiTestingTestStep > 
  at <ApiTestingTestStep onVnodeUnmounted=fn<onVnodeUnmounted> ref=Ref< Proxy(Object) > key="/plugins/teststep" > 
  at <KeepAlive key=0 exclude= [] include= [ApiTesting, ApiTestingTestReportDetail, ApiTestingDashboard, ApiTestingVariable, ApiTestingBatchReport, ApiTestingTestCase, ApiTestingExecutionStream, ApiTestingTestStep, ApiTestingTestReport, ApiTestingProject] > 
  at <BaseTransition mode="out-in" appear=true persisted=false  ... > 
  at <Transition key=0 name="fade-slide" appear=""  ... > 
  at <RouterView> 
  at <LayoutContent> 
  at <LayoutContent id="__vben_main_content" content-compact="wide" content-compact-width=1200  ... > 
  at <VbenLayout sidebar-extra-visible=true onUpdate:sidebarExtraVisible=fn content-compact="wide"  ... > 
  at <BasicLayout onClearPreferencesAndLogout=fn<handleLogout> > 
  at <Basic onVnodeUnmounted=fn<onVnodeUnmounted> ref=Ref< Proxy(Object) > > 
  at <RouterView> 
  at <Anonymous message= {} notification= {} > 
  at <AApp> 
  at <LocaleProvider locale= {locale: zh-cn, Pagination: Object, DatePicker: Object, TimePicker: Object, Calendar: Object} _ANT_MARK__="internalMark" > 
  at <Anonymous prefixCls="anticon" csp=undefined layer=undefined > 
  at <Anonymous value= {override: Object, hashed: false, theme: Theme, token: Object, components: Object} > 
  at <Anonymous parentContext= {getPrefixCls: , iconPrefixCls: anticon} locale= {locale: zh-cn, Pagination: Object, DatePicker: Object, TimePicker: Object, Calendar: Object} theme= {algorithm: Array(1), token: Proxy(Object)}  ... > 
  at <AConfigProvider locale= {locale: zh-cn, Pagination: Object, DatePicker: Object, TimePicker: Object, Calendar: Object} theme= {algorithm: Array(1), token: Proxy(Object)} > 
  at <App> @ http://localhost:5173/node_modules/.vite/deps/chunk-NUZEDWKZ.js?v=eff7922a:1936
[ 2081848ms] [WARNING] [Vue warn]: Vue received a Component that was made a reactive object. This can lead to unnecessary performance overhead and should be avoided by marking the component with `markRaw` or using `shallowRef` instead of `ref`. 
Component that was made reactive:  {__name: CodeMirror, props: Object, emits: Array(3), setup: , __hmrId: 3670bf03} 
  at <PrimitiveSlot id="v-150-form-item" aria-describedby="v-150-form-item-description" aria-invalid=false  ... > 
  at <FormControl class="" > 
  at <FormItem class="flex-row items-center pb-4 relative flex flex-shrink-0" > 
  at <Field key=0 keepValue=true label="查询参数"  ... > 
  at <FormField ref_for=true colon=false disabled=undefined  ... > 
  at <Form onKeydown=fn formApi= FormApi actionButtonsReverse=undefined  ... > 
  at <VbenUseForm formApi= FormApi > 
  at <VbenUseForm> 
  at <Primitive ref=fn<forwardRef> as-child=false as=undefined  ... > 
  at <DismissableLayer tabindex="-1" onKeydown=fn<handleKeyDown> style= {position: fixed}  ... > 
  at <PrimitiveSlot tabindex="-1" onKeydown=fn<handleKeyDown> style= {position: fixed}  ... > 
  at <Primitive ref_key="currentRef" ref=Ref< Proxy(Object) > tabindex="-1"  ... > 
  at <FocusScope as-child="" loop="" trapped=false  ... > 
  at <DialogContentImpl as=undefined forceMount=false trapFocus=false  ... > 
  at <DialogContentNonModal key=1 ref=fn<ref> forceMount=false  ... > 
  at <Presence present=false style= {position: fixed} onAnimationend=fn<onAnimationEnd>  ... > 
  at <DialogContent ref="contentRef" style= {position: fixed} onAnimationend=fn<onAnimationEnd>  ... > 
  at <DialogContent ref="contentRef" append-to=undefined class="left-0 right-0 top-[10vh] mx-auto flex max-h-[80%] flex-col p-0 sm:rounded-[var(--radius)] w-[900px] border border-border duration-300"  ... > 
  at <DialogRoot modal=false open=false onUpdate:open=fn > 
  at <Dialog modal=false open=false onUpdate:open=fn > 
  at <Modal modalApi= ModalApi > 
  at <VbenModal> 
  at <Page auto-content-height="" > 
  at <ApiTestingTestStep > 
  at <ApiTestingTestStep onVnodeUnmounted=fn<onVnodeUnmounted> ref=Ref< Proxy(Object) > key="/plugins/teststep" > 
  at <KeepAlive key=0 exclude= [] include= [ApiTesting, ApiTestingTestReportDetail, ApiTestingDashboard, ApiTestingVariable, ApiTestingBatchReport, ApiTestingTestCase, ApiTestingExecutionStream, ApiTestingTestStep, ApiTestingTestReport, ApiTestingProject] > 
  at <BaseTransition mode="out-in" appear=true persisted=false  ... > 
  at <Transition key=0 name="fade-slide" appear=""  ... > 
  at <RouterView> 
  at <LayoutContent> 
  at <LayoutContent id="__vben_main_content" content-compact="wide" content-compact-width=1200  ... > 
  at <VbenLayout sidebar-extra-visible=true onUpdate:sidebarExtraVisible=fn content-compact="wide"  ... > 
  at <BasicLayout onClearPreferencesAndLogout=fn<handleLogout> > 
  at <Basic onVnodeUnmounted=fn<onVnodeUnmounted> ref=Ref< Proxy(Object) > > 
  at <RouterView> 
  at <Anonymous message= {} notification= {} > 
  at <AApp> 
  at <LocaleProvider locale= {locale: zh-cn, Pagination: Object, DatePicker: Object, TimePicker: Object, Calendar: Object} _ANT_MARK__="internalMark" > 
  at <Anonymous prefixCls="anticon" csp=undefined layer=undefined > 
  at <Anonymous value= {override: Object, hashed: false, theme: Theme, token: Object, components: Object} > 
  at <Anonymous parentContext= {getPrefixCls: , iconPrefixCls: anticon} locale= {locale: zh-cn, Pagination: Object, DatePicker: Object, TimePicker: Object, Calendar: Object} theme= {algorithm: Array(1), token: Proxy(Object)}  ... > 
  at <AConfigProvider locale= {locale: zh-cn, Pagination: Object, DatePicker: Object, TimePicker: Object, Calendar: Object} theme= {algorithm: Array(1), token: Proxy(Object)} > 
  at <App> @ http://localhost:5173/node_modules/.vite/deps/chunk-NUZEDWKZ.js?v=eff7922a:1936
[ 2081853ms] [WARNING] [Vue warn]: Vue received a Component that was made a reactive object. This can lead to unnecessary performance overhead and should be avoided by marking the component with `markRaw` or using `shallowRef` instead of `ref`. 
Component that was made reactive:  {__name: CodeMirror, props: Object, emits: Array(3), setup: , __hmrId: 3670bf03} 
  at <PrimitiveSlot id="v-151-form-item" aria-describedby="v-151-form-item-description" aria-invalid=false  ... > 
  at <FormControl class="" > 
  at <FormItem class="flex-row items-center pb-4 relative flex flex-shrink-0" > 
  at <Field key=0 keepValue=true label="请求体"  ... > 
  at <FormField ref_for=true colon=false disabled=undefined  ... > 
  at <Form onKeydown=fn formApi= FormApi actionButtonsReverse=undefined  ... > 
  at <VbenUseForm formApi= FormApi > 
  at <VbenUseForm> 
  at <Primitive ref=fn<forwardRef> as-child=false as=undefined  ... > 
  at <DismissableLayer tabindex="-1" onKeydown=fn<handleKeyDown> style= {position: fixed}  ... > 
  at <PrimitiveSlot tabindex="-1" onKeydown=fn<handleKeyDown> style= {position: fixed}  ... > 
  at <Primitive ref_key="currentRef" ref=Ref< Proxy(Object) > tabindex="-1"  ... > 
  at <FocusScope as-child="" loop="" trapped=false  ... > 
  at <DialogContentImpl as=undefined forceMount=false trapFocus=false  ... > 
  at <DialogContentNonModal key=1 ref=fn<ref> forceMount=false  ... > 
  at <Presence present=false style= {position: fixed} onAnimationend=fn<onAnimationEnd>  ... > 
  at <DialogContent ref="contentRef" style= {position: fixed} onAnimationend=fn<onAnimationEnd>  ... > 
  at <DialogContent ref="contentRef" append-to=undefined class="left-0 right-0 top-[10vh] mx-auto flex max-h-[80%] flex-col p-0 sm:rounded-[var(--radius)] w-[900px] border border-border duration-300"  ... > 
  at <DialogRoot modal=false open=false onUpdate:open=fn > 
  at <Dialog modal=false open=false onUpdate:open=fn > 
  at <Modal modalApi= ModalApi > 
  at <VbenModal> 
  at <Page auto-content-height="" > 
  at <ApiTestingTestStep > 
  at <ApiTestingTestStep onVnodeUnmounted=fn<onVnodeUnmounted> ref=Ref< Proxy(Object) > key="/plugins/teststep" > 
  at <KeepAlive key=0 exclude= [] include= [ApiTesting, ApiTestingTestReportDetail, ApiTestingDashboard, ApiTestingVariable, ApiTestingBatchReport, ApiTestingTestCase, ApiTestingExecutionStream, ApiTestingTestStep, ApiTestingTestReport, ApiTestingProject] > 
  at <BaseTransition mode="out-in" appear=true persisted=false  ... > 
  at <Transition key=0 name="fade-slide" appear=""  ... > 
  at <RouterView> 
  at <LayoutContent> 
  at <LayoutContent id="__vben_main_content" content-compact="wide" content-compact-width=1200  ... > 
  at <VbenLayout sidebar-extra-visible=true onUpdate:sidebarExtraVisible=fn content-compact="wide"  ... > 
  at <BasicLayout onClearPreferencesAndLogout=fn<handleLogout> > 
  at <Basic onVnodeUnmounted=fn<onVnodeUnmounted> ref=Ref< Proxy(Object) > > 
  at <RouterView> 
  at <Anonymous message= {} notification= {} > 
  at <AApp> 
  at <LocaleProvider locale= {locale: zh-cn, Pagination: Object, DatePicker: Object, TimePicker: Object, Calendar: Object} _ANT_MARK__="internalMark" > 
  at <Anonymous prefixCls="anticon" csp=undefined layer=undefined > 
  at <Anonymous value= {override: Object, hashed: false, theme: Theme, token: Object, components: Object} > 
  at <Anonymous parentContext= {getPrefixCls: , iconPrefixCls: anticon} locale= {locale: zh-cn, Pagination: Object, DatePicker: Object, TimePicker: Object, Calendar: Object} theme= {algorithm: Array(1), token: Proxy(Object)}  ... > 
  at <AConfigProvider locale= {locale: zh-cn, Pagination: Object, DatePicker: Object, TimePicker: Object, Calendar: Object} theme= {algorithm: Array(1), token: Proxy(Object)} > 
  at <App> @ http://localhost:5173/node_modules/.vite/deps/chunk-NUZEDWKZ.js?v=eff7922a:1936
[ 2081859ms] [WARNING] [Vue warn]: Vue received a Component that was made a reactive object. This can lead to unnecessary performance overhead and should be avoided by marking the component with `markRaw` or using `shallowRef` instead of `ref`. 
Component that was made reactive:  {__name: CodeMirror, props: Object, emits: Array(3), setup: , __hmrId: 3670bf03} 
  at <PrimitiveSlot id="v-152-form-item" aria-describedby="v-152-form-item-description" aria-invalid=false  ... > 
  at <FormControl class="" > 
  at <FormItem class="flex-row items-center pb-4 relative flex flex-shrink-0" > 
  at <Field key=0 keepValue=true label="文件上传"  ... > 
  at <FormField ref_for=true colon=false disabled=undefined  ... > 
  at <Form onKeydown=fn formApi= FormApi actionButtonsReverse=undefined  ... > 
  at <VbenUseForm formApi= FormApi > 
  at <VbenUseForm> 
  at <Primitive ref=fn<forwardRef> as-child=false as=undefined  ... > 
  at <DismissableLayer tabindex="-1" onKeydown=fn<handleKeyDown> style= {position: fixed}  ... > 
  at <PrimitiveSlot tabindex="-1" onKeydown=fn<handleKeyDown> style= {position: fixed}  ... > 
  at <Primitive ref_key="currentRef" ref=Ref< Proxy(Object) > tabindex="-1"  ... > 
  at <FocusScope as-child="" loop="" trapped=false  ... > 
  at <DialogContentImpl as=undefined forceMount=false trapFocus=false  ... > 
  at <DialogContentNonModal key=1 ref=fn<ref> forceMount=false  ... > 
  at <Presence present=false style= {position: fixed} onAnimationend=fn<onAnimationEnd>  ... > 
  at <DialogContent ref="contentRef" style= {position: fixed} onAnimationend=fn<onAnimationEnd>  ... > 
  at <DialogContent ref="contentRef" append-to=undefined class="left-0 right-0 top-[10vh] mx-auto flex max-h-[80%] flex-col p-0 sm:rounded-[var(--radius)] w-[900px] border border-border duration-300"  ... > 
  at <DialogRoot modal=false open=false onUpdate:open=fn > 
  at <Dialog modal=false open=false onUpdate:open=fn > 
  at <Modal modalApi= ModalApi > 
  at <VbenModal> 
  at <Page auto-content-height="" > 
  at <ApiTestingTestStep > 
  at <ApiTestingTestStep onVnodeUnmounted=fn<onVnodeUnmounted> ref=Ref< Proxy(Object) > key="/plugins/teststep" > 
  at <KeepAlive key=0 exclude= [] include= [ApiTesting, ApiTestingTestReportDetail, ApiTestingDashboard, ApiTestingVariable, ApiTestingBatchReport, ApiTestingTestCase, ApiTestingExecutionStream, ApiTestingTestStep, ApiTestingTestReport, ApiTestingProject] > 
  at <BaseTransition mode="out-in" appear=true persisted=false  ... > 
  at <Transition key=0 name="fade-slide" appear=""  ... > 
  at <RouterView> 
  at <LayoutContent> 
  at <LayoutContent id="__vben_main_content" content-compact="wide" content-compact-width=1200  ... > 
  at <VbenLayout sidebar-extra-visible=true onUpdate:sidebarExtraVisible=fn content-compact="wide"  ... > 
  at <BasicLayout onClearPreferencesAndLogout=fn<handleLogout> > 
  at <Basic onVnodeUnmounted=fn<onVnodeUnmounted> ref=Ref< Proxy(Object) > > 
  at <RouterView> 
  at <Anonymous message= {} notification= {} > 
  at <AApp> 
  at <LocaleProvider locale= {locale: zh-cn, Pagination: Object, DatePicker: Object, TimePicker: Object, Calendar: Object} _ANT_MARK__="internalMark" > 
  at <Anonymous prefixCls="anticon" csp=undefined layer=undefined > 
  at <Anonymous value= {override: Object, hashed: false, theme: Theme, token: Object, components: Object} > 
  at <Anonymous parentContext= {getPrefixCls: , iconPrefixCls: anticon} locale= {locale: zh-cn, Pagination: Object, DatePicker: Object, TimePicker: Object, Calendar: Object} theme= {algorithm: Array(1), token: Proxy(Object)}  ... > 
  at <AConfigProvider locale= {locale: zh-cn, Pagination: Object, DatePicker: Object, TimePicker: Object, Calendar: Object} theme= {algorithm: Array(1), token: Proxy(Object)} > 
  at <App> @ http://localhost:5173/node_modules/.vite/deps/chunk-NUZEDWKZ.js?v=eff7922a:1936
[ 2081866ms] [WARNING] [Vue warn]: Vue received a Component that was made a reactive object. This can lead to unnecessary performance overhead and should be avoided by marking the component with `markRaw` or using `shallowRef` instead of `ref`. 
Component that was made reactive:  {__name: CodeMirror, props: Object, emits: Array(3), setup: , __hmrId: 3670bf03} 
  at <PrimitiveSlot id="v-153-form-item" aria-describedby="v-153-form-item-description" aria-invalid=false  ... > 
  at <FormControl class="" > 
  at <FormItem class="flex-row items-center pb-4 relative flex flex-shrink-0" > 
  at <Field key=0 keepValue=true label="认证信息"  ... > 
  at <FormField ref_for=true colon=false disabled=undefined  ... > 
  at <Form onKeydown=fn formApi= FormApi actionButtonsReverse=undefined  ... > 
  at <VbenUseForm formApi= FormApi > 
  at <VbenUseForm> 
  at <Primitive ref=fn<forwardRef> as-child=false as=undefined  ... > 
  at <DismissableLayer tabindex="-1" onKeydown=fn<handleKeyDown> style= {position: fixed}  ... > 
  at <PrimitiveSlot tabindex="-1" onKeydown=fn<handleKeyDown> style= {position: fixed}  ... > 
  at <Primitive ref_key="currentRef" ref=Ref< Proxy(Object) > tabindex="-1"  ... > 
  at <FocusScope as-child="" loop="" trapped=false  ... > 
  at <DialogContentImpl as=undefined forceMount=false trapFocus=false  ... > 
  at <DialogContentNonModal key=1 ref=fn<ref> forceMount=false  ... > 
  at <Presence present=false style= {position: fixed} onAnimationend=fn<onAnimationEnd>  ... > 
  at <DialogContent ref="contentRef" style= {position: fixed} onAnimationend=fn<onAnimationEnd>  ... > 
  at <DialogContent ref="contentRef" append-to=undefined class="left-0 right-0 top-[10vh] mx-auto flex max-h-[80%] flex-col p-0 sm:rounded-[var(--radius)] w-[900px] border border-border duration-300"  ... > 
  at <DialogRoot modal=false open=false onUpdate:open=fn > 
  at <Dialog modal=false open=false onUpdate:open=fn > 
  at <Modal modalApi= ModalApi > 
  at <VbenModal> 
  at <Page auto-content-height="" > 
  at <ApiTestingTestStep > 
  at <ApiTestingTestStep onVnodeUnmounted=fn<onVnodeUnmounted> ref=Ref< Proxy(Object) > key="/plugins/teststep" > 
  at <KeepAlive key=0 exclude= [] include= [ApiTesting, ApiTestingTestReportDetail, ApiTestingDashboard, ApiTestingVariable, ApiTestingBatchReport, ApiTestingTestCase, ApiTestingExecutionStream, ApiTestingTestStep, ApiTestingTestReport, ApiTestingProject] > 
  at <BaseTransition mode="out-in" appear=true persisted=false  ... > 
  at <Transition key=0 name="fade-slide" appear=""  ... > 
  at <RouterView> 
  at <LayoutContent> 
  at <LayoutContent id="__vben_main_content" content-compact="wide" content-compact-width=1200  ... > 
  at <VbenLayout sidebar-extra-visible=true onUpdate:sidebarExtraVisible=fn content-compact="wide"  ... > 
  at <BasicLayout onClearPreferencesAndLogout=fn<handleLogout> > 
  at <Basic onVnodeUnmounted=fn<onVnodeUnmounted> ref=Ref< Proxy(Object) > > 
  at <RouterView> 
  at <Anonymous message= {} notification= {} > 
  at <AApp> 
  at <LocaleProvider locale= {locale: zh-cn, Pagination: Object, DatePicker: Object, TimePicker: Object, Calendar: Object} _ANT_MARK__="internalMark" > 
  at <Anonymous prefixCls="anticon" csp=undefined layer=undefined > 
  at <Anonymous value= {override: Object, hashed: false, theme: Theme, token: Object, components: Object} > 
  at <Anonymous parentContext= {getPrefixCls: , iconPrefixCls: anticon} locale= {locale: zh-cn, Pagination: Object, DatePicker: Object, TimePicker: Object, Calendar: Object} theme= {algorithm: Array(1), token: Proxy(Object)}  ... > 
  at <AConfigProvider locale= {locale: zh-cn, Pagination: Object, DatePicker: Object, TimePicker: Object, Calendar: Object} theme= {algorithm: Array(1), token: Proxy(Object)} > 
  at <App> @ http://localhost:5173/node_modules/.vite/deps/chunk-NUZEDWKZ.js?v=eff7922a:1936
[ 2081876ms] [WARNING] [Vue warn]: Vue received a Component that was made a reactive object. This can lead to unnecessary performance overhead and should be avoided by marking the component with `markRaw` or using `shallowRef` instead of `ref`. 
Component that was made reactive:  {__name: CodeMirror, props: Object, emits: Array(3), setup: , __hmrId: 3670bf03} 
  at <PrimitiveSlot id="v-154-form-item" aria-describedby="v-154-form-item-description" aria-invalid=false  ... > 
  at <FormControl class="" > 
  at <FormItem class="flex-row items-center pb-4 relative flex flex-shrink-0" > 
  at <Field key=0 keepValue=true label="变量提取"  ... > 
  at <FormField ref_for=true colon=false disabled=undefined  ... > 
  at <Form onKeydown=fn formApi= FormApi actionButtonsReverse=undefined  ... > 
  at <VbenUseForm formApi= FormApi > 
  at <VbenUseForm> 
  at <Primitive ref=fn<forwardRef> as-child=false as=undefined  ... > 
  at <DismissableLayer tabindex="-1" onKeydown=fn<handleKeyDown> style= {position: fixed}  ... > 
  at <PrimitiveSlot tabindex="-1" onKeydown=fn<handleKeyDown> style= {position: fixed}  ... > 
  at <Primitive ref_key="currentRef" ref=Ref< Proxy(Object) > tabindex="-1"  ... > 
  at <FocusScope as-child="" loop="" trapped=false  ... > 
  at <DialogContentImpl as=undefined forceMount=false trapFocus=false  ... > 
  at <DialogContentNonModal key=1 ref=fn<ref> forceMount=false  ... > 
  at <Presence present=false style= {position: fixed} onAnimationend=fn<onAnimationEnd>  ... > 
  at <DialogContent ref="contentRef" style= {position: fixed} onAnimationend=fn<onAnimationEnd>  ... > 
  at <DialogContent ref="contentRef" append-to=undefined class="left-0 right-0 top-[10vh] mx-auto flex max-h-[80%] flex-col p-0 sm:rounded-[var(--radius)] w-[900px] border border-border duration-300"  ... > 
  at <DialogRoot modal=false open=false onUpdate:open=fn > 
  at <Dialog modal=false open=false onUpdate:open=fn > 
  at <Modal modalApi= ModalApi > 
  at <VbenModal> 
  at <Page auto-content-height="" > 
  at <ApiTestingTestStep > 
  at <ApiTestingTestStep onVnodeUnmounted=fn<onVnodeUnmounted> ref=Ref< Proxy(Object) > key="/plugins/teststep" > 
  at <KeepAlive key=0 exclude= [] include= [ApiTesting, ApiTestingTestReportDetail, ApiTestingDashboard, ApiTestingVariable, ApiTestingBatchReport, ApiTestingTestCase, ApiTestingExecutionStream, ApiTestingTestStep, ApiTestingTestReport, ApiTestingProject] > 
  at <BaseTransition mode="out-in" appear=true persisted=false  ... > 
  at <Transition key=0 name="fade-slide" appear=""  ... > 
  at <RouterView> 
  at <LayoutContent> 
  at <LayoutContent id="__vben_main_content" content-compact="wide" content-compact-width=1200  ... > 
  at <VbenLayout sidebar-extra-visible=true onUpdate:sidebarExtraVisible=fn content-compact="wide"  ... > 
  at <BasicLayout onClearPreferencesAndLogout=fn<handleLogout> > 
  at <Basic onVnodeUnmounted=fn<onVnodeUnmounted> ref=Ref< Proxy(Object) > > 
  at <RouterView> 
  at <Anonymous message= {} notification= {} > 
  at <AApp> 
  at <LocaleProvider locale= {locale: zh-cn, Pagination: Object, DatePicker: Object, TimePicker: Object, Calendar: Object} _ANT_MARK__="internalMark" > 
  at <Anonymous prefixCls="anticon" csp=undefined layer=undefined > 
  at <Anonymous value= {override: Object, hashed: false, theme: Theme, token: Object, components: Object} > 
  at <Anonymous parentContext= {getPrefixCls: , iconPrefixCls: anticon} locale= {locale: zh-cn, Pagination: Object, DatePicker: Object, TimePicker: Object, Calendar: Object} theme= {algorithm: Array(1), token: Proxy(Object)}  ... > 
  at <AConfigProvider locale= {locale: zh-cn, Pagination: Object, DatePicker: Object, TimePicker: Object, Calendar: Object} theme= {algorithm: Array(1), token: Proxy(Object)} > 
  at <App> @ http://localhost:5173/node_modules/.vite/deps/chunk-NUZEDWKZ.js?v=eff7922a:1936
[ 2081884ms] [WARNING] [Vue warn]: Vue received a Component that was made a reactive object. This can lead to unnecessary performance overhead and should be avoided by marking the component with `markRaw` or using `shallowRef` instead of `ref`. 
Component that was made reactive:  {__name: CodeMirror, props: Object, emits: Array(3), setup: , __hmrId: 3670bf03} 
  at <PrimitiveSlot id="v-155-form-item" aria-describedby="v-155-form-item-description" aria-invalid=false  ... > 
  at <FormControl class="" > 
  at <FormItem class="flex-row items-center pb-4 relative flex flex-shrink-0" > 
  at <Field key=0 keepValue=true label="断言规则"  ... > 
  at <FormField ref_for=true colon=false disabled=undefined  ... > 
  at <Form onKeydown=fn formApi= FormApi actionButtonsReverse=undefined  ... > 
  at <VbenUseForm formApi= FormApi > 
  at <VbenUseForm> 
  at <Primitive ref=fn<forwardRef> as-child=false as=undefined  ... > 
  at <DismissableLayer tabindex="-1" onKeydown=fn<handleKeyDown> style= {position: fixed}  ... > 
  at <PrimitiveSlot tabindex="-1" onKeydown=fn<handleKeyDown> style= {position: fixed}  ... > 
  at <Primitive ref_key="currentRef" ref=Ref< Proxy(Object) > tabindex="-1"  ... > 
  at <FocusScope as-child="" loop="" trapped=false  ... > 
  at <DialogContentImpl as=undefined forceMount=false trapFocus=false  ... > 
  at <DialogContentNonModal key=1 ref=fn<ref> forceMount=false  ... > 
  at <Presence present=false style= {position: fixed} onAnimationend=fn<onAnimationEnd>  ... > 
  at <DialogContent ref="contentRef" style= {position: fixed} onAnimationend=fn<onAnimationEnd>  ... > 
  at <DialogContent ref="contentRef" append-to=undefined class="left-0 right-0 top-[10vh] mx-auto flex max-h-[80%] flex-col p-0 sm:rounded-[var(--radius)] w-[900px] border border-border duration-300"  ... > 
  at <DialogRoot modal=false open=false onUpdate:open=fn > 
  at <Dialog modal=false open=false onUpdate:open=fn > 
  at <Modal modalApi= ModalApi > 
  at <VbenModal> 
  at <Page auto-content-height="" > 
  at <ApiTestingTestStep > 
  at <ApiTestingTestStep onVnodeUnmounted=fn<onVnodeUnmounted> ref=Ref< Proxy(Object) > key="/plugins/teststep" > 
  at <KeepAlive key=0 exclude= [] include= [ApiTesting, ApiTestingTestReportDetail, ApiTestingDashboard, ApiTestingVariable, ApiTestingBatchReport, ApiTestingTestCase, ApiTestingExecutionStream, ApiTestingTestStep, ApiTestingTestReport, ApiTestingProject] > 
  at <BaseTransition mode="out-in" appear=true persisted=false  ... > 
  at <Transition key=0 name="fade-slide" appear=""  ... > 
  at <RouterView> 
  at <LayoutContent> 
  at <LayoutContent id="__vben_main_content" content-compact="wide" content-compact-width=1200  ... > 
  at <VbenLayout sidebar-extra-visible=true onUpdate:sidebarExtraVisible=fn content-compact="wide"  ... > 
  at <BasicLayout onClearPreferencesAndLogout=fn<handleLogout> > 
  at <Basic onVnodeUnmounted=fn<onVnodeUnmounted> ref=Ref< Proxy(Object) > > 
  at <RouterView> 
  at <Anonymous message= {} notification= {} > 
  at <AApp> 
  at <LocaleProvider locale= {locale: zh-cn, Pagination: Object, DatePicker: Object, TimePicker: Object, Calendar: Object} _ANT_MARK__="internalMark" > 
  at <Anonymous prefixCls="anticon" csp=undefined layer=undefined > 
  at <Anonymous value= {override: Object, hashed: false, theme: Theme, token: Object, components: Object} > 
  at <Anonymous parentContext= {getPrefixCls: , iconPrefixCls: anticon} locale= {locale: zh-cn, Pagination: Object, DatePicker: Object, TimePicker: Object, Calendar: Object} theme= {algorithm: Array(1), token: Proxy(Object)}  ... > 
  at <AConfigProvider locale= {locale: zh-cn, Pagination: Object, DatePicker: Object, TimePicker: Object, Calendar: Object} theme= {algorithm: Array(1), token: Proxy(Object)} > 
  at <App> @ http://localhost:5173/node_modules/.vite/deps/chunk-NUZEDWKZ.js?v=eff7922a:1936
[ 2081893ms] [WARNING] [Vue warn]: Vue received a Component that was made a reactive object. This can lead to unnecessary performance overhead and should be avoided by marking the component with `markRaw` or using `shallowRef` instead of `ref`. 
Component that was made reactive:  {__name: CodeMirror, props: Object, emits: Array(3), setup: , __hmrId: 3670bf03} 
  at <PrimitiveSlot id="v-156-form-item" aria-describedby="v-156-form-item-description" aria-invalid=false  ... > 
  at <FormControl class="" > 
  at <FormItem class="flex-row items-center pb-4 relative flex flex-shrink-0" > 
  at <Field key=0 keepValue=true label="SQL查询"  ... > 
  at <FormField ref_for=true colon=false disabled=undefined  ... > 
  at <Form onKeydown=fn formApi= FormApi actionButtonsReverse=undefined  ... > 
  at <VbenUseForm formApi= FormApi > 
  at <VbenUseForm> 
  at <Primitive ref=fn<forwardRef> as-child=false as=undefined  ... > 
  at <DismissableLayer tabindex="-1" onKeydown=fn<handleKeyDown> style= {position: fixed}  ... > 
  at <PrimitiveSlot tabindex="-1" onKeydown=fn<handleKeyDown> style= {position: fixed}  ... > 
  at <Primitive ref_key="currentRef" ref=Ref< Proxy(Object) > tabindex="-1"  ... > 
  at <FocusScope as-child="" loop="" trapped=false  ... > 
  at <DialogContentImpl as=undefined forceMount=false trapFocus=false  ... > 
  at <DialogContentNonModal key=1 ref=fn<ref> forceMount=false  ... > 
  at <Presence present=false style= {position: fixed} onAnimationend=fn<onAnimationEnd>  ... > 
  at <DialogContent ref="contentRef" style= {position: fixed} onAnimationend=fn<onAnimationEnd>  ... > 
  at <DialogContent ref="contentRef" append-to=undefined class="left-0 right-0 top-[10vh] mx-auto flex max-h-[80%] flex-col p-0 sm:rounded-[var(--radius)] w-[900px] border border-border duration-300"  ... > 
  at <DialogRoot modal=false open=false onUpdate:open=fn > 
  at <Dialog modal=false open=false onUpdate:open=fn > 
  at <Modal modalApi= ModalApi > 
  at <VbenModal> 
  at <Page auto-content-height="" > 
  at <ApiTestingTestStep > 
  at <ApiTestingTestStep onVnodeUnmounted=fn<onVnodeUnmounted> ref=Ref< Proxy(Object) > key="/plugins/teststep" > 
  at <KeepAlive key=0 exclude= [] include= [ApiTesting, ApiTestingTestReportDetail, ApiTestingDashboard, ApiTestingVariable, ApiTestingBatchReport, ApiTestingTestCase, ApiTestingExecutionStream, ApiTestingTestStep, ApiTestingTestReport, ApiTestingProject] > 
  at <BaseTransition mode="out-in" appear=true persisted=false  ... > 
  at <Transition key=0 name="fade-slide" appear=""  ... > 
  at <RouterView> 
  at <LayoutContent> 
  at <LayoutContent id="__vben_main_content" content-compact="wide" content-compact-width=1200  ... > 
  at <VbenLayout sidebar-extra-visible=true onUpdate:sidebarExtraVisible=fn content-compact="wide"  ... > 
  at <BasicLayout onClearPreferencesAndLogout=fn<handleLogout> > 
  at <Basic onVnodeUnmounted=fn<onVnodeUnmounted> ref=Ref< Proxy(Object) > > 
  at <RouterView> 
  at <Anonymous message= {} notification= {} > 
  at <AApp> 
  at <LocaleProvider locale= {locale: zh-cn, Pagination: Object, DatePicker: Object, TimePicker: Object, Calendar: Object} _ANT_MARK__="internalMark" > 
  at <Anonymous prefixCls="anticon" csp=undefined layer=undefined > 
  at <Anonymous value= {override: Object, hashed: false, theme: Theme, token: Object, components: Object} > 
  at <Anonymous parentContext= {getPrefixCls: , iconPrefixCls: anticon} locale= {locale: zh-cn, Pagination: Object, DatePicker: Object, TimePicker: Object, Calendar: Object} theme= {algorithm: Array(1), token: Proxy(Object)}  ... > 
  at <AConfigProvider locale= {locale: zh-cn, Pagination: Object, DatePicker: Object, TimePicker: Object, Calendar: Object} theme= {algorithm: Array(1), token: Proxy(Object)} > 
  at <App> @ http://localhost:5173/node_modules/.vite/deps/chunk-NUZEDWKZ.js?v=eff7922a:1936
[ 2082654ms] [WARNING] [Vue warn]: Vue received a Component that was made a reactive object. This can lead to unnecessary performance overhead and should be avoided by marking the component with `markRaw` or using `shallowRef` instead of `ref`. 
Component that was made reactive:  {__name: CodeMirror, props: Object, emits: Array(3), setup: , __hmrId: 3670bf03} 
  at <PrimitiveSlot id="v-168-form-item" aria-describedby="v-168-form-item-description" aria-invalid=false  ... > 
  at <FormControl class="" > 
  at <FormItem class="flex-row items-center pb-4 relative flex flex-shrink-0" > 
  at <Field key=0 keepValue=true label="请求头"  ... > 
  at <FormField ref_for=true colon=false disabled=undefined  ... > 
  at <Form onKeydown=fn formApi= FormApi actionButtonsReverse=undefined  ... > 
  at <VbenUseForm formApi= FormApi > 
  at <VbenUseForm> 
  at <Primitive ref=fn<forwardRef> as-child=false as=undefined  ... > 
  at <DismissableLayer tabindex="-1" onKeydown=fn<handleKeyDown> style= {position: fixed}  ... > 
  at <PrimitiveSlot tabindex="-1" onKeydown=fn<handleKeyDown> style= {position: fixed}  ... > 
  at <Primitive ref_key="currentRef" ref=Ref< undefined > tabindex="-1"  ... > 
  at <FocusScope as-child="" loop="" trapped=false  ... > 
  at <DialogContentImpl as=undefined forceMount=false trapFocus=false  ... > 
  at <DialogContentNonModal key=1 ref=fn<ref> forceMount=false  ... > 
  at <Presence present=true style= {position: fixed} onAnimationend=fn<onAnimationEnd>  ... > 
  at <DialogContent ref="contentRef" style= {position: fixed} onAnimationend=fn<onAnimationEnd>  ... > 
  at <DialogContent ref="contentRef" append-to=undefined class="left-0 right-0 top-[10vh] mx-auto flex max-h-[80%] flex-col p-0 sm:rounded-[var(--radius)] w-[900px] border border-border duration-300"  ... > 
  at <DialogRoot modal=false open=true onUpdate:open=fn > 
  at <Dialog modal=false open=true onUpdate:open=fn > 
  at <Modal modalApi= ModalApi > 
  at <VbenModal> 
  at <Page auto-content-height="" > 
  at <ApiTestingTestStep > 
  at <ApiTestingTestStep onVnodeUnmounted=fn<onVnodeUnmounted> ref=Ref< Proxy(Object) > key="/plugins/teststep" > 
  at <KeepAlive key=0 exclude= [] include= [ApiTesting, ApiTestingTestReportDetail, ApiTestingDashboard, ApiTestingVariable, ApiTestingBatchReport, ApiTestingTestCase, ApiTestingExecutionStream, ApiTestingTestStep, ApiTestingTestReport, ApiTestingProject] > 
  at <BaseTransition mode="out-in" appear=true persisted=false  ... > 
  at <Transition key=0 name="fade-slide" appear=""  ... > 
  at <RouterView> 
  at <LayoutContent> 
  at <LayoutContent id="__vben_main_content" content-compact="wide" content-compact-width=1200  ... > 
  at <VbenLayout sidebar-extra-visible=true onUpdate:sidebarExtraVisible=fn content-compact="wide"  ... > 
  at <BasicLayout onClearPreferencesAndLogout=fn<handleLogout> > 
  at <Basic onVnodeUnmounted=fn<onVnodeUnmounted> ref=Ref< Proxy(Object) > > 
  at <RouterView> 
  at <Anonymous message= {} notification= {} > 
  at <AApp> 
  at <LocaleProvider locale= {locale: zh-cn, Pagination: Object, DatePicker: Object, TimePicker: Object, Calendar: Object} _ANT_MARK__="internalMark" > 
  at <Anonymous prefixCls="anticon" csp=undefined layer=undefined > 
  at <Anonymous value= {override: Object, hashed: false, theme: Theme, token: Object, components: Object} > 
  at <Anonymous parentContext= {getPrefixCls: , iconPrefixCls: anticon} locale= {locale: zh-cn, Pagination: Object, DatePicker: Object, TimePicker: Object, Calendar: Object} theme= {algorithm: Array(1), token: Proxy(Object)}  ... > 
  at <AConfigProvider locale= {locale: zh-cn, Pagination: Object, DatePicker: Object, TimePicker: Object, Calendar: Object} theme= {algorithm: Array(1), token: Proxy(Object)} > 
  at <App> @ http://localhost:5173/node_modules/.vite/deps/chunk-NUZEDWKZ.js?v=eff7922a:1936
[ 2082662ms] [WARNING] [Vue warn]: Vue received a Component that was made a reactive object. This can lead to unnecessary performance overhead and should be avoided by marking the component with `markRaw` or using `shallowRef` instead of `ref`. 
Component that was made reactive:  {__name: CodeMirror, props: Object, emits: Array(3), setup: , __hmrId: 3670bf03} 
  at <PrimitiveSlot id="v-169-form-item" aria-describedby="v-169-form-item-description" aria-invalid=false  ... > 
  at <FormControl class="" > 
  at <FormItem class="flex-row items-center pb-4 relative flex flex-shrink-0" > 
  at <Field key=0 keepValue=true label="查询参数"  ... > 
  at <FormField ref_for=true colon=false disabled=undefined  ... > 
  at <Form onKeydown=fn formApi= FormApi actionButtonsReverse=undefined  ... > 
  at <VbenUseForm formApi= FormApi > 
  at <VbenUseForm> 
  at <Primitive ref=fn<forwardRef> as-child=false as=undefined  ... > 
  at <DismissableLayer tabindex="-1" onKeydown=fn<handleKeyDown> style= {position: fixed}  ... > 
  at <PrimitiveSlot tabindex="-1" onKeydown=fn<handleKeyDown> style= {position: fixed}  ... > 
  at <Primitive ref_key="currentRef" ref=Ref< undefined > tabindex="-1"  ... > 
  at <FocusScope as-child="" loop="" trapped=false  ... > 
  at <DialogContentImpl as=undefined forceMount=false trapFocus=false  ... > 
  at <DialogContentNonModal key=1 ref=fn<ref> forceMount=false  ... > 
  at <Presence present=true style= {position: fixed} onAnimationend=fn<onAnimationEnd>  ... > 
  at <DialogContent ref="contentRef" style= {position: fixed} onAnimationend=fn<onAnimationEnd>  ... > 
  at <DialogContent ref="contentRef" append-to=undefined class="left-0 right-0 top-[10vh] mx-auto flex max-h-[80%] flex-col p-0 sm:rounded-[var(--radius)] w-[900px] border border-border duration-300"  ... > 
  at <DialogRoot modal=false open=true onUpdate:open=fn > 
  at <Dialog modal=false open=true onUpdate:open=fn > 
  at <Modal modalApi= ModalApi > 
  at <VbenModal> 
  at <Page auto-content-height="" > 
  at <ApiTestingTestStep > 
  at <ApiTestingTestStep onVnodeUnmounted=fn<onVnodeUnmounted> ref=Ref< Proxy(Object) > key="/plugins/teststep" > 
  at <KeepAlive key=0 exclude= [] include= [ApiTesting, ApiTestingTestReportDetail, ApiTestingDashboard, ApiTestingVariable, ApiTestingBatchReport, ApiTestingTestCase, ApiTestingExecutionStream, ApiTestingTestStep, ApiTestingTestReport, ApiTestingProject] > 
  at <BaseTransition mode="out-in" appear=true persisted=false  ... > 
  at <Transition key=0 name="fade-slide" appear=""  ... > 
  at <RouterView> 
  at <LayoutContent> 
  at <LayoutContent id="__vben_main_content" content-compact="wide" content-compact-width=1200  ... > 
  at <VbenLayout sidebar-extra-visible=true onUpdate:sidebarExtraVisible=fn content-compact="wide"  ... > 
  at <BasicLayout onClearPreferencesAndLogout=fn<handleLogout> > 
  at <Basic onVnodeUnmounted=fn<onVnodeUnmounted> ref=Ref< Proxy(Object) > > 
  at <RouterView> 
  at <Anonymous message= {} notification= {} > 
  at <AApp> 
  at <LocaleProvider locale= {locale: zh-cn, Pagination: Object, DatePicker: Object, TimePicker: Object, Calendar: Object} _ANT_MARK__="internalMark" > 
  at <Anonymous prefixCls="anticon" csp=undefined layer=undefined > 
  at <Anonymous value= {override: Object, hashed: false, theme: Theme, token: Object, components: Object} > 
  at <Anonymous parentContext= {getPrefixCls: , iconPrefixCls: anticon} locale= {locale: zh-cn, Pagination: Object, DatePicker: Object, TimePicker: Object, Calendar: Object} theme= {algorithm: Array(1), token: Proxy(Object)}  ... > 
  at <AConfigProvider locale= {locale: zh-cn, Pagination: Object, DatePicker: Object, TimePicker: Object, Calendar: Object} theme= {algorithm: Array(1), token: Proxy(Object)} > 
  at <App> @ http://localhost:5173/node_modules/.vite/deps/chunk-NUZEDWKZ.js?v=eff7922a:1936
[ 2082668ms] [WARNING] [Vue warn]: Vue received a Component that was made a reactive object. This can lead to unnecessary performance overhead and should be avoided by marking the component with `markRaw` or using `shallowRef` instead of `ref`. 
Component that was made reactive:  {__name: CodeMirror, props: Object, emits: Array(3), setup: , __hmrId: 3670bf03} 
  at <PrimitiveSlot id="v-170-form-item" aria-describedby="v-170-form-item-description" aria-invalid=false  ... > 
  at <FormControl class="" > 
  at <FormItem class="flex-row items-center pb-4 relative flex flex-shrink-0" > 
  at <Field key=0 keepValue=true label="请求体"  ... > 
  at <FormField ref_for=true colon=false disabled=undefined  ... > 
  at <Form onKeydown=fn formApi= FormApi actionButtonsReverse=undefined  ... > 
  at <VbenUseForm formApi= FormApi > 
  at <VbenUseForm> 
  at <Primitive ref=fn<forwardRef> as-child=false as=undefined  ... > 
  at <DismissableLayer tabindex="-1" onKeydown=fn<handleKeyDown> style= {position: fixed}  ... > 
  at <PrimitiveSlot tabindex="-1" onKeydown=fn<handleKeyDown> style= {position: fixed}  ... > 
  at <Primitive ref_key="currentRef" ref=Ref< undefined > tabindex="-1"  ... > 
  at <FocusScope as-child="" loop="" trapped=false  ... > 
  at <DialogContentImpl as=undefined forceMount=false trapFocus=false  ... > 
  at <DialogContentNonModal key=1 ref=fn<ref> forceMount=false  ... > 
  at <Presence present=true style= {position: fixed} onAnimationend=fn<onAnimationEnd>  ... > 
  at <DialogContent ref="contentRef" style= {position: fixed} onAnimationend=fn<onAnimationEnd>  ... > 
  at <DialogContent ref="contentRef" append-to=undefined class="left-0 right-0 top-[10vh] mx-auto flex max-h-[80%] flex-col p-0 sm:rounded-[var(--radius)] w-[900px] border border-border duration-300"  ... > 
  at <DialogRoot modal=false open=true onUpdate:open=fn > 
  at <Dialog modal=false open=true onUpdate:open=fn > 
  at <Modal modalApi= ModalApi > 
  at <VbenModal> 
  at <Page auto-content-height="" > 
  at <ApiTestingTestStep > 
  at <ApiTestingTestStep onVnodeUnmounted=fn<onVnodeUnmounted> ref=Ref< Proxy(Object) > key="/plugins/teststep" > 
  at <KeepAlive key=0 exclude= [] include= [ApiTesting, ApiTestingTestReportDetail, ApiTestingDashboard, ApiTestingVariable, ApiTestingBatchReport, ApiTestingTestCase, ApiTestingExecutionStream, ApiTestingTestStep, ApiTestingTestReport, ApiTestingProject] > 
  at <BaseTransition mode="out-in" appear=true persisted=false  ... > 
  at <Transition key=0 name="fade-slide" appear=""  ... > 
  at <RouterView> 
  at <LayoutContent> 
  at <LayoutContent id="__vben_main_content" content-compact="wide" content-compact-width=1200  ... > 
  at <VbenLayout sidebar-extra-visible=true onUpdate:sidebarExtraVisible=fn content-compact="wide"  ... > 
  at <BasicLayout onClearPreferencesAndLogout=fn<handleLogout> > 
  at <Basic onVnodeUnmounted=fn<onVnodeUnmounted> ref=Ref< Proxy(Object) > > 
  at <RouterView> 
  at <Anonymous message= {} notification= {} > 
  at <AApp> 
  at <LocaleProvider locale= {locale: zh-cn, Pagination: Object, DatePicker: Object, TimePicker: Object, Calendar: Object} _ANT_MARK__="internalMark" > 
  at <Anonymous prefixCls="anticon" csp=undefined layer=undefined > 
  at <Anonymous value= {override: Object, hashed: false, theme: Theme, token: Object, components: Object} > 
  at <Anonymous parentContext= {getPrefixCls: , iconPrefixCls: anticon} locale= {locale: zh-cn, Pagination: Object, DatePicker: Object, TimePicker: Object, Calendar: Object} theme= {algorithm: Array(1), token: Proxy(Object)}  ... > 
  at <AConfigProvider locale= {locale: zh-cn, Pagination: Object, DatePicker: Object, TimePicker: Object, Calendar: Object} theme= {algorithm: Array(1), token: Proxy(Object)} > 
  at <App> @ http://localhost:5173/node_modules/.vite/deps/chunk-NUZEDWKZ.js?v=eff7922a:1936
[ 2082675ms] [WARNING] [Vue warn]: Vue received a Component that was made a reactive object. This can lead to unnecessary performance overhead and should be avoided by marking the component with `markRaw` or using `shallowRef` instead of `ref`. 
Component that was made reactive:  {__name: CodeMirror, props: Object, emits: Array(3), setup: , __hmrId: 3670bf03} 
  at <PrimitiveSlot id="v-171-form-item" aria-describedby="v-171-form-item-description" aria-invalid=false  ... > 
  at <FormControl class="" > 
  at <FormItem class="flex-row items-center pb-4 relative flex flex-shrink-0" > 
  at <Field key=0 keepValue=true label="文件上传"  ... > 
  at <FormField ref_for=true colon=false disabled=undefined  ... > 
  at <Form onKeydown=fn formApi= FormApi actionButtonsReverse=undefined  ... > 
  at <VbenUseForm formApi= FormApi > 
  at <VbenUseForm> 
  at <Primitive ref=fn<forwardRef> as-child=false as=undefined  ... > 
  at <DismissableLayer tabindex="-1" onKeydown=fn<handleKeyDown> style= {position: fixed}  ... > 
  at <PrimitiveSlot tabindex="-1" onKeydown=fn<handleKeyDown> style= {position: fixed}  ... > 
  at <Primitive ref_key="currentRef" ref=Ref< undefined > tabindex="-1"  ... > 
  at <FocusScope as-child="" loop="" trapped=false  ... > 
  at <DialogContentImpl as=undefined forceMount=false trapFocus=false  ... > 
  at <DialogContentNonModal key=1 ref=fn<ref> forceMount=false  ... > 
  at <Presence present=true style= {position: fixed} onAnimationend=fn<onAnimationEnd>  ... > 
  at <DialogContent ref="contentRef" style= {position: fixed} onAnimationend=fn<onAnimationEnd>  ... > 
  at <DialogContent ref="contentRef" append-to=undefined class="left-0 right-0 top-[10vh] mx-auto flex max-h-[80%] flex-col p-0 sm:rounded-[var(--radius)] w-[900px] border border-border duration-300"  ... > 
  at <DialogRoot modal=false open=true onUpdate:open=fn > 
  at <Dialog modal=false open=true onUpdate:open=fn > 
  at <Modal modalApi= ModalApi > 
  at <VbenModal> 
  at <Page auto-content-height="" > 
  at <ApiTestingTestStep > 
  at <ApiTestingTestStep onVnodeUnmounted=fn<onVnodeUnmounted> ref=Ref< Proxy(Object) > key="/plugins/teststep" > 
  at <KeepAlive key=0 exclude= [] include= [ApiTesting, ApiTestingTestReportDetail, ApiTestingDashboard, ApiTestingVariable, ApiTestingBatchReport, ApiTestingTestCase, ApiTestingExecutionStream, ApiTestingTestStep, ApiTestingTestReport, ApiTestingProject] > 
  at <BaseTransition mode="out-in" appear=true persisted=false  ... > 
  at <Transition key=0 name="fade-slide" appear=""  ... > 
  at <RouterView> 
  at <LayoutContent> 
  at <LayoutContent id="__vben_main_content" content-compact="wide" content-compact-width=1200  ... > 
  at <VbenLayout sidebar-extra-visible=true onUpdate:sidebarExtraVisible=fn content-compact="wide"  ... > 
  at <BasicLayout onClearPreferencesAndLogout=fn<handleLogout> > 
  at <Basic onVnodeUnmounted=fn<onVnodeUnmounted> ref=Ref< Proxy(Object) > > 
  at <RouterView> 
  at <Anonymous message= {} notification= {} > 
  at <AApp> 
  at <LocaleProvider locale= {locale: zh-cn, Pagination: Object, DatePicker: Object, TimePicker: Object, Calendar: Object} _ANT_MARK__="internalMark" > 
  at <Anonymous prefixCls="anticon" csp=undefined layer=undefined > 
  at <Anonymous value= {override: Object, hashed: false, theme: Theme, token: Object, components: Object} > 
  at <Anonymous parentContext= {getPrefixCls: , iconPrefixCls: anticon} locale= {locale: zh-cn, Pagination: Object, DatePicker: Object, TimePicker: Object, Calendar: Object} theme= {algorithm: Array(1), token: Proxy(Object)}  ... > 
  at <AConfigProvider locale= {locale: zh-cn, Pagination: Object, DatePicker: Object, TimePicker: Object, Calendar: Object} theme= {algorithm: Array(1), token: Proxy(Object)} > 
  at <App> @ http://localhost:5173/node_modules/.vite/deps/chunk-NUZEDWKZ.js?v=eff7922a:1936
[ 2082681ms] [WARNING] [Vue warn]: Vue received a Component that was made a reactive object. This can lead to unnecessary performance overhead and should be avoided by marking the component with `markRaw` or using `shallowRef` instead of `ref`. 
Component that was made reactive:  {__name: CodeMirror, props: Object, emits: Array(3), setup: , __hmrId: 3670bf03} 
  at <PrimitiveSlot id="v-172-form-item" aria-describedby="v-172-form-item-description" aria-invalid=false  ... > 
  at <FormControl class="" > 
  at <FormItem class="flex-row items-center pb-4 relative flex flex-shrink-0" > 
  at <Field key=0 keepValue=true label="认证信息"  ... > 
  at <FormField ref_for=true colon=false disabled=undefined  ... > 
  at <Form onKeydown=fn formApi= FormApi actionButtonsReverse=undefined  ... > 
  at <VbenUseForm formApi= FormApi > 
  at <VbenUseForm> 
  at <Primitive ref=fn<forwardRef> as-child=false as=undefined  ... > 
  at <DismissableLayer tabindex="-1" onKeydown=fn<handleKeyDown> style= {position: fixed}  ... > 
  at <PrimitiveSlot tabindex="-1" onKeydown=fn<handleKeyDown> style= {position: fixed}  ... > 
  at <Primitive ref_key="currentRef" ref=Ref< undefined > tabindex="-1"  ... > 
  at <FocusScope as-child="" loop="" trapped=false  ... > 
  at <DialogContentImpl as=undefined forceMount=false trapFocus=false  ... > 
  at <DialogContentNonModal key=1 ref=fn<ref> forceMount=false  ... > 
  at <Presence present=true style= {position: fixed} onAnimationend=fn<onAnimationEnd>  ... > 
  at <DialogContent ref="contentRef" style= {position: fixed} onAnimationend=fn<onAnimationEnd>  ... > 
  at <DialogContent ref="contentRef" append-to=undefined class="left-0 right-0 top-[10vh] mx-auto flex max-h-[80%] flex-col p-0 sm:rounded-[var(--radius)] w-[900px] border border-border duration-300"  ... > 
  at <DialogRoot modal=false open=true onUpdate:open=fn > 
  at <Dialog modal=false open=true onUpdate:open=fn > 
  at <Modal modalApi= ModalApi > 
  at <VbenModal> 
  at <Page auto-content-height="" > 
  at <ApiTestingTestStep > 
  at <ApiTestingTestStep onVnodeUnmounted=fn<onVnodeUnmounted> ref=Ref< Proxy(Object) > key="/plugins/teststep" > 
  at <KeepAlive key=0 exclude= [] include= [ApiTesting, ApiTestingTestReportDetail, ApiTestingDashboard, ApiTestingVariable, ApiTestingBatchReport, ApiTestingTestCase, ApiTestingExecutionStream, ApiTestingTestStep, ApiTestingTestReport, ApiTestingProject] > 
  at <BaseTransition mode="out-in" appear=true persisted=false  ... > 
  at <Transition key=0 name="fade-slide" appear=""  ... > 
  at <RouterView> 
  at <LayoutContent> 
  at <LayoutContent id="__vben_main_content" content-compact="wide" content-compact-width=1200  ... > 
  at <VbenLayout sidebar-extra-visible=true onUpdate:sidebarExtraVisible=fn content-compact="wide"  ... > 
  at <BasicLayout onClearPreferencesAndLogout=fn<handleLogout> > 
  at <Basic onVnodeUnmounted=fn<onVnodeUnmounted> ref=Ref< Proxy(Object) > > 
  at <RouterView> 
  at <Anonymous message= {} notification= {} > 
  at <AApp> 
  at <LocaleProvider locale= {locale: zh-cn, Pagination: Object, DatePicker: Object, TimePicker: Object, Calendar: Object} _ANT_MARK__="internalMark" > 
  at <Anonymous prefixCls="anticon" csp=undefined layer=undefined > 
  at <Anonymous value= {override: Object, hashed: false, theme: Theme, token: Object, components: Object} > 
  at <Anonymous parentContext= {getPrefixCls: , iconPrefixCls: anticon} locale= {locale: zh-cn, Pagination: Object, DatePicker: Object, TimePicker: Object, Calendar: Object} theme= {algorithm: Array(1), token: Proxy(Object)}  ... > 
  at <AConfigProvider locale= {locale: zh-cn, Pagination: Object, DatePicker: Object, TimePicker: Object, Calendar: Object} theme= {algorithm: Array(1), token: Proxy(Object)} > 
  at <App> @ http://localhost:5173/node_modules/.vite/deps/chunk-NUZEDWKZ.js?v=eff7922a:1936
[ 2082687ms] [WARNING] [Vue warn]: Vue received a Component that was made a reactive object. This can lead to unnecessary performance overhead and should be avoided by marking the component with `markRaw` or using `shallowRef` instead of `ref`. 
Component that was made reactive:  {__name: CodeMirror, props: Object, emits: Array(3), setup: , __hmrId: 3670bf03} 
  at <PrimitiveSlot id="v-173-form-item" aria-describedby="v-173-form-item-description" aria-invalid=false  ... > 
  at <FormControl class="" > 
  at <FormItem class="flex-row items-center pb-4 relative flex flex-shrink-0" > 
  at <Field key=0 keepValue=true label="变量提取"  ... > 
  at <FormField ref_for=true colon=false disabled=undefined  ... > 
  at <Form onKeydown=fn formApi= FormApi actionButtonsReverse=undefined  ... > 
  at <VbenUseForm formApi= FormApi > 
  at <VbenUseForm> 
  at <Primitive ref=fn<forwardRef> as-child=false as=undefined  ... > 
  at <DismissableLayer tabindex="-1" onKeydown=fn<handleKeyDown> style= {position: fixed}  ... > 
  at <PrimitiveSlot tabindex="-1" onKeydown=fn<handleKeyDown> style= {position: fixed}  ... > 
  at <Primitive ref_key="currentRef" ref=Ref< undefined > tabindex="-1"  ... > 
  at <FocusScope as-child="" loop="" trapped=false  ... > 
  at <DialogContentImpl as=undefined forceMount=false trapFocus=false  ... > 
  at <DialogContentNonModal key=1 ref=fn<ref> forceMount=false  ... > 
  at <Presence present=true style= {position: fixed} onAnimationend=fn<onAnimationEnd>  ... > 
  at <DialogContent ref="contentRef" style= {position: fixed} onAnimationend=fn<onAnimationEnd>  ... > 
  at <DialogContent ref="contentRef" append-to=undefined class="left-0 right-0 top-[10vh] mx-auto flex max-h-[80%] flex-col p-0 sm:rounded-[var(--radius)] w-[900px] border border-border duration-300"  ... > 
  at <DialogRoot modal=false open=true onUpdate:open=fn > 
  at <Dialog modal=false open=true onUpdate:open=fn > 
  at <Modal modalApi= ModalApi > 
  at <VbenModal> 
  at <Page auto-content-height="" > 
  at <ApiTestingTestStep > 
  at <ApiTestingTestStep onVnodeUnmounted=fn<onVnodeUnmounted> ref=Ref< Proxy(Object) > key="/plugins/teststep" > 
  at <KeepAlive key=0 exclude= [] include= [ApiTesting, ApiTestingTestReportDetail, ApiTestingDashboard, ApiTestingVariable, ApiTestingBatchReport, ApiTestingTestCase, ApiTestingExecutionStream, ApiTestingTestStep, ApiTestingTestReport, ApiTestingProject] > 
  at <BaseTransition mode="out-in" appear=true persisted=false  ... > 
  at <Transition key=0 name="fade-slide" appear=""  ... > 
  at <RouterView> 
  at <LayoutContent> 
  at <LayoutContent id="__vben_main_content" content-compact="wide" content-compact-width=1200  ... > 
  at <VbenLayout sidebar-extra-visible=true onUpdate:sidebarExtraVisible=fn content-compact="wide"  ... > 
  at <BasicLayout onClearPreferencesAndLogout=fn<handleLogout> > 
  at <Basic onVnodeUnmounted=fn<onVnodeUnmounted> ref=Ref< Proxy(Object) > > 
  at <RouterView> 
  at <Anonymous message= {} notification= {} > 
  at <AApp> 
  at <LocaleProvider locale= {locale: zh-cn, Pagination: Object, DatePicker: Object, TimePicker: Object, Calendar: Object} _ANT_MARK__="internalMark" > 
  at <Anonymous prefixCls="anticon" csp=undefined layer=undefined > 
  at <Anonymous value= {override: Object, hashed: false, theme: Theme, token: Object, components: Object} > 
  at <Anonymous parentContext= {getPrefixCls: , iconPrefixCls: anticon} locale= {locale: zh-cn, Pagination: Object, DatePicker: Object, TimePicker: Object, Calendar: Object} theme= {algorithm: Array(1), token: Proxy(Object)}  ... > 
  at <AConfigProvider locale= {locale: zh-cn, Pagination: Object, DatePicker: Object, TimePicker: Object, Calendar: Object} theme= {algorithm: Array(1), token: Proxy(Object)} > 
  at <App> @ http://localhost:5173/node_modules/.vite/deps/chunk-NUZEDWKZ.js?v=eff7922a:1936
[ 2082697ms] [WARNING] [Vue warn]: Vue received a Component that was made a reactive object. This can lead to unnecessary performance overhead and should be avoided by marking the component with `markRaw` or using `shallowRef` instead of `ref`. 
Component that was made reactive:  {__name: CodeMirror, props: Object, emits: Array(3), setup: , __hmrId: 3670bf03} 
  at <PrimitiveSlot id="v-174-form-item" aria-describedby="v-174-form-item-description" aria-invalid=false  ... > 
  at <FormControl class="" > 
  at <FormItem class="flex-row items-center pb-4 relative flex flex-shrink-0" > 
  at <Field key=0 keepValue=true label="断言规则"  ... > 
  at <FormField ref_for=true colon=false disabled=undefined  ... > 
  at <Form onKeydown=fn formApi= FormApi actionButtonsReverse=undefined  ... > 
  at <VbenUseForm formApi= FormApi > 
  at <VbenUseForm> 
  at <Primitive ref=fn<forwardRef> as-child=false as=undefined  ... > 
  at <DismissableLayer tabindex="-1" onKeydown=fn<handleKeyDown> style= {position: fixed}  ... > 
  at <PrimitiveSlot tabindex="-1" onKeydown=fn<handleKeyDown> style= {position: fixed}  ... > 
  at <Primitive ref_key="currentRef" ref=Ref< undefined > tabindex="-1"  ... > 
  at <FocusScope as-child="" loop="" trapped=false  ... > 
  at <DialogContentImpl as=undefined forceMount=false trapFocus=false  ... > 
  at <DialogContentNonModal key=1 ref=fn<ref> forceMount=false  ... > 
  at <Presence present=true style= {position: fixed} onAnimationend=fn<onAnimationEnd>  ... > 
  at <DialogContent ref="contentRef" style= {position: fixed} onAnimationend=fn<onAnimationEnd>  ... > 
  at <DialogContent ref="contentRef" append-to=undefined class="left-0 right-0 top-[10vh] mx-auto flex max-h-[80%] flex-col p-0 sm:rounded-[var(--radius)] w-[900px] border border-border duration-300"  ... > 
  at <DialogRoot modal=false open=true onUpdate:open=fn > 
  at <Dialog modal=false open=true onUpdate:open=fn > 
  at <Modal modalApi= ModalApi > 
  at <VbenModal> 
  at <Page auto-content-height="" > 
  at <ApiTestingTestStep > 
  at <ApiTestingTestStep onVnodeUnmounted=fn<onVnodeUnmounted> ref=Ref< Proxy(Object) > key="/plugins/teststep" > 
  at <KeepAlive key=0 exclude= [] include= [ApiTesting, ApiTestingTestReportDetail, ApiTestingDashboard, ApiTestingVariable, ApiTestingBatchReport, ApiTestingTestCase, ApiTestingExecutionStream, ApiTestingTestStep, ApiTestingTestReport, ApiTestingProject] > 
  at <BaseTransition mode="out-in" appear=true persisted=false  ... > 
  at <Transition key=0 name="fade-slide" appear=""  ... > 
  at <RouterView> 
  at <LayoutContent> 
  at <LayoutContent id="__vben_main_content" content-compact="wide" content-compact-width=1200  ... > 
  at <VbenLayout sidebar-extra-visible=true onUpdate:sidebarExtraVisible=fn content-compact="wide"  ... > 
  at <BasicLayout onClearPreferencesAndLogout=fn<handleLogout> > 
  at <Basic onVnodeUnmounted=fn<onVnodeUnmounted> ref=Ref< Proxy(Object) > > 
  at <RouterView> 
  at <Anonymous message= {} notification= {} > 
  at <AApp> 
  at <LocaleProvider locale= {locale: zh-cn, Pagination: Object, DatePicker: Object, TimePicker: Object, Calendar: Object} _ANT_MARK__="internalMark" > 
  at <Anonymous prefixCls="anticon" csp=undefined layer=undefined > 
  at <Anonymous value= {override: Object, hashed: false, theme: Theme, token: Object, components: Object} > 
  at <Anonymous parentContext= {getPrefixCls: , iconPrefixCls: anticon} locale= {locale: zh-cn, Pagination: Object, DatePicker: Object, TimePicker: Object, Calendar: Object} theme= {algorithm: Array(1), token: Proxy(Object)}  ... > 
  at <AConfigProvider locale= {locale: zh-cn, Pagination: Object, DatePicker: Object, TimePicker: Object, Calendar: Object} theme= {algorithm: Array(1), token: Proxy(Object)} > 
  at <App> @ http://localhost:5173/node_modules/.vite/deps/chunk-NUZEDWKZ.js?v=eff7922a:1936
[ 2082703ms] [WARNING] [Vue warn]: Vue received a Component that was made a reactive object. This can lead to unnecessary performance overhead and should be avoided by marking the component with `markRaw` or using `shallowRef` instead of `ref`. 
Component that was made reactive:  {__name: CodeMirror, props: Object, emits: Array(3), setup: , __hmrId: 3670bf03} 
  at <PrimitiveSlot id="v-175-form-item" aria-describedby="v-175-form-item-description" aria-invalid=false  ... > 
  at <FormControl class="" > 
  at <FormItem class="flex-row items-center pb-4 relative flex flex-shrink-0" > 
  at <Field key=0 keepValue=true label="SQL查询"  ... > 
  at <FormField ref_for=true colon=false disabled=undefined  ... > 
  at <Form onKeydown=fn formApi= FormApi actionButtonsReverse=undefined  ... > 
  at <VbenUseForm formApi= FormApi > 
  at <VbenUseForm> 
  at <Primitive ref=fn<forwardRef> as-child=false as=undefined  ... > 
  at <DismissableLayer tabindex="-1" onKeydown=fn<handleKeyDown> style= {position: fixed}  ... > 
  at <PrimitiveSlot tabindex="-1" onKeydown=fn<handleKeyDown> style= {position: fixed}  ... > 
  at <Primitive ref_key="currentRef" ref=Ref< undefined > tabindex="-1"  ... > 
  at <FocusScope as-child="" loop="" trapped=false  ... > 
  at <DialogContentImpl as=undefined forceMount=false trapFocus=false  ... > 
  at <DialogContentNonModal key=1 ref=fn<ref> forceMount=false  ... > 
  at <Presence present=true style= {position: fixed} onAnimationend=fn<onAnimationEnd>  ... > 
  at <DialogContent ref="contentRef" style= {position: fixed} onAnimationend=fn<onAnimationEnd>  ... > 
  at <DialogContent ref="contentRef" append-to=undefined class="left-0 right-0 top-[10vh] mx-auto flex max-h-[80%] flex-col p-0 sm:rounded-[var(--radius)] w-[900px] border border-border duration-300"  ... > 
  at <DialogRoot modal=false open=true onUpdate:open=fn > 
  at <Dialog modal=false open=true onUpdate:open=fn > 
  at <Modal modalApi= ModalApi > 
  at <VbenModal> 
  at <Page auto-content-height="" > 
  at <ApiTestingTestStep > 
  at <ApiTestingTestStep onVnodeUnmounted=fn<onVnodeUnmounted> ref=Ref< Proxy(Object) > key="/plugins/teststep" > 
  at <KeepAlive key=0 exclude= [] include= [ApiTesting, ApiTestingTestReportDetail, ApiTestingDashboard, ApiTestingVariable, ApiTestingBatchReport, ApiTestingTestCase, ApiTestingExecutionStream, ApiTestingTestStep, ApiTestingTestReport, ApiTestingProject] > 
  at <BaseTransition mode="out-in" appear=true persisted=false  ... > 
  at <Transition key=0 name="fade-slide" appear=""  ... > 
  at <RouterView> 
  at <LayoutContent> 
  at <LayoutContent id="__vben_main_content" content-compact="wide" content-compact-width=1200  ... > 
  at <VbenLayout sidebar-extra-visible=true onUpdate:sidebarExtraVisible=fn content-compact="wide"  ... > 
  at <BasicLayout onClearPreferencesAndLogout=fn<handleLogout> > 
  at <Basic onVnodeUnmounted=fn<onVnodeUnmounted> ref=Ref< Proxy(Object) > > 
  at <RouterView> 
  at <Anonymous message= {} notification= {} > 
  at <AApp> 
  at <LocaleProvider locale= {locale: zh-cn, Pagination: Object, DatePicker: Object, TimePicker: Object, Calendar: Object} _ANT_MARK__="internalMark" > 
  at <Anonymous prefixCls="anticon" csp=undefined layer=undefined > 
  at <Anonymous value= {override: Object, hashed: false, theme: Theme, token: Object, components: Object} > 
  at <Anonymous parentContext= {getPrefixCls: , iconPrefixCls: anticon} locale= {locale: zh-cn, Pagination: Object, DatePicker: Object, TimePicker: Object, Calendar: Object} theme= {algorithm: Array(1), token: Proxy(Object)}  ... > 
  at <AConfigProvider locale= {locale: zh-cn, Pagination: Object, DatePicker: Object, TimePicker: Object, Calendar: Object} theme= {algorithm: Array(1), token: Proxy(Object)} > 
  at <App> @ http://localhost:5173/node_modules/.vite/deps/chunk-NUZEDWKZ.js?v=eff7922a:1936
[ 2086592ms] [WARNING] [Vue warn]: Vue received a Component that was made a reactive object. This can lead to unnecessary performance overhead and should be avoided by marking the component with `markRaw` or using `shallowRef` instead of `ref`. 
Component that was made reactive:  {__name: CodeMirror, props: Object, emits: Array(3), setup: , __hmrId: 3670bf03} 
  at <PrimitiveSlot id="v-168-form-item" aria-describedby="v-168-form-item-description" aria-invalid=false  ... > 
  at <FormControl class="" > 
  at <FormItem class="flex-row items-center pb-4 relative flex flex-shrink-0" > 
  at <Field key=0 keepValue=true label="请求头"  ... > 
  at <FormField ref_for=true colon=false disabled=undefined  ... > 
  at <Form onKeydown=fn formApi= FormApi actionButtonsReverse=undefined  ... > 
  at <VbenUseForm formApi= FormApi > 
  at <VbenUseForm> 
  at <Primitive ref=fn<forwardRef> as-child=false as=undefined  ... > 
  at <DismissableLayer tabindex="-1" onKeydown=fn<handleKeyDown> style= {position: fixed}  ... > 
  at <PrimitiveSlot tabindex="-1" onKeydown=fn<handleKeyDown> style= {position: fixed}  ... > 
  at <Primitive ref_key="currentRef" ref=Ref< Proxy(Object) > tabindex="-1"  ... > 
  at <FocusScope as-child="" loop="" trapped=false  ... > 
  at <DialogContentImpl as=undefined forceMount=false trapFocus=false  ... > 
  at <DialogContentNonModal key=1 ref=fn<ref> forceMount=false  ... > 
  at <Presence present=false style= {position: fixed} onAnimationend=fn<onAnimationEnd>  ... > 
  at <DialogContent ref="contentRef" style= {position: fixed} onAnimationend=fn<onAnimationEnd>  ... > 
  at <DialogContent ref="contentRef" append-to=undefined class="left-0 right-0 top-[10vh] mx-auto flex max-h-[80%] flex-col p-0 sm:rounded-[var(--radius)] w-[900px] border border-border duration-300"  ... > 
  at <DialogRoot modal=false open=false onUpdate:open=fn > 
  at <Dialog modal=false open=false onUpdate:open=fn > 
  at <Modal modalApi= ModalApi > 
  at <VbenModal> 
  at <Page auto-content-height="" > 
  at <ApiTestingTestStep > 
  at <ApiTestingTestStep onVnodeUnmounted=fn<onVnodeUnmounted> ref=Ref< Proxy(Object) > key="/plugins/teststep" > 
  at <KeepAlive key=0 exclude= [] include= [ApiTesting, ApiTestingTestReportDetail, ApiTestingDashboard, ApiTestingVariable, ApiTestingBatchReport, ApiTestingTestCase, ApiTestingExecutionStream, ApiTestingTestStep, ApiTestingTestReport, ApiTestingProject] > 
  at <BaseTransition mode="out-in" appear=true persisted=false  ... > 
  at <Transition key=0 name="fade-slide" appear=""  ... > 
  at <RouterView> 
  at <LayoutContent> 
  at <LayoutContent id="__vben_main_content" content-compact="wide" content-compact-width=1200  ... > 
  at <VbenLayout sidebar-extra-visible=true onUpdate:sidebarExtraVisible=fn content-compact="wide"  ... > 
  at <BasicLayout onClearPreferencesAndLogout=fn<handleLogout> > 
  at <Basic onVnodeUnmounted=fn<onVnodeUnmounted> ref=Ref< Proxy(Object) > > 
  at <RouterView> 
  at <Anonymous message= {} notification= {} > 
  at <AApp> 
  at <LocaleProvider locale= {locale: zh-cn, Pagination: Object, DatePicker: Object, TimePicker: Object, Calendar: Object} _ANT_MARK__="internalMark" > 
  at <Anonymous prefixCls="anticon" csp=undefined layer=undefined > 
  at <Anonymous value= {override: Object, hashed: false, theme: Theme, token: Object, components: Object} > 
  at <Anonymous parentContext= {getPrefixCls: , iconPrefixCls: anticon} locale= {locale: zh-cn, Pagination: Object, DatePicker: Object, TimePicker: Object, Calendar: Object} theme= {algorithm: Array(1), token: Proxy(Object)}  ... > 
  at <AConfigProvider locale= {locale: zh-cn, Pagination: Object, DatePicker: Object, TimePicker: Object, Calendar: Object} theme= {algorithm: Array(1), token: Proxy(Object)} > 
  at <App> @ http://localhost:5173/node_modules/.vite/deps/chunk-NUZEDWKZ.js?v=eff7922a:1936
[ 2086595ms] [WARNING] [Vue warn]: Vue received a Component that was made a reactive object. This can lead to unnecessary performance overhead and should be avoided by marking the component with `markRaw` or using `shallowRef` instead of `ref`. 
Component that was made reactive:  {__name: CodeMirror, props: Object, emits: Array(3), setup: , __hmrId: 3670bf03} 
  at <PrimitiveSlot id="v-169-form-item" aria-describedby="v-169-form-item-description" aria-invalid=false  ... > 
  at <FormControl class="" > 
  at <FormItem class="flex-row items-center pb-4 relative flex flex-shrink-0" > 
  at <Field key=0 keepValue=true label="查询参数"  ... > 
  at <FormField ref_for=true colon=false disabled=undefined  ... > 
  at <Form onKeydown=fn formApi= FormApi actionButtonsReverse=undefined  ... > 
  at <VbenUseForm formApi= FormApi > 
  at <VbenUseForm> 
  at <Primitive ref=fn<forwardRef> as-child=false as=undefined  ... > 
  at <DismissableLayer tabindex="-1" onKeydown=fn<handleKeyDown> style= {position: fixed}  ... > 
  at <PrimitiveSlot tabindex="-1" onKeydown=fn<handleKeyDown> style= {position: fixed}  ... > 
  at <Primitive ref_key="currentRef" ref=Ref< Proxy(Object) > tabindex="-1"  ... > 
  at <FocusScope as-child="" loop="" trapped=false  ... > 
  at <DialogContentImpl as=undefined forceMount=false trapFocus=false  ... > 
  at <DialogContentNonModal key=1 ref=fn<ref> forceMount=false  ... > 
  at <Presence present=false style= {position: fixed} onAnimationend=fn<onAnimationEnd>  ... > 
  at <DialogContent ref="contentRef" style= {position: fixed} onAnimationend=fn<onAnimationEnd>  ... > 
  at <DialogContent ref="contentRef" append-to=undefined class="left-0 right-0 top-[10vh] mx-auto flex max-h-[80%] flex-col p-0 sm:rounded-[var(--radius)] w-[900px] border border-border duration-300"  ... > 
  at <DialogRoot modal=false open=false onUpdate:open=fn > 
  at <Dialog modal=false open=false onUpdate:open=fn > 
  at <Modal modalApi= ModalApi > 
  at <VbenModal> 
  at <Page auto-content-height="" > 
  at <ApiTestingTestStep > 
  at <ApiTestingTestStep onVnodeUnmounted=fn<onVnodeUnmounted> ref=Ref< Proxy(Object) > key="/plugins/teststep" > 
  at <KeepAlive key=0 exclude= [] include= [ApiTesting, ApiTestingTestReportDetail, ApiTestingDashboard, ApiTestingVariable, ApiTestingBatchReport, ApiTestingTestCase, ApiTestingExecutionStream, ApiTestingTestStep, ApiTestingTestReport, ApiTestingProject] > 
  at <BaseTransition mode="out-in" appear=true persisted=false  ... > 
  at <Transition key=0 name="fade-slide" appear=""  ... > 
  at <RouterView> 
  at <LayoutContent> 
  at <LayoutContent id="__vben_main_content" content-compact="wide" content-compact-width=1200  ... > 
  at <VbenLayout sidebar-extra-visible=true onUpdate:sidebarExtraVisible=fn content-compact="wide"  ... > 
  at <BasicLayout onClearPreferencesAndLogout=fn<handleLogout> > 
  at <Basic onVnodeUnmounted=fn<onVnodeUnmounted> ref=Ref< Proxy(Object) > > 
  at <RouterView> 
  at <Anonymous message= {} notification= {} > 
  at <AApp> 
  at <LocaleProvider locale= {locale: zh-cn, Pagination: Object, DatePicker: Object, TimePicker: Object, Calendar: Object} _ANT_MARK__="internalMark" > 
  at <Anonymous prefixCls="anticon" csp=undefined layer=undefined > 
  at <Anonymous value= {override: Object, hashed: false, theme: Theme, token: Object, components: Object} > 
  at <Anonymous parentContext= {getPrefixCls: , iconPrefixCls: anticon} locale= {locale: zh-cn, Pagination: Object, DatePicker: Object, TimePicker: Object, Calendar: Object} theme= {algorithm: Array(1), token: Proxy(Object)}  ... > 
  at <AConfigProvider locale= {locale: zh-cn, Pagination: Object, DatePicker: Object, TimePicker: Object, Calendar: Object} theme= {algorithm: Array(1), token: Proxy(Object)} > 
  at <App> @ http://localhost:5173/node_modules/.vite/deps/chunk-NUZEDWKZ.js?v=eff7922a:1936
[ 2086598ms] [WARNING] [Vue warn]: Vue received a Component that was made a reactive object. This can lead to unnecessary performance overhead and should be avoided by marking the component with `markRaw` or using `shallowRef` instead of `ref`. 
Component that was made reactive:  {__name: CodeMirror, props: Object, emits: Array(3), setup: , __hmrId: 3670bf03} 
  at <PrimitiveSlot id="v-170-form-item" aria-describedby="v-170-form-item-description" aria-invalid=false  ... > 
  at <FormControl class="" > 
  at <FormItem class="flex-row items-center pb-4 relative flex flex-shrink-0" > 
  at <Field key=0 keepValue=true label="请求体"  ... > 
  at <FormField ref_for=true colon=false disabled=undefined  ... > 
  at <Form onKeydown=fn formApi= FormApi actionButtonsReverse=undefined  ... > 
  at <VbenUseForm formApi= FormApi > 
  at <VbenUseForm> 
  at <Primitive ref=fn<forwardRef> as-child=false as=undefined  ... > 
  at <DismissableLayer tabindex="-1" onKeydown=fn<handleKeyDown> style= {position: fixed}  ... > 
  at <PrimitiveSlot tabindex="-1" onKeydown=fn<handleKeyDown> style= {position: fixed}  ... > 
  at <Primitive ref_key="currentRef" ref=Ref< Proxy(Object) > tabindex="-1"  ... > 
  at <FocusScope as-child="" loop="" trapped=false  ... > 
  at <DialogContentImpl as=undefined forceMount=false trapFocus=false  ... > 
  at <DialogContentNonModal key=1 ref=fn<ref> forceMount=false  ... > 
  at <Presence present=false style= {position: fixed} onAnimationend=fn<onAnimationEnd>  ... > 
  at <DialogContent ref="contentRef" style= {position: fixed} onAnimationend=fn<onAnimationEnd>  ... > 
  at <DialogContent ref="contentRef" append-to=undefined class="left-0 right-0 top-[10vh] mx-auto flex max-h-[80%] flex-col p-0 sm:rounded-[var(--radius)] w-[900px] border border-border duration-300"  ... > 
  at <DialogRoot modal=false open=false onUpdate:open=fn > 
  at <Dialog modal=false open=false onUpdate:open=fn > 
  at <Modal modalApi= ModalApi > 
  at <VbenModal> 
  at <Page auto-content-height="" > 
  at <ApiTestingTestStep > 
  at <ApiTestingTestStep onVnodeUnmounted=fn<onVnodeUnmounted> ref=Ref< Proxy(Object) > key="/plugins/teststep" > 
  at <KeepAlive key=0 exclude= [] include= [ApiTesting, ApiTestingTestReportDetail, ApiTestingDashboard, ApiTestingVariable, ApiTestingBatchReport, ApiTestingTestCase, ApiTestingExecutionStream, ApiTestingTestStep, ApiTestingTestReport, ApiTestingProject] > 
  at <BaseTransition mode="out-in" appear=true persisted=false  ... > 
  at <Transition key=0 name="fade-slide" appear=""  ... > 
  at <RouterView> 
  at <LayoutContent> 
  at <LayoutContent id="__vben_main_content" content-compact="wide" content-compact-width=1200  ... > 
  at <VbenLayout sidebar-extra-visible=true onUpdate:sidebarExtraVisible=fn content-compact="wide"  ... > 
  at <BasicLayout onClearPreferencesAndLogout=fn<handleLogout> > 
  at <Basic onVnodeUnmounted=fn<onVnodeUnmounted> ref=Ref< Proxy(Object) > > 
  at <RouterView> 
  at <Anonymous message= {} notification= {} > 
  at <AApp> 
  at <LocaleProvider locale= {locale: zh-cn, Pagination: Object, DatePicker: Object, TimePicker: Object, Calendar: Object} _ANT_MARK__="internalMark" > 
  at <Anonymous prefixCls="anticon" csp=undefined layer=undefined > 
  at <Anonymous value= {override: Object, hashed: false, theme: Theme, token: Object, components: Object} > 
  at <Anonymous parentContext= {getPrefixCls: , iconPrefixCls: anticon} locale= {locale: zh-cn, Pagination: Object, DatePicker: Object, TimePicker: Object, Calendar: Object} theme= {algorithm: Array(1), token: Proxy(Object)}  ... > 
  at <AConfigProvider locale= {locale: zh-cn, Pagination: Object, DatePicker: Object, TimePicker: Object, Calendar: Object} theme= {algorithm: Array(1), token: Proxy(Object)} > 
  at <App> @ http://localhost:5173/node_modules/.vite/deps/chunk-NUZEDWKZ.js?v=eff7922a:1936
[ 2086603ms] [WARNING] [Vue warn]: Vue received a Component that was made a reactive object. This can lead to unnecessary performance overhead and should be avoided by marking the component with `markRaw` or using `shallowRef` instead of `ref`. 
Component that was made reactive:  {__name: CodeMirror, props: Object, emits: Array(3), setup: , __hmrId: 3670bf03} 
  at <PrimitiveSlot id="v-171-form-item" aria-describedby="v-171-form-item-description" aria-invalid=false  ... > 
  at <FormControl class="" > 
  at <FormItem class="flex-row items-center pb-4 relative flex flex-shrink-0" > 
  at <Field key=0 keepValue=true label="文件上传"  ... > 
  at <FormField ref_for=true colon=false disabled=undefined  ... > 
  at <Form onKeydown=fn formApi= FormApi actionButtonsReverse=undefined  ... > 
  at <VbenUseForm formApi= FormApi > 
  at <VbenUseForm> 
  at <Primitive ref=fn<forwardRef> as-child=false as=undefined  ... > 
  at <DismissableLayer tabindex="-1" onKeydown=fn<handleKeyDown> style= {position: fixed}  ... > 
  at <PrimitiveSlot tabindex="-1" onKeydown=fn<handleKeyDown> style= {position: fixed}  ... > 
  at <Primitive ref_key="currentRef" ref=Ref< Proxy(Object) > tabindex="-1"  ... > 
  at <FocusScope as-child="" loop="" trapped=false  ... > 
  at <DialogContentImpl as=undefined forceMount=false trapFocus=false  ... > 
  at <DialogContentNonModal key=1 ref=fn<ref> forceMount=false  ... > 
  at <Presence present=false style= {position: fixed} onAnimationend=fn<onAnimationEnd>  ... > 
  at <DialogContent ref="contentRef" style= {position: fixed} onAnimationend=fn<onAnimationEnd>  ... > 
  at <DialogContent ref="contentRef" append-to=undefined class="left-0 right-0 top-[10vh] mx-auto flex max-h-[80%] flex-col p-0 sm:rounded-[var(--radius)] w-[900px] border border-border duration-300"  ... > 
  at <DialogRoot modal=false open=false onUpdate:open=fn > 
  at <Dialog modal=false open=false onUpdate:open=fn > 
  at <Modal modalApi= ModalApi > 
  at <VbenModal> 
  at <Page auto-content-height="" > 
  at <ApiTestingTestStep > 
  at <ApiTestingTestStep onVnodeUnmounted=fn<onVnodeUnmounted> ref=Ref< Proxy(Object) > key="/plugins/teststep" > 
  at <KeepAlive key=0 exclude= [] include= [ApiTesting, ApiTestingTestReportDetail, ApiTestingDashboard, ApiTestingVariable, ApiTestingBatchReport, ApiTestingTestCase, ApiTestingExecutionStream, ApiTestingTestStep, ApiTestingTestReport, ApiTestingProject] > 
  at <BaseTransition mode="out-in" appear=true persisted=false  ... > 
  at <Transition key=0 name="fade-slide" appear=""  ... > 
  at <RouterView> 
  at <LayoutContent> 
  at <LayoutContent id="__vben_main_content" content-compact="wide" content-compact-width=1200  ... > 
  at <VbenLayout sidebar-extra-visible=true onUpdate:sidebarExtraVisible=fn content-compact="wide"  ... > 
  at <BasicLayout onClearPreferencesAndLogout=fn<handleLogout> > 
  at <Basic onVnodeUnmounted=fn<onVnodeUnmounted> ref=Ref< Proxy(Object) > > 
  at <RouterView> 
  at <Anonymous message= {} notification= {} > 
  at <AApp> 
  at <LocaleProvider locale= {locale: zh-cn, Pagination: Object, DatePicker: Object, TimePicker: Object, Calendar: Object} _ANT_MARK__="internalMark" > 
  at <Anonymous prefixCls="anticon" csp=undefined layer=undefined > 
  at <Anonymous value= {override: Object, hashed: false, theme: Theme, token: Object, components: Object} > 
  at <Anonymous parentContext= {getPrefixCls: , iconPrefixCls: anticon} locale= {locale: zh-cn, Pagination: Object, DatePicker: Object, TimePicker: Object, Calendar: Object} theme= {algorithm: Array(1), token: Proxy(Object)}  ... > 
  at <AConfigProvider locale= {locale: zh-cn, Pagination: Object, DatePicker: Object, TimePicker: Object, Calendar: Object} theme= {algorithm: Array(1), token: Proxy(Object)} > 
  at <App> @ http://localhost:5173/node_modules/.vite/deps/chunk-NUZEDWKZ.js?v=eff7922a:1936
[ 2086608ms] [WARNING] [Vue warn]: Vue received a Component that was made a reactive object. This can lead to unnecessary performance overhead and should be avoided by marking the component with `markRaw` or using `shallowRef` instead of `ref`. 
Component that was made reactive:  {__name: CodeMirror, props: Object, emits: Array(3), setup: , __hmrId: 3670bf03} 
  at <PrimitiveSlot id="v-172-form-item" aria-describedby="v-172-form-item-description" aria-invalid=false  ... > 
  at <FormControl class="" > 
  at <FormItem class="flex-row items-center pb-4 relative flex flex-shrink-0" > 
  at <Field key=0 keepValue=true label="认证信息"  ... > 
  at <FormField ref_for=true colon=false disabled=undefined  ... > 
  at <Form onKeydown=fn formApi= FormApi actionButtonsReverse=undefined  ... > 
  at <VbenUseForm formApi= FormApi > 
  at <VbenUseForm> 
  at <Primitive ref=fn<forwardRef> as-child=false as=undefined  ... > 
  at <DismissableLayer tabindex="-1" onKeydown=fn<handleKeyDown> style= {position: fixed}  ... > 
  at <PrimitiveSlot tabindex="-1" onKeydown=fn<handleKeyDown> style= {position: fixed}  ... > 
  at <Primitive ref_key="currentRef" ref=Ref< Proxy(Object) > tabindex="-1"  ... > 
  at <FocusScope as-child="" loop="" trapped=false  ... > 
  at <DialogContentImpl as=undefined forceMount=false trapFocus=false  ... > 
  at <DialogContentNonModal key=1 ref=fn<ref> forceMount=false  ... > 
  at <Presence present=false style= {position: fixed} onAnimationend=fn<onAnimationEnd>  ... > 
  at <DialogContent ref="contentRef" style= {position: fixed} onAnimationend=fn<onAnimationEnd>  ... > 
  at <DialogContent ref="contentRef" append-to=undefined class="left-0 right-0 top-[10vh] mx-auto flex max-h-[80%] flex-col p-0 sm:rounded-[var(--radius)] w-[900px] border border-border duration-300"  ... > 
  at <DialogRoot modal=false open=false onUpdate:open=fn > 
  at <Dialog modal=false open=false onUpdate:open=fn > 
  at <Modal modalApi= ModalApi > 
  at <VbenModal> 
  at <Page auto-content-height="" > 
  at <ApiTestingTestStep > 
  at <ApiTestingTestStep onVnodeUnmounted=fn<onVnodeUnmounted> ref=Ref< Proxy(Object) > key="/plugins/teststep" > 
  at <KeepAlive key=0 exclude= [] include= [ApiTesting, ApiTestingTestReportDetail, ApiTestingDashboard, ApiTestingVariable, ApiTestingBatchReport, ApiTestingTestCase, ApiTestingExecutionStream, ApiTestingTestStep, ApiTestingTestReport, ApiTestingProject] > 
  at <BaseTransition mode="out-in" appear=true persisted=false  ... > 
  at <Transition key=0 name="fade-slide" appear=""  ... > 
  at <RouterView> 
  at <LayoutContent> 
  at <LayoutContent id="__vben_main_content" content-compact="wide" content-compact-width=1200  ... > 
  at <VbenLayout sidebar-extra-visible=true onUpdate:sidebarExtraVisible=fn content-compact="wide"  ... > 
  at <BasicLayout onClearPreferencesAndLogout=fn<handleLogout> > 
  at <Basic onVnodeUnmounted=fn<onVnodeUnmounted> ref=Ref< Proxy(Object) > > 
  at <RouterView> 
  at <Anonymous message= {} notification= {} > 
  at <AApp> 
  at <LocaleProvider locale= {locale: zh-cn, Pagination: Object, DatePicker: Object, TimePicker: Object, Calendar: Object} _ANT_MARK__="internalMark" > 
  at <Anonymous prefixCls="anticon" csp=undefined layer=undefined > 
  at <Anonymous value= {override: Object, hashed: false, theme: Theme, token: Object, components: Object} > 
  at <Anonymous parentContext= {getPrefixCls: , iconPrefixCls: anticon} locale= {locale: zh-cn, Pagination: Object, DatePicker: Object, TimePicker: Object, Calendar: Object} theme= {algorithm: Array(1), token: Proxy(Object)}  ... > 
  at <AConfigProvider locale= {locale: zh-cn, Pagination: Object, DatePicker: Object, TimePicker: Object, Calendar: Object} theme= {algorithm: Array(1), token: Proxy(Object)} > 
  at <App> @ http://localhost:5173/node_modules/.vite/deps/chunk-NUZEDWKZ.js?v=eff7922a:1936
[ 2086612ms] [WARNING] [Vue warn]: Vue received a Component that was made a reactive object. This can lead to unnecessary performance overhead and should be avoided by marking the component with `markRaw` or using `shallowRef` instead of `ref`. 
Component that was made reactive:  {__name: CodeMirror, props: Object, emits: Array(3), setup: , __hmrId: 3670bf03} 
  at <PrimitiveSlot id="v-173-form-item" aria-describedby="v-173-form-item-description" aria-invalid=false  ... > 
  at <FormControl class="" > 
  at <FormItem class="flex-row items-center pb-4 relative flex flex-shrink-0" > 
  at <Field key=0 keepValue=true label="变量提取"  ... > 
  at <FormField ref_for=true colon=false disabled=undefined  ... > 
  at <Form onKeydown=fn formApi= FormApi actionButtonsReverse=undefined  ... > 
  at <VbenUseForm formApi= FormApi > 
  at <VbenUseForm> 
  at <Primitive ref=fn<forwardRef> as-child=false as=undefined  ... > 
  at <DismissableLayer tabindex="-1" onKeydown=fn<handleKeyDown> style= {position: fixed}  ... > 
  at <PrimitiveSlot tabindex="-1" onKeydown=fn<handleKeyDown> style= {position: fixed}  ... > 
  at <Primitive ref_key="currentRef" ref=Ref< Proxy(Object) > tabindex="-1"  ... > 
  at <FocusScope as-child="" loop="" trapped=false  ... > 
  at <DialogContentImpl as=undefined forceMount=false trapFocus=false  ... > 
  at <DialogContentNonModal key=1 ref=fn<ref> forceMount=false  ... > 
  at <Presence present=false style= {position: fixed} onAnimationend=fn<onAnimationEnd>  ... > 
  at <DialogContent ref="contentRef" style= {position: fixed} onAnimationend=fn<onAnimationEnd>  ... > 
  at <DialogContent ref="contentRef" append-to=undefined class="left-0 right-0 top-[10vh] mx-auto flex max-h-[80%] flex-col p-0 sm:rounded-[var(--radius)] w-[900px] border border-border duration-300"  ... > 
  at <DialogRoot modal=false open=false onUpdate:open=fn > 
  at <Dialog modal=false open=false onUpdate:open=fn > 
  at <Modal modalApi= ModalApi > 
  at <VbenModal> 
  at <Page auto-content-height="" > 
  at <ApiTestingTestStep > 
  at <ApiTestingTestStep onVnodeUnmounted=fn<onVnodeUnmounted> ref=Ref< Proxy(Object) > key="/plugins/teststep" > 
  at <KeepAlive key=0 exclude= [] include= [ApiTesting, ApiTestingTestReportDetail, ApiTestingDashboard, ApiTestingVariable, ApiTestingBatchReport, ApiTestingTestCase, ApiTestingExecutionStream, ApiTestingTestStep, ApiTestingTestReport, ApiTestingProject] > 
  at <BaseTransition mode="out-in" appear=true persisted=false  ... > 
  at <Transition key=0 name="fade-slide" appear=""  ... > 
  at <RouterView> 
  at <LayoutContent> 
  at <LayoutContent id="__vben_main_content" content-compact="wide" content-compact-width=1200  ... > 
  at <VbenLayout sidebar-extra-visible=true onUpdate:sidebarExtraVisible=fn content-compact="wide"  ... > 
  at <BasicLayout onClearPreferencesAndLogout=fn<handleLogout> > 
  at <Basic onVnodeUnmounted=fn<onVnodeUnmounted> ref=Ref< Proxy(Object) > > 
  at <RouterView> 
  at <Anonymous message= {} notification= {} > 
  at <AApp> 
  at <LocaleProvider locale= {locale: zh-cn, Pagination: Object, DatePicker: Object, TimePicker: Object, Calendar: Object} _ANT_MARK__="internalMark" > 
  at <Anonymous prefixCls="anticon" csp=undefined layer=undefined > 
  at <Anonymous value= {override: Object, hashed: false, theme: Theme, token: Object, components: Object} > 
  at <Anonymous parentContext= {getPrefixCls: , iconPrefixCls: anticon} locale= {locale: zh-cn, Pagination: Object, DatePicker: Object, TimePicker: Object, Calendar: Object} theme= {algorithm: Array(1), token: Proxy(Object)}  ... > 
  at <AConfigProvider locale= {locale: zh-cn, Pagination: Object, DatePicker: Object, TimePicker: Object, Calendar: Object} theme= {algorithm: Array(1), token: Proxy(Object)} > 
  at <App> @ http://localhost:5173/node_modules/.vite/deps/chunk-NUZEDWKZ.js?v=eff7922a:1936
[ 2086615ms] [WARNING] [Vue warn]: Vue received a Component that was made a reactive object. This can lead to unnecessary performance overhead and should be avoided by marking the component with `markRaw` or using `shallowRef` instead of `ref`. 
Component that was made reactive:  {__name: CodeMirror, props: Object, emits: Array(3), setup: , __hmrId: 3670bf03} 
  at <PrimitiveSlot id="v-174-form-item" aria-describedby="v-174-form-item-description" aria-invalid=false  ... > 
  at <FormControl class="" > 
  at <FormItem class="flex-row items-center pb-4 relative flex flex-shrink-0" > 
  at <Field key=0 keepValue=true label="断言规则"  ... > 
  at <FormField ref_for=true colon=false disabled=undefined  ... > 
  at <Form onKeydown=fn formApi= FormApi actionButtonsReverse=undefined  ... > 
  at <VbenUseForm formApi= FormApi > 
  at <VbenUseForm> 
  at <Primitive ref=fn<forwardRef> as-child=false as=undefined  ... > 
  at <DismissableLayer tabindex="-1" onKeydown=fn<handleKeyDown> style= {position: fixed}  ... > 
  at <PrimitiveSlot tabindex="-1" onKeydown=fn<handleKeyDown> style= {position: fixed}  ... > 
  at <Primitive ref_key="currentRef" ref=Ref< Proxy(Object) > tabindex="-1"  ... > 
  at <FocusScope as-child="" loop="" trapped=false  ... > 
  at <DialogContentImpl as=undefined forceMount=false trapFocus=false  ... > 
  at <DialogContentNonModal key=1 ref=fn<ref> forceMount=false  ... > 
  at <Presence present=false style= {position: fixed} onAnimationend=fn<onAnimationEnd>  ... > 
  at <DialogContent ref="contentRef" style= {position: fixed} onAnimationend=fn<onAnimationEnd>  ... > 
  at <DialogContent ref="contentRef" append-to=undefined class="left-0 right-0 top-[10vh] mx-auto flex max-h-[80%] flex-col p-0 sm:rounded-[var(--radius)] w-[900px] border border-border duration-300"  ... > 
  at <DialogRoot modal=false open=false onUpdate:open=fn > 
  at <Dialog modal=false open=false onUpdate:open=fn > 
  at <Modal modalApi= ModalApi > 
  at <VbenModal> 
  at <Page auto-content-height="" > 
  at <ApiTestingTestStep > 
  at <ApiTestingTestStep onVnodeUnmounted=fn<onVnodeUnmounted> ref=Ref< Proxy(Object) > key="/plugins/teststep" > 
  at <KeepAlive key=0 exclude= [] include= [ApiTesting, ApiTestingTestReportDetail, ApiTestingDashboard, ApiTestingVariable, ApiTestingBatchReport, ApiTestingTestCase, ApiTestingExecutionStream, ApiTestingTestStep, ApiTestingTestReport, ApiTestingProject] > 
  at <BaseTransition mode="out-in" appear=true persisted=false  ... > 
  at <Transition key=0 name="fade-slide" appear=""  ... > 
  at <RouterView> 
  at <LayoutContent> 
  at <LayoutContent id="__vben_main_content" content-compact="wide" content-compact-width=1200  ... > 
  at <VbenLayout sidebar-extra-visible=true onUpdate:sidebarExtraVisible=fn content-compact="wide"  ... > 
  at <BasicLayout onClearPreferencesAndLogout=fn<handleLogout> > 
  at <Basic onVnodeUnmounted=fn<onVnodeUnmounted> ref=Ref< Proxy(Object) > > 
  at <RouterView> 
  at <Anonymous message= {} notification= {} > 
  at <AApp> 
  at <LocaleProvider locale= {locale: zh-cn, Pagination: Object, DatePicker: Object, TimePicker: Object, Calendar: Object} _ANT_MARK__="internalMark" > 
  at <Anonymous prefixCls="anticon" csp=undefined layer=undefined > 
  at <Anonymous value= {override: Object, hashed: false, theme: Theme, token: Object, components: Object} > 
  at <Anonymous parentContext= {getPrefixCls: , iconPrefixCls: anticon} locale= {locale: zh-cn, Pagination: Object, DatePicker: Object, TimePicker: Object, Calendar: Object} theme= {algorithm: Array(1), token: Proxy(Object)}  ... > 
  at <AConfigProvider locale= {locale: zh-cn, Pagination: Object, DatePicker: Object, TimePicker: Object, Calendar: Object} theme= {algorithm: Array(1), token: Proxy(Object)} > 
  at <App> @ http://localhost:5173/node_modules/.vite/deps/chunk-NUZEDWKZ.js?v=eff7922a:1936
[ 2086618ms] [WARNING] [Vue warn]: Vue received a Component that was made a reactive object. This can lead to unnecessary performance overhead and should be avoided by marking the component with `markRaw` or using `shallowRef` instead of `ref`. 
Component that was made reactive:  {__name: CodeMirror, props: Object, emits: Array(3), setup: , __hmrId: 3670bf03} 
  at <PrimitiveSlot id="v-175-form-item" aria-describedby="v-175-form-item-description" aria-invalid=false  ... > 
  at <FormControl class="" > 
  at <FormItem class="flex-row items-center pb-4 relative flex flex-shrink-0" > 
  at <Field key=0 keepValue=true label="SQL查询"  ... > 
  at <FormField ref_for=true colon=false disabled=undefined  ... > 
  at <Form onKeydown=fn formApi= FormApi actionButtonsReverse=undefined  ... > 
  at <VbenUseForm formApi= FormApi > 
  at <VbenUseForm> 
  at <Primitive ref=fn<forwardRef> as-child=false as=undefined  ... > 
  at <DismissableLayer tabindex="-1" onKeydown=fn<handleKeyDown> style= {position: fixed}  ... > 
  at <PrimitiveSlot tabindex="-1" onKeydown=fn<handleKeyDown> style= {position: fixed}  ... > 
  at <Primitive ref_key="currentRef" ref=Ref< Proxy(Object) > tabindex="-1"  ... > 
  at <FocusScope as-child="" loop="" trapped=false  ... > 
  at <DialogContentImpl as=undefined forceMount=false trapFocus=false  ... > 
  at <DialogContentNonModal key=1 ref=fn<ref> forceMount=false  ... > 
  at <Presence present=false style= {position: fixed} onAnimationend=fn<onAnimationEnd>  ... > 
  at <DialogContent ref="contentRef" style= {position: fixed} onAnimationend=fn<onAnimationEnd>  ... > 
  at <DialogContent ref="contentRef" append-to=undefined class="left-0 right-0 top-[10vh] mx-auto flex max-h-[80%] flex-col p-0 sm:rounded-[var(--radius)] w-[900px] border border-border duration-300"  ... > 
  at <DialogRoot modal=false open=false onUpdate:open=fn > 
  at <Dialog modal=false open=false onUpdate:open=fn > 
  at <Modal modalApi= ModalApi > 
  at <VbenModal> 
  at <Page auto-content-height="" > 
  at <ApiTestingTestStep > 
  at <ApiTestingTestStep onVnodeUnmounted=fn<onVnodeUnmounted> ref=Ref< Proxy(Object) > key="/plugins/teststep" > 
  at <KeepAlive key=0 exclude= [] include= [ApiTesting, ApiTestingTestReportDetail, ApiTestingDashboard, ApiTestingVariable, ApiTestingBatchReport, ApiTestingTestCase, ApiTestingExecutionStream, ApiTestingTestStep, ApiTestingTestReport, ApiTestingProject] > 
  at <BaseTransition mode="out-in" appear=true persisted=false  ... > 
  at <Transition key=0 name="fade-slide" appear=""  ... > 
  at <RouterView> 
  at <LayoutContent> 
  at <LayoutContent id="__vben_main_content" content-compact="wide" content-compact-width=1200  ... > 
  at <VbenLayout sidebar-extra-visible=true onUpdate:sidebarExtraVisible=fn content-compact="wide"  ... > 
  at <BasicLayout onClearPreferencesAndLogout=fn<handleLogout> > 
  at <Basic onVnodeUnmounted=fn<onVnodeUnmounted> ref=Ref< Proxy(Object) > > 
  at <RouterView> 
  at <Anonymous message= {} notification= {} > 
  at <AApp> 
  at <LocaleProvider locale= {locale: zh-cn, Pagination: Object, DatePicker: Object, TimePicker: Object, Calendar: Object} _ANT_MARK__="internalMark" > 
  at <Anonymous prefixCls="anticon" csp=undefined layer=undefined > 
  at <Anonymous value= {override: Object, hashed: false, theme: Theme, token: Object, components: Object} > 
  at <Anonymous parentContext= {getPrefixCls: , iconPrefixCls: anticon} locale= {locale: zh-cn, Pagination: Object, DatePicker: Object, TimePicker: Object, Calendar: Object} theme= {algorithm: Array(1), token: Proxy(Object)}  ... > 
  at <AConfigProvider locale= {locale: zh-cn, Pagination: Object, DatePicker: Object, TimePicker: Object, Calendar: Object} theme= {algorithm: Array(1), token: Proxy(Object)} > 
  at <App> @ http://localhost:5173/node_modules/.vite/deps/chunk-NUZEDWKZ.js?v=eff7922a:1936
[ 2094470ms] [WARNING] [vxe table v4.17.48] 参数 "[toolbar] refresh={...}" 已废弃，请使用 "refresh=boolean & refresh-options={...}" @ http://localhost:5173/node_modules/.vite/deps/chunk-ZTR45YP4.js?v=eff7922a:5837
[ 2094471ms] [WARNING] [vxe table v4.17.48] 参数 "[toolbar] zoom={...}" 已废弃，请使用 "zoom=boolean & zoom-options={...}" @ http://localhost:5173/node_modules/.vite/deps/chunk-ZTR45YP4.js?v=eff7922a:5837
[ 2098400ms] [WARNING] [vxe table v4.17.48] 参数 "[toolbar] refresh={...}" 已废弃，请使用 "refresh=boolean & refresh-options={...}" @ http://localhost:5173/node_modules/.vite/deps/chunk-ZTR45YP4.js?v=eff7922a:5837
[ 2098400ms] [WARNING] [vxe table v4.17.48] 参数 "[toolbar] zoom={...}" 已废弃，请使用 "zoom=boolean & zoom-options={...}" @ http://localhost:5173/node_modules/.vite/deps/chunk-ZTR45YP4.js?v=eff7922a:5837
[ 2099736ms] [WARNING] [Vue warn]: Vue received a Component that was made a reactive object. This can lead to unnecessary performance overhead and should be avoided by marking the component with `markRaw` or using `shallowRef` instead of `ref`. 
Component that was made reactive:  {__name: CodeMirror, props: Object, emits: Array(3), setup: , __hmrId: 3670bf03} 
  at <PrimitiveSlot id="v-209-form-item" aria-describedby="v-209-form-item-description" aria-invalid=false  ... > 
  at <FormControl class="" > 
  at <FormItem class="flex-row items-center pb-4 relative flex flex-shrink-0" > 
  at <Field key=0 keepValue=true label="请求头"  ... > 
  at <FormField ref_for=true colon=false disabled=undefined  ... > 
  at <Form onKeydown=fn formApi= FormApi actionButtonsReverse=undefined  ... > 
  at <VbenUseForm formApi= FormApi > 
  at <VbenUseForm> 
  at <Primitive ref=fn<forwardRef> as-child=false as=undefined  ... > 
  at <DismissableLayer tabindex="-1" onKeydown=fn<handleKeyDown> style= {position: fixed}  ... > 
  at <PrimitiveSlot tabindex="-1" onKeydown=fn<handleKeyDown> style= {position: fixed}  ... > 
  at <Primitive ref_key="currentRef" ref=Ref< undefined > tabindex="-1"  ... > 
  at <FocusScope as-child="" loop="" trapped=false  ... > 
  at <DialogContentImpl as=undefined forceMount=false trapFocus=false  ... > 
  at <DialogContentNonModal key=1 ref=fn<ref> forceMount=false  ... > 
  at <Presence present=true style= {position: fixed} onAnimationend=fn<onAnimationEnd>  ... > 
  at <DialogContent ref="contentRef" style= {position: fixed} onAnimationend=fn<onAnimationEnd>  ... > 
  at <DialogContent ref="contentRef" append-to=undefined class="left-0 right-0 top-[10vh] mx-auto flex max-h-[80%] flex-col p-0 sm:rounded-[var(--radius)] w-[900px] border border-border duration-300"  ... > 
  at <DialogRoot modal=false open=true onUpdate:open=fn > 
  at <Dialog modal=false open=true onUpdate:open=fn > 
  at <Modal modalApi= ModalApi > 
  at <VbenModal> 
  at <Page auto-content-height="" > 
  at <ApiTestingTestStep > 
  at <ApiTestingTestStep onVnodeUnmounted=fn<onVnodeUnmounted> ref=Ref< Proxy(Object) > key="/plugins/teststep?test_case_id=1" > 
  at <KeepAlive key=0 exclude= [] include= [ApiTesting, ApiTestingTestReportDetail, ApiTestingDashboard, ApiTestingVariable, ApiTestingBatchReport, ApiTestingTestCase, ApiTestingExecutionStream, ApiTestingTestStep, ApiTestingTestReport, ApiTestingProject, ApiTestingEnvironment, ApiTestingTestSuite] > 
  at <BaseTransition mode="out-in" appear=true persisted=false  ... > 
  at <Transition key=0 name="fade-slide" appear=""  ... > 
  at <RouterView> 
  at <LayoutContent> 
  at <LayoutContent id="__vben_main_content" content-compact="wide" content-compact-width=1200  ... > 
  at <VbenLayout sidebar-extra-visible=true onUpdate:sidebarExtraVisible=fn content-compact="wide"  ... > 
  at <BasicLayout onClearPreferencesAndLogout=fn<handleLogout> > 
  at <Basic onVnodeUnmounted=fn<onVnodeUnmounted> ref=Ref< Proxy(Object) > > 
  at <RouterView> 
  at <Anonymous message= {} notification= {} > 
  at <AApp> 
  at <LocaleProvider locale= {locale: zh-cn, Pagination: Object, DatePicker: Object, TimePicker: Object, Calendar: Object} _ANT_MARK__="internalMark" > 
  at <Anonymous prefixCls="anticon" csp=undefined layer=undefined > 
  at <Anonymous value= {override: Object, hashed: false, theme: Theme, token: Object, components: Object} > 
  at <Anonymous parentContext= {getPrefixCls: , iconPrefixCls: anticon} locale= {locale: zh-cn, Pagination: Object, DatePicker: Object, TimePicker: Object, Calendar: Object} theme= {algorithm: Array(1), token: Proxy(Object)}  ... > 
  at <AConfigProvider locale= {locale: zh-cn, Pagination: Object, DatePicker: Object, TimePicker: Object, Calendar: Object} theme= {algorithm: Array(1), token: Proxy(Object)} > 
  at <App> @ http://localhost:5173/node_modules/.vite/deps/chunk-NUZEDWKZ.js?v=eff7922a:1936
[ 2099747ms] [WARNING] [Vue warn]: Vue received a Component that was made a reactive object. This can lead to unnecessary performance overhead and should be avoided by marking the component with `markRaw` or using `shallowRef` instead of `ref`. 
Component that was made reactive:  {__name: CodeMirror, props: Object, emits: Array(3), setup: , __hmrId: 3670bf03} 
  at <PrimitiveSlot id="v-210-form-item" aria-describedby="v-210-form-item-description" aria-invalid=false  ... > 
  at <FormControl class="" > 
  at <FormItem class="flex-row items-center pb-4 relative flex flex-shrink-0" > 
  at <Field key=0 keepValue=true label="查询参数"  ... > 
  at <FormField ref_for=true colon=false disabled=undefined  ... > 
  at <Form onKeydown=fn formApi= FormApi actionButtonsReverse=undefined  ... > 
  at <VbenUseForm formApi= FormApi > 
  at <VbenUseForm> 
  at <Primitive ref=fn<forwardRef> as-child=false as=undefined  ... > 
  at <DismissableLayer tabindex="-1" onKeydown=fn<handleKeyDown> style= {position: fixed}  ... > 
  at <PrimitiveSlot tabindex="-1" onKeydown=fn<handleKeyDown> style= {position: fixed}  ... > 
  at <Primitive ref_key="currentRef" ref=Ref< undefined > tabindex="-1"  ... > 
  at <FocusScope as-child="" loop="" trapped=false  ... > 
  at <DialogContentImpl as=undefined forceMount=false trapFocus=false  ... > 
  at <DialogContentNonModal key=1 ref=fn<ref> forceMount=false  ... > 
  at <Presence present=true style= {position: fixed} onAnimationend=fn<onAnimationEnd>  ... > 
  at <DialogContent ref="contentRef" style= {position: fixed} onAnimationend=fn<onAnimationEnd>  ... > 
  at <DialogContent ref="contentRef" append-to=undefined class="left-0 right-0 top-[10vh] mx-auto flex max-h-[80%] flex-col p-0 sm:rounded-[var(--radius)] w-[900px] border border-border duration-300"  ... > 
  at <DialogRoot modal=false open=true onUpdate:open=fn > 
  at <Dialog modal=false open=true onUpdate:open=fn > 
  at <Modal modalApi= ModalApi > 
  at <VbenModal> 
  at <Page auto-content-height="" > 
  at <ApiTestingTestStep > 
  at <ApiTestingTestStep onVnodeUnmounted=fn<onVnodeUnmounted> ref=Ref< Proxy(Object) > key="/plugins/teststep?test_case_id=1" > 
  at <KeepAlive key=0 exclude= [] include= [ApiTesting, ApiTestingTestReportDetail, ApiTestingDashboard, ApiTestingVariable, ApiTestingBatchReport, ApiTestingTestCase, ApiTestingExecutionStream, ApiTestingTestStep, ApiTestingTestReport, ApiTestingProject, ApiTestingEnvironment, ApiTestingTestSuite] > 
  at <BaseTransition mode="out-in" appear=true persisted=false  ... > 
  at <Transition key=0 name="fade-slide" appear=""  ... > 
  at <RouterView> 
  at <LayoutContent> 
  at <LayoutContent id="__vben_main_content" content-compact="wide" content-compact-width=1200  ... > 
  at <VbenLayout sidebar-extra-visible=true onUpdate:sidebarExtraVisible=fn content-compact="wide"  ... > 
  at <BasicLayout onClearPreferencesAndLogout=fn<handleLogout> > 
  at <Basic onVnodeUnmounted=fn<onVnodeUnmounted> ref=Ref< Proxy(Object) > > 
  at <RouterView> 
  at <Anonymous message= {} notification= {} > 
  at <AApp> 
  at <LocaleProvider locale= {locale: zh-cn, Pagination: Object, DatePicker: Object, TimePicker: Object, Calendar: Object} _ANT_MARK__="internalMark" > 
  at <Anonymous prefixCls="anticon" csp=undefined layer=undefined > 
  at <Anonymous value= {override: Object, hashed: false, theme: Theme, token: Object, components: Object} > 
  at <Anonymous parentContext= {getPrefixCls: , iconPrefixCls: anticon} locale= {locale: zh-cn, Pagination: Object, DatePicker: Object, TimePicker: Object, Calendar: Object} theme= {algorithm: Array(1), token: Proxy(Object)}  ... > 
  at <AConfigProvider locale= {locale: zh-cn, Pagination: Object, DatePicker: Object, TimePicker: Object, Calendar: Object} theme= {algorithm: Array(1), token: Proxy(Object)} > 
  at <App> @ http://localhost:5173/node_modules/.vite/deps/chunk-NUZEDWKZ.js?v=eff7922a:1936
[ 2099753ms] [WARNING] [Vue warn]: Vue received a Component that was made a reactive object. This can lead to unnecessary performance overhead and should be avoided by marking the component with `markRaw` or using `shallowRef` instead of `ref`. 
Component that was made reactive:  {__name: CodeMirror, props: Object, emits: Array(3), setup: , __hmrId: 3670bf03} 
  at <PrimitiveSlot id="v-211-form-item" aria-describedby="v-211-form-item-description" aria-invalid=false  ... > 
  at <FormControl class="" > 
  at <FormItem class="flex-row items-center pb-4 relative flex flex-shrink-0" > 
  at <Field key=0 keepValue=true label="请求体"  ... > 
  at <FormField ref_for=true colon=false disabled=undefined  ... > 
  at <Form onKeydown=fn formApi= FormApi actionButtonsReverse=undefined  ... > 
  at <VbenUseForm formApi= FormApi > 
  at <VbenUseForm> 
  at <Primitive ref=fn<forwardRef> as-child=false as=undefined  ... > 
  at <DismissableLayer tabindex="-1" onKeydown=fn<handleKeyDown> style= {position: fixed}  ... > 
  at <PrimitiveSlot tabindex="-1" onKeydown=fn<handleKeyDown> style= {position: fixed}  ... > 
  at <Primitive ref_key="currentRef" ref=Ref< undefined > tabindex="-1"  ... > 
  at <FocusScope as-child="" loop="" trapped=false  ... > 
  at <DialogContentImpl as=undefined forceMount=false trapFocus=false  ... > 
  at <DialogContentNonModal key=1 ref=fn<ref> forceMount=false  ... > 
  at <Presence present=true style= {position: fixed} onAnimationend=fn<onAnimationEnd>  ... > 
  at <DialogContent ref="contentRef" style= {position: fixed} onAnimationend=fn<onAnimationEnd>  ... > 
  at <DialogContent ref="contentRef" append-to=undefined class="left-0 right-0 top-[10vh] mx-auto flex max-h-[80%] flex-col p-0 sm:rounded-[var(--radius)] w-[900px] border border-border duration-300"  ... > 
  at <DialogRoot modal=false open=true onUpdate:open=fn > 
  at <Dialog modal=false open=true onUpdate:open=fn > 
  at <Modal modalApi= ModalApi > 
  at <VbenModal> 
  at <Page auto-content-height="" > 
  at <ApiTestingTestStep > 
  at <ApiTestingTestStep onVnodeUnmounted=fn<onVnodeUnmounted> ref=Ref< Proxy(Object) > key="/plugins/teststep?test_case_id=1" > 
  at <KeepAlive key=0 exclude= [] include= [ApiTesting, ApiTestingTestReportDetail, ApiTestingDashboard, ApiTestingVariable, ApiTestingBatchReport, ApiTestingTestCase, ApiTestingExecutionStream, ApiTestingTestStep, ApiTestingTestReport, ApiTestingProject, ApiTestingEnvironment, ApiTestingTestSuite] > 
  at <BaseTransition mode="out-in" appear=true persisted=false  ... > 
  at <Transition key=0 name="fade-slide" appear=""  ... > 
  at <RouterView> 
  at <LayoutContent> 
  at <LayoutContent id="__vben_main_content" content-compact="wide" content-compact-width=1200  ... > 
  at <VbenLayout sidebar-extra-visible=true onUpdate:sidebarExtraVisible=fn content-compact="wide"  ... > 
  at <BasicLayout onClearPreferencesAndLogout=fn<handleLogout> > 
  at <Basic onVnodeUnmounted=fn<onVnodeUnmounted> ref=Ref< Proxy(Object) > > 
  at <RouterView> 
  at <Anonymous message= {} notification= {} > 
  at <AApp> 
  at <LocaleProvider locale= {locale: zh-cn, Pagination: Object, DatePicker: Object, TimePicker: Object, Calendar: Object} _ANT_MARK__="internalMark" > 
  at <Anonymous prefixCls="anticon" csp=undefined layer=undefined > 
  at <Anonymous value= {override: Object, hashed: false, theme: Theme, token: Object, components: Object} > 
  at <Anonymous parentContext= {getPrefixCls: , iconPrefixCls: anticon} locale= {locale: zh-cn, Pagination: Object, DatePicker: Object, TimePicker: Object, Calendar: Object} theme= {algorithm: Array(1), token: Proxy(Object)}  ... > 
  at <AConfigProvider locale= {locale: zh-cn, Pagination: Object, DatePicker: Object, TimePicker: Object, Calendar: Object} theme= {algorithm: Array(1), token: Proxy(Object)} > 
  at <App> @ http://localhost:5173/node_modules/.vite/deps/chunk-NUZEDWKZ.js?v=eff7922a:1936
[ 2099763ms] [WARNING] [Vue warn]: Vue received a Component that was made a reactive object. This can lead to unnecessary performance overhead and should be avoided by marking the component with `markRaw` or using `shallowRef` instead of `ref`. 
Component that was made reactive:  {__name: CodeMirror, props: Object, emits: Array(3), setup: , __hmrId: 3670bf03} 
  at <PrimitiveSlot id="v-212-form-item" aria-describedby="v-212-form-item-description" aria-invalid=false  ... > 
  at <FormControl class="" > 
  at <FormItem class="flex-row items-center pb-4 relative flex flex-shrink-0" > 
  at <Field key=0 keepValue=true label="文件上传"  ... > 
  at <FormField ref_for=true colon=false disabled=undefined  ... > 
  at <Form onKeydown=fn formApi= FormApi actionButtonsReverse=undefined  ... > 
  at <VbenUseForm formApi= FormApi > 
  at <VbenUseForm> 
  at <Primitive ref=fn<forwardRef> as-child=false as=undefined  ... > 
  at <DismissableLayer tabindex="-1" onKeydown=fn<handleKeyDown> style= {position: fixed}  ... > 
  at <PrimitiveSlot tabindex="-1" onKeydown=fn<handleKeyDown> style= {position: fixed}  ... > 
  at <Primitive ref_key="currentRef" ref=Ref< undefined > tabindex="-1"  ... > 
  at <FocusScope as-child="" loop="" trapped=false  ... > 
  at <DialogContentImpl as=undefined forceMount=false trapFocus=false  ... > 
  at <DialogContentNonModal key=1 ref=fn<ref> forceMount=false  ... > 
  at <Presence present=true style= {position: fixed} onAnimationend=fn<onAnimationEnd>  ... > 
  at <DialogContent ref="contentRef" style= {position: fixed} onAnimationend=fn<onAnimationEnd>  ... > 
  at <DialogContent ref="contentRef" append-to=undefined class="left-0 right-0 top-[10vh] mx-auto flex max-h-[80%] flex-col p-0 sm:rounded-[var(--radius)] w-[900px] border border-border duration-300"  ... > 
  at <DialogRoot modal=false open=true onUpdate:open=fn > 
  at <Dialog modal=false open=true onUpdate:open=fn > 
  at <Modal modalApi= ModalApi > 
  at <VbenModal> 
  at <Page auto-content-height="" > 
  at <ApiTestingTestStep > 
  at <ApiTestingTestStep onVnodeUnmounted=fn<onVnodeUnmounted> ref=Ref< Proxy(Object) > key="/plugins/teststep?test_case_id=1" > 
  at <KeepAlive key=0 exclude= [] include= [ApiTesting, ApiTestingTestReportDetail, ApiTestingDashboard, ApiTestingVariable, ApiTestingBatchReport, ApiTestingTestCase, ApiTestingExecutionStream, ApiTestingTestStep, ApiTestingTestReport, ApiTestingProject, ApiTestingEnvironment, ApiTestingTestSuite] > 
  at <BaseTransition mode="out-in" appear=true persisted=false  ... > 
  at <Transition key=0 name="fade-slide" appear=""  ... > 
  at <RouterView> 
  at <LayoutContent> 
  at <LayoutContent id="__vben_main_content" content-compact="wide" content-compact-width=1200  ... > 
  at <VbenLayout sidebar-extra-visible=true onUpdate:sidebarExtraVisible=fn content-compact="wide"  ... > 
  at <BasicLayout onClearPreferencesAndLogout=fn<handleLogout> > 
  at <Basic onVnodeUnmounted=fn<onVnodeUnmounted> ref=Ref< Proxy(Object) > > 
  at <RouterView> 
  at <Anonymous message= {} notification= {} > 
  at <AApp> 
  at <LocaleProvider locale= {locale: zh-cn, Pagination: Object, DatePicker: Object, TimePicker: Object, Calendar: Object} _ANT_MARK__="internalMark" > 
  at <Anonymous prefixCls="anticon" csp=undefined layer=undefined > 
  at <Anonymous value= {override: Object, hashed: false, theme: Theme, token: Object, components: Object} > 
  at <Anonymous parentContext= {getPrefixCls: , iconPrefixCls: anticon} locale= {locale: zh-cn, Pagination: Object, DatePicker: Object, TimePicker: Object, Calendar: Object} theme= {algorithm: Array(1), token: Proxy(Object)}  ... > 
  at <AConfigProvider locale= {locale: zh-cn, Pagination: Object, DatePicker: Object, TimePicker: Object, Calendar: Object} theme= {algorithm: Array(1), token: Proxy(Object)} > 
  at <App> @ http://localhost:5173/node_modules/.vite/deps/chunk-NUZEDWKZ.js?v=eff7922a:1936
[ 2099771ms] [WARNING] [Vue warn]: Vue received a Component that was made a reactive object. This can lead to unnecessary performance overhead and should be avoided by marking the component with `markRaw` or using `shallowRef` instead of `ref`. 
Component that was made reactive:  {__name: CodeMirror, props: Object, emits: Array(3), setup: , __hmrId: 3670bf03} 
  at <PrimitiveSlot id="v-213-form-item" aria-describedby="v-213-form-item-description" aria-invalid=false  ... > 
  at <FormControl class="" > 
  at <FormItem class="flex-row items-center pb-4 relative flex flex-shrink-0" > 
  at <Field key=0 keepValue=true label="认证信息"  ... > 
  at <FormField ref_for=true colon=false disabled=undefined  ... > 
  at <Form onKeydown=fn formApi= FormApi actionButtonsReverse=undefined  ... > 
  at <VbenUseForm formApi= FormApi > 
  at <VbenUseForm> 
  at <Primitive ref=fn<forwardRef> as-child=false as=undefined  ... > 
  at <DismissableLayer tabindex="-1" onKeydown=fn<handleKeyDown> style= {position: fixed}  ... > 
  at <PrimitiveSlot tabindex="-1" onKeydown=fn<handleKeyDown> style= {position: fixed}  ... > 
  at <Primitive ref_key="currentRef" ref=Ref< undefined > tabindex="-1"  ... > 
  at <FocusScope as-child="" loop="" trapped=false  ... > 
  at <DialogContentImpl as=undefined forceMount=false trapFocus=false  ... > 
  at <DialogContentNonModal key=1 ref=fn<ref> forceMount=false  ... > 
  at <Presence present=true style= {position: fixed} onAnimationend=fn<onAnimationEnd>  ... > 
  at <DialogContent ref="contentRef" style= {position: fixed} onAnimationend=fn<onAnimationEnd>  ... > 
  at <DialogContent ref="contentRef" append-to=undefined class="left-0 right-0 top-[10vh] mx-auto flex max-h-[80%] flex-col p-0 sm:rounded-[var(--radius)] w-[900px] border border-border duration-300"  ... > 
  at <DialogRoot modal=false open=true onUpdate:open=fn > 
  at <Dialog modal=false open=true onUpdate:open=fn > 
  at <Modal modalApi= ModalApi > 
  at <VbenModal> 
  at <Page auto-content-height="" > 
  at <ApiTestingTestStep > 
  at <ApiTestingTestStep onVnodeUnmounted=fn<onVnodeUnmounted> ref=Ref< Proxy(Object) > key="/plugins/teststep?test_case_id=1" > 
  at <KeepAlive key=0 exclude= [] include= [ApiTesting, ApiTestingTestReportDetail, ApiTestingDashboard, ApiTestingVariable, ApiTestingBatchReport, ApiTestingTestCase, ApiTestingExecutionStream, ApiTestingTestStep, ApiTestingTestReport, ApiTestingProject, ApiTestingEnvironment, ApiTestingTestSuite] > 
  at <BaseTransition mode="out-in" appear=true persisted=false  ... > 
  at <Transition key=0 name="fade-slide" appear=""  ... > 
  at <RouterView> 
  at <LayoutContent> 
  at <LayoutContent id="__vben_main_content" content-compact="wide" content-compact-width=1200  ... > 
  at <VbenLayout sidebar-extra-visible=true onUpdate:sidebarExtraVisible=fn content-compact="wide"  ... > 
  at <BasicLayout onClearPreferencesAndLogout=fn<handleLogout> > 
  at <Basic onVnodeUnmounted=fn<onVnodeUnmounted> ref=Ref< Proxy(Object) > > 
  at <RouterView> 
  at <Anonymous message= {} notification= {} > 
  at <AApp> 
  at <LocaleProvider locale= {locale: zh-cn, Pagination: Object, DatePicker: Object, TimePicker: Object, Calendar: Object} _ANT_MARK__="internalMark" > 
  at <Anonymous prefixCls="anticon" csp=undefined layer=undefined > 
  at <Anonymous value= {override: Object, hashed: false, theme: Theme, token: Object, components: Object} > 
  at <Anonymous parentContext= {getPrefixCls: , iconPrefixCls: anticon} locale= {locale: zh-cn, Pagination: Object, DatePicker: Object, TimePicker: Object, Calendar: Object} theme= {algorithm: Array(1), token: Proxy(Object)}  ... > 
  at <AConfigProvider locale= {locale: zh-cn, Pagination: Object, DatePicker: Object, TimePicker: Object, Calendar: Object} theme= {algorithm: Array(1), token: Proxy(Object)} > 
  at <App> @ http://localhost:5173/node_modules/.vite/deps/chunk-NUZEDWKZ.js?v=eff7922a:1936
[ 2099780ms] [WARNING] [Vue warn]: Vue received a Component that was made a reactive object. This can lead to unnecessary performance overhead and should be avoided by marking the component with `markRaw` or using `shallowRef` instead of `ref`. 
Component that was made reactive:  {__name: CodeMirror, props: Object, emits: Array(3), setup: , __hmrId: 3670bf03} 
  at <PrimitiveSlot id="v-214-form-item" aria-describedby="v-214-form-item-description" aria-invalid=false  ... > 
  at <FormControl class="" > 
  at <FormItem class="flex-row items-center pb-4 relative flex flex-shrink-0" > 
  at <Field key=0 keepValue=true label="变量提取"  ... > 
  at <FormField ref_for=true colon=false disabled=undefined  ... > 
  at <Form onKeydown=fn formApi= FormApi actionButtonsReverse=undefined  ... > 
  at <VbenUseForm formApi= FormApi > 
  at <VbenUseForm> 
  at <Primitive ref=fn<forwardRef> as-child=false as=undefined  ... > 
  at <DismissableLayer tabindex="-1" onKeydown=fn<handleKeyDown> style= {position: fixed}  ... > 
  at <PrimitiveSlot tabindex="-1" onKeydown=fn<handleKeyDown> style= {position: fixed}  ... > 
  at <Primitive ref_key="currentRef" ref=Ref< undefined > tabindex="-1"  ... > 
  at <FocusScope as-child="" loop="" trapped=false  ... > 
  at <DialogContentImpl as=undefined forceMount=false trapFocus=false  ... > 
  at <DialogContentNonModal key=1 ref=fn<ref> forceMount=false  ... > 
  at <Presence present=true style= {position: fixed} onAnimationend=fn<onAnimationEnd>  ... > 
  at <DialogContent ref="contentRef" style= {position: fixed} onAnimationend=fn<onAnimationEnd>  ... > 
  at <DialogContent ref="contentRef" append-to=undefined class="left-0 right-0 top-[10vh] mx-auto flex max-h-[80%] flex-col p-0 sm:rounded-[var(--radius)] w-[900px] border border-border duration-300"  ... > 
  at <DialogRoot modal=false open=true onUpdate:open=fn > 
  at <Dialog modal=false open=true onUpdate:open=fn > 
  at <Modal modalApi= ModalApi > 
  at <VbenModal> 
  at <Page auto-content-height="" > 
  at <ApiTestingTestStep > 
  at <ApiTestingTestStep onVnodeUnmounted=fn<onVnodeUnmounted> ref=Ref< Proxy(Object) > key="/plugins/teststep?test_case_id=1" > 
  at <KeepAlive key=0 exclude= [] include= [ApiTesting, ApiTestingTestReportDetail, ApiTestingDashboard, ApiTestingVariable, ApiTestingBatchReport, ApiTestingTestCase, ApiTestingExecutionStream, ApiTestingTestStep, ApiTestingTestReport, ApiTestingProject, ApiTestingEnvironment, ApiTestingTestSuite] > 
  at <BaseTransition mode="out-in" appear=true persisted=false  ... > 
  at <Transition key=0 name="fade-slide" appear=""  ... > 
  at <RouterView> 
  at <LayoutContent> 
  at <LayoutContent id="__vben_main_content" content-compact="wide" content-compact-width=1200  ... > 
  at <VbenLayout sidebar-extra-visible=true onUpdate:sidebarExtraVisible=fn content-compact="wide"  ... > 
  at <BasicLayout onClearPreferencesAndLogout=fn<handleLogout> > 
  at <Basic onVnodeUnmounted=fn<onVnodeUnmounted> ref=Ref< Proxy(Object) > > 
  at <RouterView> 
  at <Anonymous message= {} notification= {} > 
  at <AApp> 
  at <LocaleProvider locale= {locale: zh-cn, Pagination: Object, DatePicker: Object, TimePicker: Object, Calendar: Object} _ANT_MARK__="internalMark" > 
  at <Anonymous prefixCls="anticon" csp=undefined layer=undefined > 
  at <Anonymous value= {override: Object, hashed: false, theme: Theme, token: Object, components: Object} > 
  at <Anonymous parentContext= {getPrefixCls: , iconPrefixCls: anticon} locale= {locale: zh-cn, Pagination: Object, DatePicker: Object, TimePicker: Object, Calendar: Object} theme= {algorithm: Array(1), token: Proxy(Object)}  ... > 
  at <AConfigProvider locale= {locale: zh-cn, Pagination: Object, DatePicker: Object, TimePicker: Object, Calendar: Object} theme= {algorithm: Array(1), token: Proxy(Object)} > 
  at <App> @ http://localhost:5173/node_modules/.vite/deps/chunk-NUZEDWKZ.js?v=eff7922a:1936
[ 2099789ms] [WARNING] [Vue warn]: Vue received a Component that was made a reactive object. This can lead to unnecessary performance overhead and should be avoided by marking the component with `markRaw` or using `shallowRef` instead of `ref`. 
Component that was made reactive:  {__name: CodeMirror, props: Object, emits: Array(3), setup: , __hmrId: 3670bf03} 
  at <PrimitiveSlot id="v-215-form-item" aria-describedby="v-215-form-item-description" aria-invalid=false  ... > 
  at <FormControl class="" > 
  at <FormItem class="flex-row items-center pb-4 relative flex flex-shrink-0" > 
  at <Field key=0 keepValue=true label="断言规则"  ... > 
  at <FormField ref_for=true colon=false disabled=undefined  ... > 
  at <Form onKeydown=fn formApi= FormApi actionButtonsReverse=undefined  ... > 
  at <VbenUseForm formApi= FormApi > 
  at <VbenUseForm> 
  at <Primitive ref=fn<forwardRef> as-child=false as=undefined  ... > 
  at <DismissableLayer tabindex="-1" onKeydown=fn<handleKeyDown> style= {position: fixed}  ... > 
  at <PrimitiveSlot tabindex="-1" onKeydown=fn<handleKeyDown> style= {position: fixed}  ... > 
  at <Primitive ref_key="currentRef" ref=Ref< undefined > tabindex="-1"  ... > 
  at <FocusScope as-child="" loop="" trapped=false  ... > 
  at <DialogContentImpl as=undefined forceMount=false trapFocus=false  ... > 
  at <DialogContentNonModal key=1 ref=fn<ref> forceMount=false  ... > 
  at <Presence present=true style= {position: fixed} onAnimationend=fn<onAnimationEnd>  ... > 
  at <DialogContent ref="contentRef" style= {position: fixed} onAnimationend=fn<onAnimationEnd>  ... > 
  at <DialogContent ref="contentRef" append-to=undefined class="left-0 right-0 top-[10vh] mx-auto flex max-h-[80%] flex-col p-0 sm:rounded-[var(--radius)] w-[900px] border border-border duration-300"  ... > 
  at <DialogRoot modal=false open=true onUpdate:open=fn > 
  at <Dialog modal=false open=true onUpdate:open=fn > 
  at <Modal modalApi= ModalApi > 
  at <VbenModal> 
  at <Page auto-content-height="" > 
  at <ApiTestingTestStep > 
  at <ApiTestingTestStep onVnodeUnmounted=fn<onVnodeUnmounted> ref=Ref< Proxy(Object) > key="/plugins/teststep?test_case_id=1" > 
  at <KeepAlive key=0 exclude= [] include= [ApiTesting, ApiTestingTestReportDetail, ApiTestingDashboard, ApiTestingVariable, ApiTestingBatchReport, ApiTestingTestCase, ApiTestingExecutionStream, ApiTestingTestStep, ApiTestingTestReport, ApiTestingProject, ApiTestingEnvironment, ApiTestingTestSuite] > 
  at <BaseTransition mode="out-in" appear=true persisted=false  ... > 
  at <Transition key=0 name="fade-slide" appear=""  ... > 
  at <RouterView> 
  at <LayoutContent> 
  at <LayoutContent id="__vben_main_content" content-compact="wide" content-compact-width=1200  ... > 
  at <VbenLayout sidebar-extra-visible=true onUpdate:sidebarExtraVisible=fn content-compact="wide"  ... > 
  at <BasicLayout onClearPreferencesAndLogout=fn<handleLogout> > 
  at <Basic onVnodeUnmounted=fn<onVnodeUnmounted> ref=Ref< Proxy(Object) > > 
  at <RouterView> 
  at <Anonymous message= {} notification= {} > 
  at <AApp> 
  at <LocaleProvider locale= {locale: zh-cn, Pagination: Object, DatePicker: Object, TimePicker: Object, Calendar: Object} _ANT_MARK__="internalMark" > 
  at <Anonymous prefixCls="anticon" csp=undefined layer=undefined > 
  at <Anonymous value= {override: Object, hashed: false, theme: Theme, token: Object, components: Object} > 
  at <Anonymous parentContext= {getPrefixCls: , iconPrefixCls: anticon} locale= {locale: zh-cn, Pagination: Object, DatePicker: Object, TimePicker: Object, Calendar: Object} theme= {algorithm: Array(1), token: Proxy(Object)}  ... > 
  at <AConfigProvider locale= {locale: zh-cn, Pagination: Object, DatePicker: Object, TimePicker: Object, Calendar: Object} theme= {algorithm: Array(1), token: Proxy(Object)} > 
  at <App> @ http://localhost:5173/node_modules/.vite/deps/chunk-NUZEDWKZ.js?v=eff7922a:1936
[ 2099799ms] [WARNING] [Vue warn]: Vue received a Component that was made a reactive object. This can lead to unnecessary performance overhead and should be avoided by marking the component with `markRaw` or using `shallowRef` instead of `ref`. 
Component that was made reactive:  {__name: CodeMirror, props: Object, emits: Array(3), setup: , __hmrId: 3670bf03} 
  at <PrimitiveSlot id="v-216-form-item" aria-describedby="v-216-form-item-description" aria-invalid=false  ... > 
  at <FormControl class="" > 
  at <FormItem class="flex-row items-center pb-4 relative flex flex-shrink-0" > 
  at <Field key=0 keepValue=true label="SQL查询"  ... > 
  at <FormField ref_for=true colon=false disabled=undefined  ... > 
  at <Form onKeydown=fn formApi= FormApi actionButtonsReverse=undefined  ... > 
  at <VbenUseForm formApi= FormApi > 
  at <VbenUseForm> 
  at <Primitive ref=fn<forwardRef> as-child=false as=undefined  ... > 
  at <DismissableLayer tabindex="-1" onKeydown=fn<handleKeyDown> style= {position: fixed}  ... > 
  at <PrimitiveSlot tabindex="-1" onKeydown=fn<handleKeyDown> style= {position: fixed}  ... > 
  at <Primitive ref_key="currentRef" ref=Ref< undefined > tabindex="-1"  ... > 
  at <FocusScope as-child="" loop="" trapped=false  ... > 
  at <DialogContentImpl as=undefined forceMount=false trapFocus=false  ... > 
  at <DialogContentNonModal key=1 ref=fn<ref> forceMount=false  ... > 
  at <Presence present=true style= {position: fixed} onAnimationend=fn<onAnimationEnd>  ... > 
  at <DialogContent ref="contentRef" style= {position: fixed} onAnimationend=fn<onAnimationEnd>  ... > 
  at <DialogContent ref="contentRef" append-to=undefined class="left-0 right-0 top-[10vh] mx-auto flex max-h-[80%] flex-col p-0 sm:rounded-[var(--radius)] w-[900px] border border-border duration-300"  ... > 
  at <DialogRoot modal=false open=true onUpdate:open=fn > 
  at <Dialog modal=false open=true onUpdate:open=fn > 
  at <Modal modalApi= ModalApi > 
  at <VbenModal> 
  at <Page auto-content-height="" > 
  at <ApiTestingTestStep > 
  at <ApiTestingTestStep onVnodeUnmounted=fn<onVnodeUnmounted> ref=Ref< Proxy(Object) > key="/plugins/teststep?test_case_id=1" > 
  at <KeepAlive key=0 exclude= [] include= [ApiTesting, ApiTestingTestReportDetail, ApiTestingDashboard, ApiTestingVariable, ApiTestingBatchReport, ApiTestingTestCase, ApiTestingExecutionStream, ApiTestingTestStep, ApiTestingTestReport, ApiTestingProject, ApiTestingEnvironment, ApiTestingTestSuite] > 
  at <BaseTransition mode="out-in" appear=true persisted=false  ... > 
  at <Transition key=0 name="fade-slide" appear=""  ... > 
  at <RouterView> 
  at <LayoutContent> 
  at <LayoutContent id="__vben_main_content" content-compact="wide" content-compact-width=1200  ... > 
  at <VbenLayout sidebar-extra-visible=true onUpdate:sidebarExtraVisible=fn content-compact="wide"  ... > 
  at <BasicLayout onClearPreferencesAndLogout=fn<handleLogout> > 
  at <Basic onVnodeUnmounted=fn<onVnodeUnmounted> ref=Ref< Proxy(Object) > > 
  at <RouterView> 
  at <Anonymous message= {} notification= {} > 
  at <AApp> 
  at <LocaleProvider locale= {locale: zh-cn, Pagination: Object, DatePicker: Object, TimePicker: Object, Calendar: Object} _ANT_MARK__="internalMark" > 
  at <Anonymous prefixCls="anticon" csp=undefined layer=undefined > 
  at <Anonymous value= {override: Object, hashed: false, theme: Theme, token: Object, components: Object} > 
  at <Anonymous parentContext= {getPrefixCls: , iconPrefixCls: anticon} locale= {locale: zh-cn, Pagination: Object, DatePicker: Object, TimePicker: Object, Calendar: Object} theme= {algorithm: Array(1), token: Proxy(Object)}  ... > 
  at <AConfigProvider locale= {locale: zh-cn, Pagination: Object, DatePicker: Object, TimePicker: Object, Calendar: Object} theme= {algorithm: Array(1), token: Proxy(Object)} > 
  at <App> @ http://localhost:5173/node_modules/.vite/deps/chunk-NUZEDWKZ.js?v=eff7922a:1936
[ 2099920ms] [WARNING] [Vue warn]: Vue received a Component that was made a reactive object. This can lead to unnecessary performance overhead and should be avoided by marking the component with `markRaw` or using `shallowRef` instead of `ref`. 
Component that was made reactive:  {__name: CodeMirror, props: Object, emits: Array(3), setup: , __hmrId: 3670bf03} 
  at <PrimitiveSlot id="v-209-form-item" aria-describedby="v-209-form-item-description" aria-invalid=false  ... > 
  at <FormControl class="" > 
  at <FormItem class="flex-row items-center pb-4 relative flex flex-shrink-0" > 
  at <Field key=0 keepValue=true label="请求头"  ... > 
  at <FormField ref_for=true colon=false disabled=undefined  ... > 
  at <Form onKeydown=fn formApi= FormApi actionButtonsReverse=undefined  ... > 
  at <VbenUseForm formApi= FormApi > 
  at <VbenUseForm> 
  at <Primitive ref=fn<forwardRef> as-child=false as=undefined  ... > 
  at <DismissableLayer tabindex="-1" onKeydown=fn<handleKeyDown> style= {position: fixed}  ... > 
  at <PrimitiveSlot tabindex="-1" onKeydown=fn<handleKeyDown> style= {position: fixed}  ... > 
  at <Primitive ref_key="currentRef" ref=Ref< Proxy(Object) > tabindex="-1"  ... > 
  at <FocusScope as-child="" loop="" trapped=false  ... > 
  at <DialogContentImpl as=undefined forceMount=false trapFocus=false  ... > 
  at <DialogContentNonModal key=1 ref=fn<ref> forceMount=false  ... > 
  at <Presence present=true style= {position: fixed} onAnimationend=fn<onAnimationEnd>  ... > 
  at <DialogContent ref="contentRef" style= {position: fixed} onAnimationend=fn<onAnimationEnd>  ... > 
  at <DialogContent ref="contentRef" append-to=undefined class="left-0 right-0 top-[10vh] mx-auto flex max-h-[80%] flex-col p-0 sm:rounded-[var(--radius)] w-[900px] border border-border duration-300"  ... > 
  at <DialogRoot modal=false open=true onUpdate:open=fn > 
  at <Dialog modal=false open=true onUpdate:open=fn > 
  at <Modal modalApi= ModalApi > 
  at <VbenModal> 
  at <Page auto-content-height="" > 
  at <ApiTestingTestStep > 
  at <ApiTestingTestStep onVnodeUnmounted=fn<onVnodeUnmounted> ref=Ref< Proxy(Object) > key="/plugins/teststep?test_case_id=1" > 
  at <KeepAlive key=0 exclude= [] include= [ApiTesting, ApiTestingTestReportDetail, ApiTestingDashboard, ApiTestingVariable, ApiTestingBatchReport, ApiTestingTestCase, ApiTestingExecutionStream, ApiTestingTestStep, ApiTestingTestReport, ApiTestingProject, ApiTestingEnvironment, ApiTestingTestSuite] > 
  at <BaseTransition mode="out-in" appear=true persisted=false  ... > 
  at <Transition key=0 name="fade-slide" appear=""  ... > 
  at <RouterView> 
  at <LayoutContent> 
  at <LayoutContent id="__vben_main_content" content-compact="wide" content-compact-width=1200  ... > 
  at <VbenLayout sidebar-extra-visible=true onUpdate:sidebarExtraVisible=fn content-compact="wide"  ... > 
  at <BasicLayout onClearPreferencesAndLogout=fn<handleLogout> > 
  at <Basic onVnodeUnmounted=fn<onVnodeUnmounted> ref=Ref< Proxy(Object) > > 
  at <RouterView> 
  at <Anonymous message= {} notification= {} > 
  at <AApp> 
  at <LocaleProvider locale= {locale: zh-cn, Pagination: Object, DatePicker: Object, TimePicker: Object, Calendar: Object} _ANT_MARK__="internalMark" > 
  at <Anonymous prefixCls="anticon" csp=undefined layer=undefined > 
  at <Anonymous value= {override: Object, hashed: false, theme: Theme, token: Object, components: Object} > 
  at <Anonymous parentContext= {getPrefixCls: , iconPrefixCls: anticon} locale= {locale: zh-cn, Pagination: Object, DatePicker: Object, TimePicker: Object, Calendar: Object} theme= {algorithm: Array(1), token: Proxy(Object)}  ... > 
  at <AConfigProvider locale= {locale: zh-cn, Pagination: Object, DatePicker: Object, TimePicker: Object, Calendar: Object} theme= {algorithm: Array(1), token: Proxy(Object)} > 
  at <App> @ http://localhost:5173/node_modules/.vite/deps/chunk-NUZEDWKZ.js?v=eff7922a:1936
[ 2099924ms] [WARNING] [Vue warn]: Vue received a Component that was made a reactive object. This can lead to unnecessary performance overhead and should be avoided by marking the component with `markRaw` or using `shallowRef` instead of `ref`. 
Component that was made reactive:  {__name: CodeMirror, props: Object, emits: Array(3), setup: , __hmrId: 3670bf03} 
  at <PrimitiveSlot id="v-210-form-item" aria-describedby="v-210-form-item-description" aria-invalid=false  ... > 
  at <FormControl class="" > 
  at <FormItem class="flex-row items-center pb-4 relative flex flex-shrink-0" > 
  at <Field key=0 keepValue=true label="查询参数"  ... > 
  at <FormField ref_for=true colon=false disabled=undefined  ... > 
  at <Form onKeydown=fn formApi= FormApi actionButtonsReverse=undefined  ... > 
  at <VbenUseForm formApi= FormApi > 
  at <VbenUseForm> 
  at <Primitive ref=fn<forwardRef> as-child=false as=undefined  ... > 
  at <DismissableLayer tabindex="-1" onKeydown=fn<handleKeyDown> style= {position: fixed}  ... > 
  at <PrimitiveSlot tabindex="-1" onKeydown=fn<handleKeyDown> style= {position: fixed}  ... > 
  at <Primitive ref_key="currentRef" ref=Ref< Proxy(Object) > tabindex="-1"  ... > 
  at <FocusScope as-child="" loop="" trapped=false  ... > 
  at <DialogContentImpl as=undefined forceMount=false trapFocus=false  ... > 
  at <DialogContentNonModal key=1 ref=fn<ref> forceMount=false  ... > 
  at <Presence present=true style= {position: fixed} onAnimationend=fn<onAnimationEnd>  ... > 
  at <DialogContent ref="contentRef" style= {position: fixed} onAnimationend=fn<onAnimationEnd>  ... > 
  at <DialogContent ref="contentRef" append-to=undefined class="left-0 right-0 top-[10vh] mx-auto flex max-h-[80%] flex-col p-0 sm:rounded-[var(--radius)] w-[900px] border border-border duration-300"  ... > 
  at <DialogRoot modal=false open=true onUpdate:open=fn > 
  at <Dialog modal=false open=true onUpdate:open=fn > 
  at <Modal modalApi= ModalApi > 
  at <VbenModal> 
  at <Page auto-content-height="" > 
  at <ApiTestingTestStep > 
  at <ApiTestingTestStep onVnodeUnmounted=fn<onVnodeUnmounted> ref=Ref< Proxy(Object) > key="/plugins/teststep?test_case_id=1" > 
  at <KeepAlive key=0 exclude= [] include= [ApiTesting, ApiTestingTestReportDetail, ApiTestingDashboard, ApiTestingVariable, ApiTestingBatchReport, ApiTestingTestCase, ApiTestingExecutionStream, ApiTestingTestStep, ApiTestingTestReport, ApiTestingProject, ApiTestingEnvironment, ApiTestingTestSuite] > 
  at <BaseTransition mode="out-in" appear=true persisted=false  ... > 
  at <Transition key=0 name="fade-slide" appear=""  ... > 
  at <RouterView> 
  at <LayoutContent> 
  at <LayoutContent id="__vben_main_content" content-compact="wide" content-compact-width=1200  ... > 
  at <VbenLayout sidebar-extra-visible=true onUpdate:sidebarExtraVisible=fn content-compact="wide"  ... > 
  at <BasicLayout onClearPreferencesAndLogout=fn<handleLogout> > 
  at <Basic onVnodeUnmounted=fn<onVnodeUnmounted> ref=Ref< Proxy(Object) > > 
  at <RouterView> 
  at <Anonymous message= {} notification= {} > 
  at <AApp> 
  at <LocaleProvider locale= {locale: zh-cn, Pagination: Object, DatePicker: Object, TimePicker: Object, Calendar: Object} _ANT_MARK__="internalMark" > 
  at <Anonymous prefixCls="anticon" csp=undefined layer=undefined > 
  at <Anonymous value= {override: Object, hashed: false, theme: Theme, token: Object, components: Object} > 
  at <Anonymous parentContext= {getPrefixCls: , iconPrefixCls: anticon} locale= {locale: zh-cn, Pagination: Object, DatePicker: Object, TimePicker: Object, Calendar: Object} theme= {algorithm: Array(1), token: Proxy(Object)}  ... > 
  at <AConfigProvider locale= {locale: zh-cn, Pagination: Object, DatePicker: Object, TimePicker: Object, Calendar: Object} theme= {algorithm: Array(1), token: Proxy(Object)} > 
  at <App> @ http://localhost:5173/node_modules/.vite/deps/chunk-NUZEDWKZ.js?v=eff7922a:1936
[ 2099929ms] [WARNING] [Vue warn]: Vue received a Component that was made a reactive object. This can lead to unnecessary performance overhead and should be avoided by marking the component with `markRaw` or using `shallowRef` instead of `ref`. 
Component that was made reactive:  {__name: CodeMirror, props: Object, emits: Array(3), setup: , __hmrId: 3670bf03} 
  at <PrimitiveSlot id="v-211-form-item" aria-describedby="v-211-form-item-description" aria-invalid=false  ... > 
  at <FormControl class="" > 
  at <FormItem class="flex-row items-center pb-4 relative flex flex-shrink-0" > 
  at <Field key=0 keepValue=true label="请求体"  ... > 
  at <FormField ref_for=true colon=false disabled=undefined  ... > 
  at <Form onKeydown=fn formApi= FormApi actionButtonsReverse=undefined  ... > 
  at <VbenUseForm formApi= FormApi > 
  at <VbenUseForm> 
  at <Primitive ref=fn<forwardRef> as-child=false as=undefined  ... > 
  at <DismissableLayer tabindex="-1" onKeydown=fn<handleKeyDown> style= {position: fixed}  ... > 
  at <PrimitiveSlot tabindex="-1" onKeydown=fn<handleKeyDown> style= {position: fixed}  ... > 
  at <Primitive ref_key="currentRef" ref=Ref< Proxy(Object) > tabindex="-1"  ... > 
  at <FocusScope as-child="" loop="" trapped=false  ... > 
  at <DialogContentImpl as=undefined forceMount=false trapFocus=false  ... > 
  at <DialogContentNonModal key=1 ref=fn<ref> forceMount=false  ... > 
  at <Presence present=true style= {position: fixed} onAnimationend=fn<onAnimationEnd>  ... > 
  at <DialogContent ref="contentRef" style= {position: fixed} onAnimationend=fn<onAnimationEnd>  ... > 
  at <DialogContent ref="contentRef" append-to=undefined class="left-0 right-0 top-[10vh] mx-auto flex max-h-[80%] flex-col p-0 sm:rounded-[var(--radius)] w-[900px] border border-border duration-300"  ... > 
  at <DialogRoot modal=false open=true onUpdate:open=fn > 
  at <Dialog modal=false open=true onUpdate:open=fn > 
  at <Modal modalApi= ModalApi > 
  at <VbenModal> 
  at <Page auto-content-height="" > 
  at <ApiTestingTestStep > 
  at <ApiTestingTestStep onVnodeUnmounted=fn<onVnodeUnmounted> ref=Ref< Proxy(Object) > key="/plugins/teststep?test_case_id=1" > 
  at <KeepAlive key=0 exclude= [] include= [ApiTesting, ApiTestingTestReportDetail, ApiTestingDashboard, ApiTestingVariable, ApiTestingBatchReport, ApiTestingTestCase, ApiTestingExecutionStream, ApiTestingTestStep, ApiTestingTestReport, ApiTestingProject, ApiTestingEnvironment, ApiTestingTestSuite] > 
  at <BaseTransition mode="out-in" appear=true persisted=false  ... > 
  at <Transition key=0 name="fade-slide" appear=""  ... > 
  at <RouterView> 
  at <LayoutContent> 
  at <LayoutContent id="__vben_main_content" content-compact="wide" content-compact-width=1200  ... > 
  at <VbenLayout sidebar-extra-visible=true onUpdate:sidebarExtraVisible=fn content-compact="wide"  ... > 
  at <BasicLayout onClearPreferencesAndLogout=fn<handleLogout> > 
  at <Basic onVnodeUnmounted=fn<onVnodeUnmounted> ref=Ref< Proxy(Object) > > 
  at <RouterView> 
  at <Anonymous message= {} notification= {} > 
  at <AApp> 
  at <LocaleProvider locale= {locale: zh-cn, Pagination: Object, DatePicker: Object, TimePicker: Object, Calendar: Object} _ANT_MARK__="internalMark" > 
  at <Anonymous prefixCls="anticon" csp=undefined layer=undefined > 
  at <Anonymous value= {override: Object, hashed: false, theme: Theme, token: Object, components: Object} > 
  at <Anonymous parentContext= {getPrefixCls: , iconPrefixCls: anticon} locale= {locale: zh-cn, Pagination: Object, DatePicker: Object, TimePicker: Object, Calendar: Object} theme= {algorithm: Array(1), token: Proxy(Object)}  ... > 
  at <AConfigProvider locale= {locale: zh-cn, Pagination: Object, DatePicker: Object, TimePicker: Object, Calendar: Object} theme= {algorithm: Array(1), token: Proxy(Object)} > 
  at <App> @ http://localhost:5173/node_modules/.vite/deps/chunk-NUZEDWKZ.js?v=eff7922a:1936
[ 2099933ms] [WARNING] [Vue warn]: Vue received a Component that was made a reactive object. This can lead to unnecessary performance overhead and should be avoided by marking the component with `markRaw` or using `shallowRef` instead of `ref`. 
Component that was made reactive:  {__name: CodeMirror, props: Object, emits: Array(3), setup: , __hmrId: 3670bf03} 
  at <PrimitiveSlot id="v-212-form-item" aria-describedby="v-212-form-item-description" aria-invalid=false  ... > 
  at <FormControl class="" > 
  at <FormItem class="flex-row items-center pb-4 relative flex flex-shrink-0" > 
  at <Field key=0 keepValue=true label="文件上传"  ... > 
  at <FormField ref_for=true colon=false disabled=undefined  ... > 
  at <Form onKeydown=fn formApi= FormApi actionButtonsReverse=undefined  ... > 
  at <VbenUseForm formApi= FormApi > 
  at <VbenUseForm> 
  at <Primitive ref=fn<forwardRef> as-child=false as=undefined  ... > 
  at <DismissableLayer tabindex="-1" onKeydown=fn<handleKeyDown> style= {position: fixed}  ... > 
  at <PrimitiveSlot tabindex="-1" onKeydown=fn<handleKeyDown> style= {position: fixed}  ... > 
  at <Primitive ref_key="currentRef" ref=Ref< Proxy(Object) > tabindex="-1"  ... > 
  at <FocusScope as-child="" loop="" trapped=false  ... > 
  at <DialogContentImpl as=undefined forceMount=false trapFocus=false  ... > 
  at <DialogContentNonModal key=1 ref=fn<ref> forceMount=false  ... > 
  at <Presence present=true style= {position: fixed} onAnimationend=fn<onAnimationEnd>  ... > 
  at <DialogContent ref="contentRef" style= {position: fixed} onAnimationend=fn<onAnimationEnd>  ... > 
  at <DialogContent ref="contentRef" append-to=undefined class="left-0 right-0 top-[10vh] mx-auto flex max-h-[80%] flex-col p-0 sm:rounded-[var(--radius)] w-[900px] border border-border duration-300"  ... > 
  at <DialogRoot modal=false open=true onUpdate:open=fn > 
  at <Dialog modal=false open=true onUpdate:open=fn > 
  at <Modal modalApi= ModalApi > 
  at <VbenModal> 
  at <Page auto-content-height="" > 
  at <ApiTestingTestStep > 
  at <ApiTestingTestStep onVnodeUnmounted=fn<onVnodeUnmounted> ref=Ref< Proxy(Object) > key="/plugins/teststep?test_case_id=1" > 
  at <KeepAlive key=0 exclude= [] include= [ApiTesting, ApiTestingTestReportDetail, ApiTestingDashboard, ApiTestingVariable, ApiTestingBatchReport, ApiTestingTestCase, ApiTestingExecutionStream, ApiTestingTestStep, ApiTestingTestReport, ApiTestingProject, ApiTestingEnvironment, ApiTestingTestSuite] > 
  at <BaseTransition mode="out-in" appear=true persisted=false  ... > 
  at <Transition key=0 name="fade-slide" appear=""  ... > 
  at <RouterView> 
  at <LayoutContent> 
  at <LayoutContent id="__vben_main_content" content-compact="wide" content-compact-width=1200  ... > 
  at <VbenLayout sidebar-extra-visible=true onUpdate:sidebarExtraVisible=fn content-compact="wide"  ... > 
  at <BasicLayout onClearPreferencesAndLogout=fn<handleLogout> > 
  at <Basic onVnodeUnmounted=fn<onVnodeUnmounted> ref=Ref< Proxy(Object) > > 
  at <RouterView> 
  at <Anonymous message= {} notification= {} > 
  at <AApp> 
  at <LocaleProvider locale= {locale: zh-cn, Pagination: Object, DatePicker: Object, TimePicker: Object, Calendar: Object} _ANT_MARK__="internalMark" > 
  at <Anonymous prefixCls="anticon" csp=undefined layer=undefined > 
  at <Anonymous value= {override: Object, hashed: false, theme: Theme, token: Object, components: Object} > 
  at <Anonymous parentContext= {getPrefixCls: , iconPrefixCls: anticon} locale= {locale: zh-cn, Pagination: Object, DatePicker: Object, TimePicker: Object, Calendar: Object} theme= {algorithm: Array(1), token: Proxy(Object)}  ... > 
  at <AConfigProvider locale= {locale: zh-cn, Pagination: Object, DatePicker: Object, TimePicker: Object, Calendar: Object} theme= {algorithm: Array(1), token: Proxy(Object)} > 
  at <App> @ http://localhost:5173/node_modules/.vite/deps/chunk-NUZEDWKZ.js?v=eff7922a:1936
[ 2099937ms] [WARNING] [Vue warn]: Vue received a Component that was made a reactive object. This can lead to unnecessary performance overhead and should be avoided by marking the component with `markRaw` or using `shallowRef` instead of `ref`. 
Component that was made reactive:  {__name: CodeMirror, props: Object, emits: Array(3), setup: , __hmrId: 3670bf03} 
  at <PrimitiveSlot id="v-213-form-item" aria-describedby="v-213-form-item-description" aria-invalid=false  ... > 
  at <FormControl class="" > 
  at <FormItem class="flex-row items-center pb-4 relative flex flex-shrink-0" > 
  at <Field key=0 keepValue=true label="认证信息"  ... > 
  at <FormField ref_for=true colon=false disabled=undefined  ... > 
  at <Form onKeydown=fn formApi= FormApi actionButtonsReverse=undefined  ... > 
  at <VbenUseForm formApi= FormApi > 
  at <VbenUseForm> 
  at <Primitive ref=fn<forwardRef> as-child=false as=undefined  ... > 
  at <DismissableLayer tabindex="-1" onKeydown=fn<handleKeyDown> style= {position: fixed}  ... > 
  at <PrimitiveSlot tabindex="-1" onKeydown=fn<handleKeyDown> style= {position: fixed}  ... > 
  at <Primitive ref_key="currentRef" ref=Ref< Proxy(Object) > tabindex="-1"  ... > 
  at <FocusScope as-child="" loop="" trapped=false  ... > 
  at <DialogContentImpl as=undefined forceMount=false trapFocus=false  ... > 
  at <DialogContentNonModal key=1 ref=fn<ref> forceMount=false  ... > 
  at <Presence present=true style= {position: fixed} onAnimationend=fn<onAnimationEnd>  ... > 
  at <DialogContent ref="contentRef" style= {position: fixed} onAnimationend=fn<onAnimationEnd>  ... > 
  at <DialogContent ref="contentRef" append-to=undefined class="left-0 right-0 top-[10vh] mx-auto flex max-h-[80%] flex-col p-0 sm:rounded-[var(--radius)] w-[900px] border border-border duration-300"  ... > 
  at <DialogRoot modal=false open=true onUpdate:open=fn > 
  at <Dialog modal=false open=true onUpdate:open=fn > 
  at <Modal modalApi= ModalApi > 
  at <VbenModal> 
  at <Page auto-content-height="" > 
  at <ApiTestingTestStep > 
  at <ApiTestingTestStep onVnodeUnmounted=fn<onVnodeUnmounted> ref=Ref< Proxy(Object) > key="/plugins/teststep?test_case_id=1" > 
  at <KeepAlive key=0 exclude= [] include= [ApiTesting, ApiTestingTestReportDetail, ApiTestingDashboard, ApiTestingVariable, ApiTestingBatchReport, ApiTestingTestCase, ApiTestingExecutionStream, ApiTestingTestStep, ApiTestingTestReport, ApiTestingProject, ApiTestingEnvironment, ApiTestingTestSuite] > 
  at <BaseTransition mode="out-in" appear=true persisted=false  ... > 
  at <Transition key=0 name="fade-slide" appear=""  ... > 
  at <RouterView> 
  at <LayoutContent> 
  at <LayoutContent id="__vben_main_content" content-compact="wide" content-compact-width=1200  ... > 
  at <VbenLayout sidebar-extra-visible=true onUpdate:sidebarExtraVisible=fn content-compact="wide"  ... > 
  at <BasicLayout onClearPreferencesAndLogout=fn<handleLogout> > 
  at <Basic onVnodeUnmounted=fn<onVnodeUnmounted> ref=Ref< Proxy(Object) > > 
  at <RouterView> 
  at <Anonymous message= {} notification= {} > 
  at <AApp> 
  at <LocaleProvider locale= {locale: zh-cn, Pagination: Object, DatePicker: Object, TimePicker: Object, Calendar: Object} _ANT_MARK__="internalMark" > 
  at <Anonymous prefixCls="anticon" csp=undefined layer=undefined > 
  at <Anonymous value= {override: Object, hashed: false, theme: Theme, token: Object, components: Object} > 
  at <Anonymous parentContext= {getPrefixCls: , iconPrefixCls: anticon} locale= {locale: zh-cn, Pagination: Object, DatePicker: Object, TimePicker: Object, Calendar: Object} theme= {algorithm: Array(1), token: Proxy(Object)}  ... > 
  at <AConfigProvider locale= {locale: zh-cn, Pagination: Object, DatePicker: Object, TimePicker: Object, Calendar: Object} theme= {algorithm: Array(1), token: Proxy(Object)} > 
  at <App> @ http://localhost:5173/node_modules/.vite/deps/chunk-NUZEDWKZ.js?v=eff7922a:1936
[ 2099942ms] [WARNING] [Vue warn]: Vue received a Component that was made a reactive object. This can lead to unnecessary performance overhead and should be avoided by marking the component with `markRaw` or using `shallowRef` instead of `ref`. 
Component that was made reactive:  {__name: CodeMirror, props: Object, emits: Array(3), setup: , __hmrId: 3670bf03} 
  at <PrimitiveSlot id="v-214-form-item" aria-describedby="v-214-form-item-description" aria-invalid=false  ... > 
  at <FormControl class="" > 
  at <FormItem class="flex-row items-center pb-4 relative flex flex-shrink-0" > 
  at <Field key=0 keepValue=true label="变量提取"  ... > 
  at <FormField ref_for=true colon=false disabled=undefined  ... > 
  at <Form onKeydown=fn formApi= FormApi actionButtonsReverse=undefined  ... > 
  at <VbenUseForm formApi= FormApi > 
  at <VbenUseForm> 
  at <Primitive ref=fn<forwardRef> as-child=false as=undefined  ... > 
  at <DismissableLayer tabindex="-1" onKeydown=fn<handleKeyDown> style= {position: fixed}  ... > 
  at <PrimitiveSlot tabindex="-1" onKeydown=fn<handleKeyDown> style= {position: fixed}  ... > 
  at <Primitive ref_key="currentRef" ref=Ref< Proxy(Object) > tabindex="-1"  ... > 
  at <FocusScope as-child="" loop="" trapped=false  ... > 
  at <DialogContentImpl as=undefined forceMount=false trapFocus=false  ... > 
  at <DialogContentNonModal key=1 ref=fn<ref> forceMount=false  ... > 
  at <Presence present=true style= {position: fixed} onAnimationend=fn<onAnimationEnd>  ... > 
  at <DialogContent ref="contentRef" style= {position: fixed} onAnimationend=fn<onAnimationEnd>  ... > 
  at <DialogContent ref="contentRef" append-to=undefined class="left-0 right-0 top-[10vh] mx-auto flex max-h-[80%] flex-col p-0 sm:rounded-[var(--radius)] w-[900px] border border-border duration-300"  ... > 
  at <DialogRoot modal=false open=true onUpdate:open=fn > 
  at <Dialog modal=false open=true onUpdate:open=fn > 
  at <Modal modalApi= ModalApi > 
  at <VbenModal> 
  at <Page auto-content-height="" > 
  at <ApiTestingTestStep > 
  at <ApiTestingTestStep onVnodeUnmounted=fn<onVnodeUnmounted> ref=Ref< Proxy(Object) > key="/plugins/teststep?test_case_id=1" > 
  at <KeepAlive key=0 exclude= [] include= [ApiTesting, ApiTestingTestReportDetail, ApiTestingDashboard, ApiTestingVariable, ApiTestingBatchReport, ApiTestingTestCase, ApiTestingExecutionStream, ApiTestingTestStep, ApiTestingTestReport, ApiTestingProject, ApiTestingEnvironment, ApiTestingTestSuite] > 
  at <BaseTransition mode="out-in" appear=true persisted=false  ... > 
  at <Transition key=0 name="fade-slide" appear=""  ... > 
  at <RouterView> 
  at <LayoutContent> 
  at <LayoutContent id="__vben_main_content" content-compact="wide" content-compact-width=1200  ... > 
  at <VbenLayout sidebar-extra-visible=true onUpdate:sidebarExtraVisible=fn content-compact="wide"  ... > 
  at <BasicLayout onClearPreferencesAndLogout=fn<handleLogout> > 
  at <Basic onVnodeUnmounted=fn<onVnodeUnmounted> ref=Ref< Proxy(Object) > > 
  at <RouterView> 
  at <Anonymous message= {} notification= {} > 
  at <AApp> 
  at <LocaleProvider locale= {locale: zh-cn, Pagination: Object, DatePicker: Object, TimePicker: Object, Calendar: Object} _ANT_MARK__="internalMark" > 
  at <Anonymous prefixCls="anticon" csp=undefined layer=undefined > 
  at <Anonymous value= {override: Object, hashed: false, theme: Theme, token: Object, components: Object} > 
  at <Anonymous parentContext= {getPrefixCls: , iconPrefixCls: anticon} locale= {locale: zh-cn, Pagination: Object, DatePicker: Object, TimePicker: Object, Calendar: Object} theme= {algorithm: Array(1), token: Proxy(Object)}  ... > 
  at <AConfigProvider locale= {locale: zh-cn, Pagination: Object, DatePicker: Object, TimePicker: Object, Calendar: Object} theme= {algorithm: Array(1), token: Proxy(Object)} > 
  at <App> @ http://localhost:5173/node_modules/.vite/deps/chunk-NUZEDWKZ.js?v=eff7922a:1936
[ 2099948ms] [WARNING] [Vue warn]: Vue received a Component that was made a reactive object. This can lead to unnecessary performance overhead and should be avoided by marking the component with `markRaw` or using `shallowRef` instead of `ref`. 
Component that was made reactive:  {__name: CodeMirror, props: Object, emits: Array(3), setup: , __hmrId: 3670bf03} 
  at <PrimitiveSlot id="v-215-form-item" aria-describedby="v-215-form-item-description" aria-invalid=false  ... > 
  at <FormControl class="" > 
  at <FormItem class="flex-row items-center pb-4 relative flex flex-shrink-0" > 
  at <Field key=0 keepValue=true label="断言规则"  ... > 
  at <FormField ref_for=true colon=false disabled=undefined  ... > 
  at <Form onKeydown=fn formApi= FormApi actionButtonsReverse=undefined  ... > 
  at <VbenUseForm formApi= FormApi > 
  at <VbenUseForm> 
  at <Primitive ref=fn<forwardRef> as-child=false as=undefined  ... > 
  at <DismissableLayer tabindex="-1" onKeydown=fn<handleKeyDown> style= {position: fixed}  ... > 
  at <PrimitiveSlot tabindex="-1" onKeydown=fn<handleKeyDown> style= {position: fixed}  ... > 
  at <Primitive ref_key="currentRef" ref=Ref< Proxy(Object) > tabindex="-1"  ... > 
  at <FocusScope as-child="" loop="" trapped=false  ... > 
  at <DialogContentImpl as=undefined forceMount=false trapFocus=false  ... > 
  at <DialogContentNonModal key=1 ref=fn<ref> forceMount=false  ... > 
  at <Presence present=true style= {position: fixed} onAnimationend=fn<onAnimationEnd>  ... > 
  at <DialogContent ref="contentRef" style= {position: fixed} onAnimationend=fn<onAnimationEnd>  ... > 
  at <DialogContent ref="contentRef" append-to=undefined class="left-0 right-0 top-[10vh] mx-auto flex max-h-[80%] flex-col p-0 sm:rounded-[var(--radius)] w-[900px] border border-border duration-300"  ... > 
  at <DialogRoot modal=false open=true onUpdate:open=fn > 
  at <Dialog modal=false open=true onUpdate:open=fn > 
  at <Modal modalApi= ModalApi > 
  at <VbenModal> 
  at <Page auto-content-height="" > 
  at <ApiTestingTestStep > 
  at <ApiTestingTestStep onVnodeUnmounted=fn<onVnodeUnmounted> ref=Ref< Proxy(Object) > key="/plugins/teststep?test_case_id=1" > 
  at <KeepAlive key=0 exclude= [] include= [ApiTesting, ApiTestingTestReportDetail, ApiTestingDashboard, ApiTestingVariable, ApiTestingBatchReport, ApiTestingTestCase, ApiTestingExecutionStream, ApiTestingTestStep, ApiTestingTestReport, ApiTestingProject, ApiTestingEnvironment, ApiTestingTestSuite] > 
  at <BaseTransition mode="out-in" appear=true persisted=false  ... > 
  at <Transition key=0 name="fade-slide" appear=""  ... > 
  at <RouterView> 
  at <LayoutContent> 
  at <LayoutContent id="__vben_main_content" content-compact="wide" content-compact-width=1200  ... > 
  at <VbenLayout sidebar-extra-visible=true onUpdate:sidebarExtraVisible=fn content-compact="wide"  ... > 
  at <BasicLayout onClearPreferencesAndLogout=fn<handleLogout> > 
  at <Basic onVnodeUnmounted=fn<onVnodeUnmounted> ref=Ref< Proxy(Object) > > 
  at <RouterView> 
  at <Anonymous message= {} notification= {} > 
  at <AApp> 
  at <LocaleProvider locale= {locale: zh-cn, Pagination: Object, DatePicker: Object, TimePicker: Object, Calendar: Object} _ANT_MARK__="internalMark" > 
  at <Anonymous prefixCls="anticon" csp=undefined layer=undefined > 
  at <Anonymous value= {override: Object, hashed: false, theme: Theme, token: Object, components: Object} > 
  at <Anonymous parentContext= {getPrefixCls: , iconPrefixCls: anticon} locale= {locale: zh-cn, Pagination: Object, DatePicker: Object, TimePicker: Object, Calendar: Object} theme= {algorithm: Array(1), token: Proxy(Object)}  ... > 
  at <AConfigProvider locale= {locale: zh-cn, Pagination: Object, DatePicker: Object, TimePicker: Object, Calendar: Object} theme= {algorithm: Array(1), token: Proxy(Object)} > 
  at <App> @ http://localhost:5173/node_modules/.vite/deps/chunk-NUZEDWKZ.js?v=eff7922a:1936
[ 2099953ms] [WARNING] [Vue warn]: Vue received a Component that was made a reactive object. This can lead to unnecessary performance overhead and should be avoided by marking the component with `markRaw` or using `shallowRef` instead of `ref`. 
Component that was made reactive:  {__name: CodeMirror, props: Object, emits: Array(3), setup: , __hmrId: 3670bf03} 
  at <PrimitiveSlot id="v-216-form-item" aria-describedby="v-216-form-item-description" aria-invalid=false  ... > 
  at <FormControl class="" > 
  at <FormItem class="flex-row items-center pb-4 relative flex flex-shrink-0" > 
  at <Field key=0 keepValue=true label="SQL查询"  ... > 
  at <FormField ref_for=true colon=false disabled=undefined  ... > 
  at <Form onKeydown=fn formApi= FormApi actionButtonsReverse=undefined  ... > 
  at <VbenUseForm formApi= FormApi > 
  at <VbenUseForm> 
  at <Primitive ref=fn<forwardRef> as-child=false as=undefined  ... > 
  at <DismissableLayer tabindex="-1" onKeydown=fn<handleKeyDown> style= {position: fixed}  ... > 
  at <PrimitiveSlot tabindex="-1" onKeydown=fn<handleKeyDown> style= {position: fixed}  ... > 
  at <Primitive ref_key="currentRef" ref=Ref< Proxy(Object) > tabindex="-1"  ... > 
  at <FocusScope as-child="" loop="" trapped=false  ... > 
  at <DialogContentImpl as=undefined forceMount=false trapFocus=false  ... > 
  at <DialogContentNonModal key=1 ref=fn<ref> forceMount=false  ... > 
  at <Presence present=true style= {position: fixed} onAnimationend=fn<onAnimationEnd>  ... > 
  at <DialogContent ref="contentRef" style= {position: fixed} onAnimationend=fn<onAnimationEnd>  ... > 
  at <DialogContent ref="contentRef" append-to=undefined class="left-0 right-0 top-[10vh] mx-auto flex max-h-[80%] flex-col p-0 sm:rounded-[var(--radius)] w-[900px] border border-border duration-300"  ... > 
  at <DialogRoot modal=false open=true onUpdate:open=fn > 
  at <Dialog modal=false open=true onUpdate:open=fn > 
  at <Modal modalApi= ModalApi > 
  at <VbenModal> 
  at <Page auto-content-height="" > 
  at <ApiTestingTestStep > 
  at <ApiTestingTestStep onVnodeUnmounted=fn<onVnodeUnmounted> ref=Ref< Proxy(Object) > key="/plugins/teststep?test_case_id=1" > 
  at <KeepAlive key=0 exclude= [] include= [ApiTesting, ApiTestingTestReportDetail, ApiTestingDashboard, ApiTestingVariable, ApiTestingBatchReport, ApiTestingTestCase, ApiTestingExecutionStream, ApiTestingTestStep, ApiTestingTestReport, ApiTestingProject, ApiTestingEnvironment, ApiTestingTestSuite] > 
  at <BaseTransition mode="out-in" appear=true persisted=false  ... > 
  at <Transition key=0 name="fade-slide" appear=""  ... > 
  at <RouterView> 
  at <LayoutContent> 
  at <LayoutContent id="__vben_main_content" content-compact="wide" content-compact-width=1200  ... > 
  at <VbenLayout sidebar-extra-visible=true onUpdate:sidebarExtraVisible=fn content-compact="wide"  ... > 
  at <BasicLayout onClearPreferencesAndLogout=fn<handleLogout> > 
  at <Basic onVnodeUnmounted=fn<onVnodeUnmounted> ref=Ref< Proxy(Object) > > 
  at <RouterView> 
  at <Anonymous message= {} notification= {} > 
  at <AApp> 
  at <LocaleProvider locale= {locale: zh-cn, Pagination: Object, DatePicker: Object, TimePicker: Object, Calendar: Object} _ANT_MARK__="internalMark" > 
  at <Anonymous prefixCls="anticon" csp=undefined layer=undefined > 
  at <Anonymous value= {override: Object, hashed: false, theme: Theme, token: Object, components: Object} > 
  at <Anonymous parentContext= {getPrefixCls: , iconPrefixCls: anticon} locale= {locale: zh-cn, Pagination: Object, DatePicker: Object, TimePicker: Object, Calendar: Object} theme= {algorithm: Array(1), token: Proxy(Object)}  ... > 
  at <AConfigProvider locale= {locale: zh-cn, Pagination: Object, DatePicker: Object, TimePicker: Object, Calendar: Object} theme= {algorithm: Array(1), token: Proxy(Object)} > 
  at <App> @ http://localhost:5173/node_modules/.vite/deps/chunk-NUZEDWKZ.js?v=eff7922a:1936
[ 2157307ms] A listener indicated an asynchronous response by returning true, but the message channel closed before a response was received
[ 2446137ms] [WARNING] [Vue warn]: Vue received a Component that was made a reactive object. This can lead to unnecessary performance overhead and should be avoided by marking the component with `markRaw` or using `shallowRef` instead of `ref`. 
Component that was made reactive:  {__name: CodeMirror, props: Object, emits: Array(3), setup: , __hmrId: 3670bf03} 
  at <PrimitiveSlot id="v-209-form-item" aria-describedby="v-209-form-item-description" aria-invalid=false  ... > 
  at <FormControl class="" > 
  at <FormItem class="flex-row items-center pb-4 relative flex flex-shrink-0" > 
  at <Field key=0 keepValue=true label="请求头"  ... > 
  at <FormField ref_for=true colon=false disabled=undefined  ... > 
  at <Form onKeydown=fn formApi= FormApi actionButtonsReverse=undefined  ... > 
  at <VbenUseForm formApi= FormApi > 
  at <VbenUseForm> 
  at <Primitive ref=fn<forwardRef> as-child=false as=undefined  ... > 
  at <DismissableLayer tabindex="-1" onKeydown=fn<handleKeyDown> style= {position: fixed}  ... > 
  at <PrimitiveSlot tabindex="-1" onKeydown=fn<handleKeyDown> style= {position: fixed}  ... > 
  at <Primitive ref_key="currentRef" ref=Ref< Proxy(Object) > tabindex="-1"  ... > 
  at <FocusScope as-child="" loop="" trapped=false  ... > 
  at <DialogContentImpl as=undefined forceMount=false trapFocus=false  ... > 
  at <DialogContentNonModal key=1 ref=fn<ref> forceMount=false  ... > 
  at <Presence present=false style= {position: fixed} onAnimationend=fn<onAnimationEnd>  ... > 
  at <DialogContent ref="contentRef" style= {position: fixed} onAnimationend=fn<onAnimationEnd>  ... > 
  at <DialogContent ref="contentRef" append-to=undefined class="left-0 right-0 top-[10vh] mx-auto flex max-h-[80%] flex-col p-0 sm:rounded-[var(--radius)] w-[900px] border border-border duration-300"  ... > 
  at <DialogRoot modal=false open=false onUpdate:open=fn > 
  at <Dialog modal=false open=false onUpdate:open=fn > 
  at <Modal modalApi= ModalApi > 
  at <VbenModal> 
  at <Page auto-content-height="" > 
  at <ApiTestingTestStep > 
  at <ApiTestingTestStep onVnodeUnmounted=fn<onVnodeUnmounted> ref=Ref< Proxy(Object) > key="/plugins/teststep?test_case_id=1" > 
  at <KeepAlive key=0 exclude= [] include= [ApiTesting, ApiTestingTestReportDetail, ApiTestingDashboard, ApiTestingVariable, ApiTestingBatchReport, ApiTestingTestCase, ApiTestingExecutionStream, ApiTestingTestStep, ApiTestingTestReport, ApiTestingProject, ApiTestingEnvironment, ApiTestingTestSuite] > 
  at <BaseTransition mode="out-in" appear=true persisted=false  ... > 
  at <Transition key=0 name="fade-slide" appear=""  ... > 
  at <RouterView> 
  at <LayoutContent> 
  at <LayoutContent id="__vben_main_content" content-compact="wide" content-compact-width=1200  ... > 
  at <VbenLayout sidebar-extra-visible=true onUpdate:sidebarExtraVisible=fn content-compact="wide"  ... > 
  at <BasicLayout onClearPreferencesAndLogout=fn<handleLogout> > 
  at <Basic onVnodeUnmounted=fn<onVnodeUnmounted> ref=Ref< Proxy(Object) > > 
  at <RouterView> 
  at <Anonymous message= {} notification= {} > 
  at <AApp> 
  at <LocaleProvider locale= {locale: zh-cn, Pagination: Object, DatePicker: Object, TimePicker: Object, Calendar: Object} _ANT_MARK__="internalMark" > 
  at <Anonymous prefixCls="anticon" csp=undefined layer=undefined > 
  at <Anonymous value= {override: Object, hashed: false, theme: Theme, token: Object, components: Object} > 
  at <Anonymous parentContext= {getPrefixCls: , iconPrefixCls: anticon} locale= {locale: zh-cn, Pagination: Object, DatePicker: Object, TimePicker: Object, Calendar: Object} theme= {algorithm: Array(1), token: Proxy(Object)}  ... > 
  at <AConfigProvider locale= {locale: zh-cn, Pagination: Object, DatePicker: Object, TimePicker: Object, Calendar: Object} theme= {algorithm: Array(1), token: Proxy(Object)} > 
  at <App> @ http://localhost:5173/node_modules/.vite/deps/chunk-NUZEDWKZ.js?v=eff7922a:1936
[ 2446140ms] [WARNING] [Vue warn]: Vue received a Component that was made a reactive object. This can lead to unnecessary performance overhead and should be avoided by marking the component with `markRaw` or using `shallowRef` instead of `ref`. 
Component that was made reactive:  {__name: CodeMirror, props: Object, emits: Array(3), setup: , __hmrId: 3670bf03} 
  at <PrimitiveSlot id="v-210-form-item" aria-describedby="v-210-form-item-description" aria-invalid=false  ... > 
  at <FormControl class="" > 
  at <FormItem class="flex-row items-center pb-4 relative flex flex-shrink-0" > 
  at <Field key=0 keepValue=true label="查询参数"  ... > 
  at <FormField ref_for=true colon=false disabled=undefined  ... > 
  at <Form onKeydown=fn formApi= FormApi actionButtonsReverse=undefined  ... > 
  at <VbenUseForm formApi= FormApi > 
  at <VbenUseForm> 
  at <Primitive ref=fn<forwardRef> as-child=false as=undefined  ... > 
  at <DismissableLayer tabindex="-1" onKeydown=fn<handleKeyDown> style= {position: fixed}  ... > 
  at <PrimitiveSlot tabindex="-1" onKeydown=fn<handleKeyDown> style= {position: fixed}  ... > 
  at <Primitive ref_key="currentRef" ref=Ref< Proxy(Object) > tabindex="-1"  ... > 
  at <FocusScope as-child="" loop="" trapped=false  ... > 
  at <DialogContentImpl as=undefined forceMount=false trapFocus=false  ... > 
  at <DialogContentNonModal key=1 ref=fn<ref> forceMount=false  ... > 
  at <Presence present=false style= {position: fixed} onAnimationend=fn<onAnimationEnd>  ... > 
  at <DialogContent ref="contentRef" style= {position: fixed} onAnimationend=fn<onAnimationEnd>  ... > 
  at <DialogContent ref="contentRef" append-to=undefined class="left-0 right-0 top-[10vh] mx-auto flex max-h-[80%] flex-col p-0 sm:rounded-[var(--radius)] w-[900px] border border-border duration-300"  ... > 
  at <DialogRoot modal=false open=false onUpdate:open=fn > 
  at <Dialog modal=false open=false onUpdate:open=fn > 
  at <Modal modalApi= ModalApi > 
  at <VbenModal> 
  at <Page auto-content-height="" > 
  at <ApiTestingTestStep > 
  at <ApiTestingTestStep onVnodeUnmounted=fn<onVnodeUnmounted> ref=Ref< Proxy(Object) > key="/plugins/teststep?test_case_id=1" > 
  at <KeepAlive key=0 exclude= [] include= [ApiTesting, ApiTestingTestReportDetail, ApiTestingDashboard, ApiTestingVariable, ApiTestingBatchReport, ApiTestingTestCase, ApiTestingExecutionStream, ApiTestingTestStep, ApiTestingTestReport, ApiTestingProject, ApiTestingEnvironment, ApiTestingTestSuite] > 
  at <BaseTransition mode="out-in" appear=true persisted=false  ... > 
  at <Transition key=0 name="fade-slide" appear=""  ... > 
  at <RouterView> 
  at <LayoutContent> 
  at <LayoutContent id="__vben_main_content" content-compact="wide" content-compact-width=1200  ... > 
  at <VbenLayout sidebar-extra-visible=true onUpdate:sidebarExtraVisible=fn content-compact="wide"  ... > 
  at <BasicLayout onClearPreferencesAndLogout=fn<handleLogout> > 
  at <Basic onVnodeUnmounted=fn<onVnodeUnmounted> ref=Ref< Proxy(Object) > > 
  at <RouterView> 
  at <Anonymous message= {} notification= {} > 
  at <AApp> 
  at <LocaleProvider locale= {locale: zh-cn, Pagination: Object, DatePicker: Object, TimePicker: Object, Calendar: Object} _ANT_MARK__="internalMark" > 
  at <Anonymous prefixCls="anticon" csp=undefined layer=undefined > 
  at <Anonymous value= {override: Object, hashed: false, theme: Theme, token: Object, components: Object} > 
  at <Anonymous parentContext= {getPrefixCls: , iconPrefixCls: anticon} locale= {locale: zh-cn, Pagination: Object, DatePicker: Object, TimePicker: Object, Calendar: Object} theme= {algorithm: Array(1), token: Proxy(Object)}  ... > 
  at <AConfigProvider locale= {locale: zh-cn, Pagination: Object, DatePicker: Object, TimePicker: Object, Calendar: Object} theme= {algorithm: Array(1), token: Proxy(Object)} > 
  at <App> @ http://localhost:5173/node_modules/.vite/deps/chunk-NUZEDWKZ.js?v=eff7922a:1936
[ 2446144ms] [WARNING] [Vue warn]: Vue received a Component that was made a reactive object. This can lead to unnecessary performance overhead and should be avoided by marking the component with `markRaw` or using `shallowRef` instead of `ref`. 
Component that was made reactive:  {__name: CodeMirror, props: Object, emits: Array(3), setup: , __hmrId: 3670bf03} 
  at <PrimitiveSlot id="v-211-form-item" aria-describedby="v-211-form-item-description" aria-invalid=false  ... > 
  at <FormControl class="" > 
  at <FormItem class="flex-row items-center pb-4 relative flex flex-shrink-0" > 
  at <Field key=0 keepValue=true label="请求体"  ... > 
  at <FormField ref_for=true colon=false disabled=undefined  ... > 
  at <Form onKeydown=fn formApi= FormApi actionButtonsReverse=undefined  ... > 
  at <VbenUseForm formApi= FormApi > 
  at <VbenUseForm> 
  at <Primitive ref=fn<forwardRef> as-child=false as=undefined  ... > 
  at <DismissableLayer tabindex="-1" onKeydown=fn<handleKeyDown> style= {position: fixed}  ... > 
  at <PrimitiveSlot tabindex="-1" onKeydown=fn<handleKeyDown> style= {position: fixed}  ... > 
  at <Primitive ref_key="currentRef" ref=Ref< Proxy(Object) > tabindex="-1"  ... > 
  at <FocusScope as-child="" loop="" trapped=false  ... > 
  at <DialogContentImpl as=undefined forceMount=false trapFocus=false  ... > 
  at <DialogContentNonModal key=1 ref=fn<ref> forceMount=false  ... > 
  at <Presence present=false style= {position: fixed} onAnimationend=fn<onAnimationEnd>  ... > 
  at <DialogContent ref="contentRef" style= {position: fixed} onAnimationend=fn<onAnimationEnd>  ... > 
  at <DialogContent ref="contentRef" append-to=undefined class="left-0 right-0 top-[10vh] mx-auto flex max-h-[80%] flex-col p-0 sm:rounded-[var(--radius)] w-[900px] border border-border duration-300"  ... > 
  at <DialogRoot modal=false open=false onUpdate:open=fn > 
  at <Dialog modal=false open=false onUpdate:open=fn > 
  at <Modal modalApi= ModalApi > 
  at <VbenModal> 
  at <Page auto-content-height="" > 
  at <ApiTestingTestStep > 
  at <ApiTestingTestStep onVnodeUnmounted=fn<onVnodeUnmounted> ref=Ref< Proxy(Object) > key="/plugins/teststep?test_case_id=1" > 
  at <KeepAlive key=0 exclude= [] include= [ApiTesting, ApiTestingTestReportDetail, ApiTestingDashboard, ApiTestingVariable, ApiTestingBatchReport, ApiTestingTestCase, ApiTestingExecutionStream, ApiTestingTestStep, ApiTestingTestReport, ApiTestingProject, ApiTestingEnvironment, ApiTestingTestSuite] > 
  at <BaseTransition mode="out-in" appear=true persisted=false  ... > 
  at <Transition key=0 name="fade-slide" appear=""  ... > 
  at <RouterView> 
  at <LayoutContent> 
  at <LayoutContent id="__vben_main_content" content-compact="wide" content-compact-width=1200  ... > 
  at <VbenLayout sidebar-extra-visible=true onUpdate:sidebarExtraVisible=fn content-compact="wide"  ... > 
  at <BasicLayout onClearPreferencesAndLogout=fn<handleLogout> > 
  at <Basic onVnodeUnmounted=fn<onVnodeUnmounted> ref=Ref< Proxy(Object) > > 
  at <RouterView> 
  at <Anonymous message= {} notification= {} > 
  at <AApp> 
  at <LocaleProvider locale= {locale: zh-cn, Pagination: Object, DatePicker: Object, TimePicker: Object, Calendar: Object} _ANT_MARK__="internalMark" > 
  at <Anonymous prefixCls="anticon" csp=undefined layer=undefined > 
  at <Anonymous value= {override: Object, hashed: false, theme: Theme, token: Object, components: Object} > 
  at <Anonymous parentContext= {getPrefixCls: , iconPrefixCls: anticon} locale= {locale: zh-cn, Pagination: Object, DatePicker: Object, TimePicker: Object, Calendar: Object} theme= {algorithm: Array(1), token: Proxy(Object)}  ... > 
  at <AConfigProvider locale= {locale: zh-cn, Pagination: Object, DatePicker: Object, TimePicker: Object, Calendar: Object} theme= {algorithm: Array(1), token: Proxy(Object)} > 
  at <App> @ http://localhost:5173/node_modules/.vite/deps/chunk-NUZEDWKZ.js?v=eff7922a:1936
[ 2446146ms] [WARNING] [Vue warn]: Vue received a Component that was made a reactive object. This can lead to unnecessary performance overhead and should be avoided by marking the component with `markRaw` or using `shallowRef` instead of `ref`. 
Component that was made reactive:  {__name: CodeMirror, props: Object, emits: Array(3), setup: , __hmrId: 3670bf03} 
  at <PrimitiveSlot id="v-212-form-item" aria-describedby="v-212-form-item-description" aria-invalid=false  ... > 
  at <FormControl class="" > 
  at <FormItem class="flex-row items-center pb-4 relative flex flex-shrink-0" > 
  at <Field key=0 keepValue=true label="文件上传"  ... > 
  at <FormField ref_for=true colon=false disabled=undefined  ... > 
  at <Form onKeydown=fn formApi= FormApi actionButtonsReverse=undefined  ... > 
  at <VbenUseForm formApi= FormApi > 
  at <VbenUseForm> 
  at <Primitive ref=fn<forwardRef> as-child=false as=undefined  ... > 
  at <DismissableLayer tabindex="-1" onKeydown=fn<handleKeyDown> style= {position: fixed}  ... > 
  at <PrimitiveSlot tabindex="-1" onKeydown=fn<handleKeyDown> style= {position: fixed}  ... > 
  at <Primitive ref_key="currentRef" ref=Ref< Proxy(Object) > tabindex="-1"  ... > 
  at <FocusScope as-child="" loop="" trapped=false  ... > 
  at <DialogContentImpl as=undefined forceMount=false trapFocus=false  ... > 
  at <DialogContentNonModal key=1 ref=fn<ref> forceMount=false  ... > 
  at <Presence present=false style= {position: fixed} onAnimationend=fn<onAnimationEnd>  ... > 
  at <DialogContent ref="contentRef" style= {position: fixed} onAnimationend=fn<onAnimationEnd>  ... > 
  at <DialogContent ref="contentRef" append-to=undefined class="left-0 right-0 top-[10vh] mx-auto flex max-h-[80%] flex-col p-0 sm:rounded-[var(--radius)] w-[900px] border border-border duration-300"  ... > 
  at <DialogRoot modal=false open=false onUpdate:open=fn > 
  at <Dialog modal=false open=false onUpdate:open=fn > 
  at <Modal modalApi= ModalApi > 
  at <VbenModal> 
  at <Page auto-content-height="" > 
  at <ApiTestingTestStep > 
  at <ApiTestingTestStep onVnodeUnmounted=fn<onVnodeUnmounted> ref=Ref< Proxy(Object) > key="/plugins/teststep?test_case_id=1" > 
  at <KeepAlive key=0 exclude= [] include= [ApiTesting, ApiTestingTestReportDetail, ApiTestingDashboard, ApiTestingVariable, ApiTestingBatchReport, ApiTestingTestCase, ApiTestingExecutionStream, ApiTestingTestStep, ApiTestingTestReport, ApiTestingProject, ApiTestingEnvironment, ApiTestingTestSuite] > 
  at <BaseTransition mode="out-in" appear=true persisted=false  ... > 
  at <Transition key=0 name="fade-slide" appear=""  ... > 
  at <RouterView> 
  at <LayoutContent> 
  at <LayoutContent id="__vben_main_content" content-compact="wide" content-compact-width=1200  ... > 
  at <VbenLayout sidebar-extra-visible=true onUpdate:sidebarExtraVisible=fn content-compact="wide"  ... > 
  at <BasicLayout onClearPreferencesAndLogout=fn<handleLogout> > 
  at <Basic onVnodeUnmounted=fn<onVnodeUnmounted> ref=Ref< Proxy(Object) > > 
  at <RouterView> 
  at <Anonymous message= {} notification= {} > 
  at <AApp> 
  at <LocaleProvider locale= {locale: zh-cn, Pagination: Object, DatePicker: Object, TimePicker: Object, Calendar: Object} _ANT_MARK__="internalMark" > 
  at <Anonymous prefixCls="anticon" csp=undefined layer=undefined > 
  at <Anonymous value= {override: Object, hashed: false, theme: Theme, token: Object, components: Object} > 
  at <Anonymous parentContext= {getPrefixCls: , iconPrefixCls: anticon} locale= {locale: zh-cn, Pagination: Object, DatePicker: Object, TimePicker: Object, Calendar: Object} theme= {algorithm: Array(1), token: Proxy(Object)}  ... > 
  at <AConfigProvider locale= {locale: zh-cn, Pagination: Object, DatePicker: Object, TimePicker: Object, Calendar: Object} theme= {algorithm: Array(1), token: Proxy(Object)} > 
  at <App> @ http://localhost:5173/node_modules/.vite/deps/chunk-NUZEDWKZ.js?v=eff7922a:1936
[ 2446151ms] [WARNING] [Vue warn]: Vue received a Component that was made a reactive object. This can lead to unnecessary performance overhead and should be avoided by marking the component with `markRaw` or using `shallowRef` instead of `ref`. 
Component that was made reactive:  {__name: CodeMirror, props: Object, emits: Array(3), setup: , __hmrId: 3670bf03} 
  at <PrimitiveSlot id="v-213-form-item" aria-describedby="v-213-form-item-description" aria-invalid=false  ... > 
  at <FormControl class="" > 
  at <FormItem class="flex-row items-center pb-4 relative flex flex-shrink-0" > 
  at <Field key=0 keepValue=true label="认证信息"  ... > 
  at <FormField ref_for=true colon=false disabled=undefined  ... > 
  at <Form onKeydown=fn formApi= FormApi actionButtonsReverse=undefined  ... > 
  at <VbenUseForm formApi= FormApi > 
  at <VbenUseForm> 
  at <Primitive ref=fn<forwardRef> as-child=false as=undefined  ... > 
  at <DismissableLayer tabindex="-1" onKeydown=fn<handleKeyDown> style= {position: fixed}  ... > 
  at <PrimitiveSlot tabindex="-1" onKeydown=fn<handleKeyDown> style= {position: fixed}  ... > 
  at <Primitive ref_key="currentRef" ref=Ref< Proxy(Object) > tabindex="-1"  ... > 
  at <FocusScope as-child="" loop="" trapped=false  ... > 
  at <DialogContentImpl as=undefined forceMount=false trapFocus=false  ... > 
  at <DialogContentNonModal key=1 ref=fn<ref> forceMount=false  ... > 
  at <Presence present=false style= {position: fixed} onAnimationend=fn<onAnimationEnd>  ... > 
  at <DialogContent ref="contentRef" style= {position: fixed} onAnimationend=fn<onAnimationEnd>  ... > 
  at <DialogContent ref="contentRef" append-to=undefined class="left-0 right-0 top-[10vh] mx-auto flex max-h-[80%] flex-col p-0 sm:rounded-[var(--radius)] w-[900px] border border-border duration-300"  ... > 
  at <DialogRoot modal=false open=false onUpdate:open=fn > 
  at <Dialog modal=false open=false onUpdate:open=fn > 
  at <Modal modalApi= ModalApi > 
  at <VbenModal> 
  at <Page auto-content-height="" > 
  at <ApiTestingTestStep > 
  at <ApiTestingTestStep onVnodeUnmounted=fn<onVnodeUnmounted> ref=Ref< Proxy(Object) > key="/plugins/teststep?test_case_id=1" > 
  at <KeepAlive key=0 exclude= [] include= [ApiTesting, ApiTestingTestReportDetail, ApiTestingDashboard, ApiTestingVariable, ApiTestingBatchReport, ApiTestingTestCase, ApiTestingExecutionStream, ApiTestingTestStep, ApiTestingTestReport, ApiTestingProject, ApiTestingEnvironment, ApiTestingTestSuite] > 
  at <BaseTransition mode="out-in" appear=true persisted=false  ... > 
  at <Transition key=0 name="fade-slide" appear=""  ... > 
  at <RouterView> 
  at <LayoutContent> 
  at <LayoutContent id="__vben_main_content" content-compact="wide" content-compact-width=1200  ... > 
  at <VbenLayout sidebar-extra-visible=true onUpdate:sidebarExtraVisible=fn content-compact="wide"  ... > 
  at <BasicLayout onClearPreferencesAndLogout=fn<handleLogout> > 
  at <Basic onVnodeUnmounted=fn<onVnodeUnmounted> ref=Ref< Proxy(Object) > > 
  at <RouterView> 
  at <Anonymous message= {} notification= {} > 
  at <AApp> 
  at <LocaleProvider locale= {locale: zh-cn, Pagination: Object, DatePicker: Object, TimePicker: Object, Calendar: Object} _ANT_MARK__="internalMark" > 
  at <Anonymous prefixCls="anticon" csp=undefined layer=undefined > 
  at <Anonymous value= {override: Object, hashed: false, theme: Theme, token: Object, components: Object} > 
  at <Anonymous parentContext= {getPrefixCls: , iconPrefixCls: anticon} locale= {locale: zh-cn, Pagination: Object, DatePicker: Object, TimePicker: Object, Calendar: Object} theme= {algorithm: Array(1), token: Proxy(Object)}  ... > 
  at <AConfigProvider locale= {locale: zh-cn, Pagination: Object, DatePicker: Object, TimePicker: Object, Calendar: Object} theme= {algorithm: Array(1), token: Proxy(Object)} > 
  at <App> @ http://localhost:5173/node_modules/.vite/deps/chunk-NUZEDWKZ.js?v=eff7922a:1936
[ 2446157ms] [WARNING] [Vue warn]: Vue received a Component that was made a reactive object. This can lead to unnecessary performance overhead and should be avoided by marking the component with `markRaw` or using `shallowRef` instead of `ref`. 
Component that was made reactive:  {__name: CodeMirror, props: Object, emits: Array(3), setup: , __hmrId: 3670bf03} 
  at <PrimitiveSlot id="v-214-form-item" aria-describedby="v-214-form-item-description" aria-invalid=false  ... > 
  at <FormControl class="" > 
  at <FormItem class="flex-row items-center pb-4 relative flex flex-shrink-0" > 
  at <Field key=0 keepValue=true label="变量提取"  ... > 
  at <FormField ref_for=true colon=false disabled=undefined  ... > 
  at <Form onKeydown=fn formApi= FormApi actionButtonsReverse=undefined  ... > 
  at <VbenUseForm formApi= FormApi > 
  at <VbenUseForm> 
  at <Primitive ref=fn<forwardRef> as-child=false as=undefined  ... > 
  at <DismissableLayer tabindex="-1" onKeydown=fn<handleKeyDown> style= {position: fixed}  ... > 
  at <PrimitiveSlot tabindex="-1" onKeydown=fn<handleKeyDown> style= {position: fixed}  ... > 
  at <Primitive ref_key="currentRef" ref=Ref< Proxy(Object) > tabindex="-1"  ... > 
  at <FocusScope as-child="" loop="" trapped=false  ... > 
  at <DialogContentImpl as=undefined forceMount=false trapFocus=false  ... > 
  at <DialogContentNonModal key=1 ref=fn<ref> forceMount=false  ... > 
  at <Presence present=false style= {position: fixed} onAnimationend=fn<onAnimationEnd>  ... > 
  at <DialogContent ref="contentRef" style= {position: fixed} onAnimationend=fn<onAnimationEnd>  ... > 
  at <DialogContent ref="contentRef" append-to=undefined class="left-0 right-0 top-[10vh] mx-auto flex max-h-[80%] flex-col p-0 sm:rounded-[var(--radius)] w-[900px] border border-border duration-300"  ... > 
  at <DialogRoot modal=false open=false onUpdate:open=fn > 
  at <Dialog modal=false open=false onUpdate:open=fn > 
  at <Modal modalApi= ModalApi > 
  at <VbenModal> 
  at <Page auto-content-height="" > 
  at <ApiTestingTestStep > 
  at <ApiTestingTestStep onVnodeUnmounted=fn<onVnodeUnmounted> ref=Ref< Proxy(Object) > key="/plugins/teststep?test_case_id=1" > 
  at <KeepAlive key=0 exclude= [] include= [ApiTesting, ApiTestingTestReportDetail, ApiTestingDashboard, ApiTestingVariable, ApiTestingBatchReport, ApiTestingTestCase, ApiTestingExecutionStream, ApiTestingTestStep, ApiTestingTestReport, ApiTestingProject, ApiTestingEnvironment, ApiTestingTestSuite] > 
  at <BaseTransition mode="out-in" appear=true persisted=false  ... > 
  at <Transition key=0 name="fade-slide" appear=""  ... > 
  at <RouterView> 
  at <LayoutContent> 
  at <LayoutContent id="__vben_main_content" content-compact="wide" content-compact-width=1200  ... > 
  at <VbenLayout sidebar-extra-visible=true onUpdate:sidebarExtraVisible=fn content-compact="wide"  ... > 
  at <BasicLayout onClearPreferencesAndLogout=fn<handleLogout> > 
  at <Basic onVnodeUnmounted=fn<onVnodeUnmounted> ref=Ref< Proxy(Object) > > 
  at <RouterView> 
  at <Anonymous message= {} notification= {} > 
  at <AApp> 
  at <LocaleProvider locale= {locale: zh-cn, Pagination: Object, DatePicker: Object, TimePicker: Object, Calendar: Object} _ANT_MARK__="internalMark" > 
  at <Anonymous prefixCls="anticon" csp=undefined layer=undefined > 
  at <Anonymous value= {override: Object, hashed: false, theme: Theme, token: Object, components: Object} > 
  at <Anonymous parentContext= {getPrefixCls: , iconPrefixCls: anticon} locale= {locale: zh-cn, Pagination: Object, DatePicker: Object, TimePicker: Object, Calendar: Object} theme= {algorithm: Array(1), token: Proxy(Object)}  ... > 
  at <AConfigProvider locale= {locale: zh-cn, Pagination: Object, DatePicker: Object, TimePicker: Object, Calendar: Object} theme= {algorithm: Array(1), token: Proxy(Object)} > 
  at <App> @ http://localhost:5173/node_modules/.vite/deps/chunk-NUZEDWKZ.js?v=eff7922a:1936
[ 2446164ms] [WARNING] [Vue warn]: Vue received a Component that was made a reactive object. This can lead to unnecessary performance overhead and should be avoided by marking the component with `markRaw` or using `shallowRef` instead of `ref`. 
Component that was made reactive:  {__name: CodeMirror, props: Object, emits: Array(3), setup: , __hmrId: 3670bf03} 
  at <PrimitiveSlot id="v-215-form-item" aria-describedby="v-215-form-item-description" aria-invalid=false  ... > 
  at <FormControl class="" > 
  at <FormItem class="flex-row items-center pb-4 relative flex flex-shrink-0" > 
  at <Field key=0 keepValue=true label="断言规则"  ... > 
  at <FormField ref_for=true colon=false disabled=undefined  ... > 
  at <Form onKeydown=fn formApi= FormApi actionButtonsReverse=undefined  ... > 
  at <VbenUseForm formApi= FormApi > 
  at <VbenUseForm> 
  at <Primitive ref=fn<forwardRef> as-child=false as=undefined  ... > 
  at <DismissableLayer tabindex="-1" onKeydown=fn<handleKeyDown> style= {position: fixed}  ... > 
  at <PrimitiveSlot tabindex="-1" onKeydown=fn<handleKeyDown> style= {position: fixed}  ... > 
  at <Primitive ref_key="currentRef" ref=Ref< Proxy(Object) > tabindex="-1"  ... > 
  at <FocusScope as-child="" loop="" trapped=false  ... > 
  at <DialogContentImpl as=undefined forceMount=false trapFocus=false  ... > 
  at <DialogContentNonModal key=1 ref=fn<ref> forceMount=false  ... > 
  at <Presence present=false style= {position: fixed} onAnimationend=fn<onAnimationEnd>  ... > 
  at <DialogContent ref="contentRef" style= {position: fixed} onAnimationend=fn<onAnimationEnd>  ... > 
  at <DialogContent ref="contentRef" append-to=undefined class="left-0 right-0 top-[10vh] mx-auto flex max-h-[80%] flex-col p-0 sm:rounded-[var(--radius)] w-[900px] border border-border duration-300"  ... > 
  at <DialogRoot modal=false open=false onUpdate:open=fn > 
  at <Dialog modal=false open=false onUpdate:open=fn > 
  at <Modal modalApi= ModalApi > 
  at <VbenModal> 
  at <Page auto-content-height="" > 
  at <ApiTestingTestStep > 
  at <ApiTestingTestStep onVnodeUnmounted=fn<onVnodeUnmounted> ref=Ref< Proxy(Object) > key="/plugins/teststep?test_case_id=1" > 
  at <KeepAlive key=0 exclude= [] include= [ApiTesting, ApiTestingTestReportDetail, ApiTestingDashboard, ApiTestingVariable, ApiTestingBatchReport, ApiTestingTestCase, ApiTestingExecutionStream, ApiTestingTestStep, ApiTestingTestReport, ApiTestingProject, ApiTestingEnvironment, ApiTestingTestSuite] > 
  at <BaseTransition mode="out-in" appear=true persisted=false  ... > 
  at <Transition key=0 name="fade-slide" appear=""  ... > 
  at <RouterView> 
  at <LayoutContent> 
  at <LayoutContent id="__vben_main_content" content-compact="wide" content-compact-width=1200  ... > 
  at <VbenLayout sidebar-extra-visible=true onUpdate:sidebarExtraVisible=fn content-compact="wide"  ... > 
  at <BasicLayout onClearPreferencesAndLogout=fn<handleLogout> > 
  at <Basic onVnodeUnmounted=fn<onVnodeUnmounted> ref=Ref< Proxy(Object) > > 
  at <RouterView> 
  at <Anonymous message= {} notification= {} > 
  at <AApp> 
  at <LocaleProvider locale= {locale: zh-cn, Pagination: Object, DatePicker: Object, TimePicker: Object, Calendar: Object} _ANT_MARK__="internalMark" > 
  at <Anonymous prefixCls="anticon" csp=undefined layer=undefined > 
  at <Anonymous value= {override: Object, hashed: false, theme: Theme, token: Object, components: Object} > 
  at <Anonymous parentContext= {getPrefixCls: , iconPrefixCls: anticon} locale= {locale: zh-cn, Pagination: Object, DatePicker: Object, TimePicker: Object, Calendar: Object} theme= {algorithm: Array(1), token: Proxy(Object)}  ... > 
  at <AConfigProvider locale= {locale: zh-cn, Pagination: Object, DatePicker: Object, TimePicker: Object, Calendar: Object} theme= {algorithm: Array(1), token: Proxy(Object)} > 
  at <App> @ http://localhost:5173/node_modules/.vite/deps/chunk-NUZEDWKZ.js?v=eff7922a:1936
[ 2446172ms] [WARNING] [Vue warn]: Vue received a Component that was made a reactive object. This can lead to unnecessary performance overhead and should be avoided by marking the component with `markRaw` or using `shallowRef` instead of `ref`. 
Component that was made reactive:  {__name: CodeMirror, props: Object, emits: Array(3), setup: , __hmrId: 3670bf03} 
  at <PrimitiveSlot id="v-216-form-item" aria-describedby="v-216-form-item-description" aria-invalid=false  ... > 
  at <FormControl class="" > 
  at <FormItem class="flex-row items-center pb-4 relative flex flex-shrink-0" > 
  at <Field key=0 keepValue=true label="SQL查询"  ... > 
  at <FormField ref_for=true colon=false disabled=undefined  ... > 
  at <Form onKeydown=fn formApi= FormApi actionButtonsReverse=undefined  ... > 
  at <VbenUseForm formApi= FormApi > 
  at <VbenUseForm> 
  at <Primitive ref=fn<forwardRef> as-child=false as=undefined  ... > 
  at <DismissableLayer tabindex="-1" onKeydown=fn<handleKeyDown> style= {position: fixed}  ... > 
  at <PrimitiveSlot tabindex="-1" onKeydown=fn<handleKeyDown> style= {position: fixed}  ... > 
  at <Primitive ref_key="currentRef" ref=Ref< Proxy(Object) > tabindex="-1"  ... > 
  at <FocusScope as-child="" loop="" trapped=false  ... > 
  at <DialogContentImpl as=undefined forceMount=false trapFocus=false  ... > 
  at <DialogContentNonModal key=1 ref=fn<ref> forceMount=false  ... > 
  at <Presence present=false style= {position: fixed} onAnimationend=fn<onAnimationEnd>  ... > 
  at <DialogContent ref="contentRef" style= {position: fixed} onAnimationend=fn<onAnimationEnd>  ... > 
  at <DialogContent ref="contentRef" append-to=undefined class="left-0 right-0 top-[10vh] mx-auto flex max-h-[80%] flex-col p-0 sm:rounded-[var(--radius)] w-[900px] border border-border duration-300"  ... > 
  at <DialogRoot modal=false open=false onUpdate:open=fn > 
  at <Dialog modal=false open=false onUpdate:open=fn > 
  at <Modal modalApi= ModalApi > 
  at <VbenModal> 
  at <Page auto-content-height="" > 
  at <ApiTestingTestStep > 
  at <ApiTestingTestStep onVnodeUnmounted=fn<onVnodeUnmounted> ref=Ref< Proxy(Object) > key="/plugins/teststep?test_case_id=1" > 
  at <KeepAlive key=0 exclude= [] include= [ApiTesting, ApiTestingTestReportDetail, ApiTestingDashboard, ApiTestingVariable, ApiTestingBatchReport, ApiTestingTestCase, ApiTestingExecutionStream, ApiTestingTestStep, ApiTestingTestReport, ApiTestingProject, ApiTestingEnvironment, ApiTestingTestSuite] > 
  at <BaseTransition mode="out-in" appear=true persisted=false  ... > 
  at <Transition key=0 name="fade-slide" appear=""  ... > 
  at <RouterView> 
  at <LayoutContent> 
  at <LayoutContent id="__vben_main_content" content-compact="wide" content-compact-width=1200  ... > 
  at <VbenLayout sidebar-extra-visible=true onUpdate:sidebarExtraVisible=fn content-compact="wide"  ... > 
  at <BasicLayout onClearPreferencesAndLogout=fn<handleLogout> > 
  at <Basic onVnodeUnmounted=fn<onVnodeUnmounted> ref=Ref< Proxy(Object) > > 
  at <RouterView> 
  at <Anonymous message= {} notification= {} > 
  at <AApp> 
  at <LocaleProvider locale= {locale: zh-cn, Pagination: Object, DatePicker: Object, TimePicker: Object, Calendar: Object} _ANT_MARK__="internalMark" > 
  at <Anonymous prefixCls="anticon" csp=undefined layer=undefined > 
  at <Anonymous value= {override: Object, hashed: false, theme: Theme, token: Object, components: Object} > 
  at <Anonymous parentContext= {getPrefixCls: , iconPrefixCls: anticon} locale= {locale: zh-cn, Pagination: Object, DatePicker: Object, TimePicker: Object, Calendar: Object} theme= {algorithm: Array(1), token: Proxy(Object)}  ... > 
  at <AConfigProvider locale= {locale: zh-cn, Pagination: Object, DatePicker: Object, TimePicker: Object, Calendar: Object} theme= {algorithm: Array(1), token: Proxy(Object)} > 
  at <App> @ http://localhost:5173/node_modules/.vite/deps/chunk-NUZEDWKZ.js?v=eff7922a:1936
[ 2475473ms] [ERROR] Failed to load resource: the server responded with a status of 500 (Internal Server Error) @ http://localhost:5173/src/plugins/api_testing/api/index.ts?t=1775014143770:0
[ 2475473ms] [ERROR] Failed to load resource: the server responded with a status of 500 (Internal Server Error) @ http://localhost:5173/src/plugins/api_testing/api/index.ts?t=1775014143886:0
[ 2475474ms] [ERROR] [vite] Failed to reload /src/plugins/api_testing/views/teststep/index.vue. This could be due to syntax errors or importing non-existent modules. (see errors above) @ http://localhost:5173/@vite/client:808
[ 2475475ms] [ERROR] [vite] Failed to reload /src/plugins/api_testing/views/testcase/index.vue. This could be due to syntax errors or importing non-existent modules. (see errors above) @ http://localhost:5173/@vite/client:808
[ 2475545ms] [ERROR] Failed to load resource: the server responded with a status of 500 (Internal Server Error) @ http://localhost:5173/src/plugins/api_testing/views/teststep/data.ts?t=1775014143776:0
[ 2475558ms] [ERROR] [vite] Failed to reload /src/plugins/api_testing/views/teststep/index.vue. This could be due to syntax errors or importing non-existent modules. (see errors above) @ http://localhost:5173/@vite/client:808
[ 2476781ms] [ERROR] [vite] Failed to reload /src/plugins/api_testing/views/testcase/index.vue. This could be due to syntax errors or importing non-existent modules. (see errors above) @ http://localhost:5173/@vite/client:808
[ 2478540ms] [ERROR] Failed to load resource: the server responded with a status of 500 (Internal Server Error) @ http://localhost:5173/src/plugins/api_testing/routes/index.ts?t=1775014143886:0
[ 2478696ms] Failed to fetch dynamically imported module: http://localhost:5173/src/bootstrap.ts?t=1775014143886
[ 2479180ms] [INFO] This page uses Chrome's Built-In AI features (LanguageDetector)! We're always improving our models; please submit your feedback here: https://issues.chromium.org/issues/new?component=1583316 @ chrome-extension://bpoadfkcbjbfhfodiogcnhhhpibjhbnh/content_script.js:4890
[ 2482480ms] [INFO] This page uses Chrome's Built-In AI features (LanguageDetector)! We're always improving our models; please submit your feedback here: https://issues.chromium.org/issues/new?component=1583316 @ chrome-extension://bpoadfkcbjbfhfodiogcnhhhpibjhbnh/content_script.js:4890
[ 2483325ms] [ERROR] Failed to load resource: the server responded with a status of 500 (Internal Server Error) @ http://localhost:5173/src/plugins/api_testing/routes/index.ts?t=1775014143886:0
[ 2483479ms] Failed to fetch dynamically imported module: http://localhost:5173/src/bootstrap.ts?t=1775014150454
[ 2518794ms] [LOG] [vite] server connection lost. Polling for restart... @ http://localhost:5173/@vite/client:864
[ 2541873ms] [INFO] This page uses Chrome's Built-In AI features (LanguageDetector)! We're always improving our models; please submit your feedback here: https://issues.chromium.org/issues/new?component=1583316 @ chrome-extension://bpoadfkcbjbfhfodiogcnhhhpibjhbnh/content_script.js:4890
[ 2550840ms] [ERROR] Failed to load resource: the server responded with a status of 500 (Internal Server Error) @ http://localhost:5173/src/plugins/api_testing/routes/index.ts:0
[ 2550856ms] Failed to fetch dynamically imported module: http://localhost:5173/src/bootstrap.ts
[ 2761885ms] [ERROR] Failed to load resource: the server responded with a status of 500 (Internal Server Error) @ http://localhost:5173/src/plugins/api_testing/routes/index.ts?t=1775014429545:0
[ 2762483ms] Failed to fetch dynamically imported module: http://localhost:5173/src/bootstrap.ts?t=1775014429545
[ 2762999ms] [INFO] This page uses Chrome's Built-In AI features (LanguageDetector)! We're always improving our models; please submit your feedback here: https://issues.chromium.org/issues/new?component=1583316 @ chrome-extension://bpoadfkcbjbfhfodiogcnhhhpibjhbnh/content_script.js:4890
[ 2981404ms] A listener indicated an asynchronous response by returning true, but the message channel closed before a response was received
[ 3004370ms] [ERROR] Failed to load resource: the server responded with a status of 500 (Internal Server Error) @ http://localhost:5173/src/plugins/api_testing/routes/index.ts?t=1775014672201:0
[ 3004431ms] Failed to fetch dynamically imported module: http://localhost:5173/src/bootstrap.ts?t=1775014672201
[ 3004930ms] [INFO] This page uses Chrome's Built-In AI features (LanguageDetector)! We're always improving our models; please submit your feedback here: https://issues.chromium.org/issues/new?component=1583316 @ chrome-extension://bpoadfkcbjbfhfodiogcnhhhpibjhbnh/content_script.js:4890
[ 3082841ms] [ERROR] Failed to load resource: the server responded with a status of 500 (Internal Server Error) @ http://localhost:5173/src/plugins/api_testing/routes/index.ts?t=1775014751348:0
[ 3083049ms] Failed to fetch dynamically imported module: http://localhost:5173/src/bootstrap.ts?t=1775014751348
[ 3083618ms] [INFO] This page uses Chrome's Built-In AI features (LanguageDetector)! We're always improving our models; please submit your feedback here: https://issues.chromium.org/issues/new?component=1583316 @ chrome-extension://bpoadfkcbjbfhfodiogcnhhhpibjhbnh/content_script.js:4890
[ 3173782ms] [ERROR] Failed to load resource: the server responded with a status of 500 (Internal Server Error) @ http://localhost:5173/src/plugins/api_testing/routes/index.ts?t=1775014842272:0
[ 3173936ms] Failed to fetch dynamically imported module: http://localhost:5173/src/bootstrap.ts?t=1775014842272
[ 3174270ms] [INFO] This page uses Chrome's Built-In AI features (LanguageDetector)! We're always improving our models; please submit your feedback here: https://issues.chromium.org/issues/new?component=1583316 @ chrome-extension://bpoadfkcbjbfhfodiogcnhhhpibjhbnh/content_script.js:4890
[ 3236492ms] [INFO] This page uses Chrome's Built-In AI features (LanguageDetector)! We're always improving our models; please submit your feedback here: https://issues.chromium.org/issues/new?component=1583316 @ chrome-extension://bpoadfkcbjbfhfodiogcnhhhpibjhbnh/content_script.js:4890
[ 3237011ms] [LOG] 🍍 "websocket" store installed 🆕 @ http://localhost:5173/node_modules/.vite/deps/pinia.js?v=eff7922a:206
[ 3238854ms] [LOG] 🍍 "core-timezone" store installed 🆕 @ http://localhost:5173/node_modules/.vite/deps/pinia.js?v=eff7922a:206
[ 3238856ms] [LOG] 🍍 "core-tabbar" store installed 🆕 @ http://localhost:5173/node_modules/.vite/deps/pinia.js?v=eff7922a:206
[ 3238857ms] [WARNING] [vxe table v4.17.48] 参数 "[toolbar] refresh={...}" 已废弃，请使用 "refresh=boolean & refresh-options={...}" @ http://localhost:5173/node_modules/.vite/deps/chunk-ZTR45YP4.js?v=eff7922a:5837
[ 3238858ms] [WARNING] [vxe table v4.17.48] 参数 "[toolbar] zoom={...}" 已废弃，请使用 "zoom=boolean & zoom-options={...}" @ http://localhost:5173/node_modules/.vite/deps/chunk-ZTR45YP4.js?v=eff7922a:5837
[ 3269470ms] fetchError: Request timeout after 30000ms
    at CT (chrome-extension://bpoadfkcbjbfhfodiogcnhhhpibjhbnh/content_script.js:4891:12015)
    at e.sendFrom (chrome-extension://bpoadfkcbjbfhfodiogcnhhhpibjhbnh/content_script.js:4891:2977)
    at async f3.sendWithHealth (chrome-extension://bpoadfkcbjbfhfodiogcnhhhpibjhbnh/content_script.js:4891:16516)
    at async EV (chrome-extension://bpoadfkcbjbfhfodiogcnhhhpibjhbnh/content_script.js:4891:22033)
    at async he (chrome-extension://bpoadfkcbjbfhfodiogcnhhhpibjhbnh/content_script.js:4891:20203)
    at async RH (chrome-extension://bpoadfkcbjbfhfodiogcnhhhpibjhbnh/content_script.js:4884:25758)
    at async LH (chrome-extension://bpoadfkcbjbfhfodiogcnhhhpibjhbnh/content_script.js:4884:25380)
[ 3396798ms] [WARNING] [vxe table v4.17.48] 参数 "[toolbar] refresh={...}" 已废弃，请使用 "refresh=boolean & refresh-options={...}" @ http://localhost:5173/node_modules/.vite/deps/chunk-ZTR45YP4.js?v=eff7922a:5837
[ 3396798ms] [WARNING] [vxe table v4.17.48] 参数 "[toolbar] zoom={...}" 已废弃，请使用 "zoom=boolean & zoom-options={...}" @ http://localhost:5173/node_modules/.vite/deps/chunk-ZTR45YP4.js?v=eff7922a:5837
[ 9207728ms] A listener indicated an asynchronous response by returning true, but the message channel closed before a response was received
[15844566ms] [LOG] 🍍 "websocket" store installed 🆕 @ http://localhost:5173/node_modules/.vite/deps/pinia.js?v=eff7922a:206
[15845019ms] [INFO] This page uses Chrome's Built-In AI features (LanguageDetector)! We're always improving our models; please submit your feedback here: https://issues.chromium.org/issues/new?component=1583316 @ chrome-extension://bpoadfkcbjbfhfodiogcnhhhpibjhbnh/content_script.js:4890
[15846404ms] [LOG] 🍍 "core-timezone" store installed 🆕 @ http://localhost:5173/node_modules/.vite/deps/pinia.js?v=eff7922a:206
[15846406ms] [LOG] 🍍 "core-tabbar" store installed 🆕 @ http://localhost:5173/node_modules/.vite/deps/pinia.js?v=eff7922a:206
[15846409ms] [WARNING] [vxe table v4.17.48] 参数 "[toolbar] refresh={...}" 已废弃，请使用 "refresh=boolean & refresh-options={...}" @ http://localhost:5173/node_modules/.vite/deps/chunk-ZTR45YP4.js?v=eff7922a:5837
[15846410ms] [WARNING] [vxe table v4.17.48] 参数 "[toolbar] zoom={...}" 已废弃，请使用 "zoom=boolean & zoom-options={...}" @ http://localhost:5173/node_modules/.vite/deps/chunk-ZTR45YP4.js?v=eff7922a:5837
[15853784ms] [ERROR] Failed to load resource: the server responded with a status of 404 (Not Found) @ http://localhost:8000/api/v1/api_testing/test_steps/33/execute:0
[15856273ms] [WARNING] [vxe table v4.17.48] 参数 "[toolbar] refresh={...}" 已废弃，请使用 "refresh=boolean & refresh-options={...}" @ http://localhost:5173/node_modules/.vite/deps/chunk-ZTR45YP4.js?v=eff7922a:5837
[15856274ms] [WARNING] [vxe table v4.17.48] 参数 "[toolbar] zoom={...}" 已废弃，请使用 "zoom=boolean & zoom-options={...}" @ http://localhost:5173/node_modules/.vite/deps/chunk-ZTR45YP4.js?v=eff7922a:5837
[15875854ms] [ERROR] Immersive Translate ERROR: sync rules error:  fetchError: Request timeout after 30000ms
    at CT (chrome-extension://bpoadfkcbjbfhfodiogcnhhhpibjhbnh/content_script.js:4891:12015)
    at e.sendFrom (chrome-extension://bpoadfkcbjbfhfodiogcnhhhpibjhbnh/content_script.js:4891:2977)
    at async f3.sendWithHealth (chrome-extension://bpoadfkcbjbfhfodiogcnhhhpibjhbnh/content_script.js:4891:16516)
    at async EV (chrome-extension://bpoadfkcbjbfhfodiogcnhhhpibjhbnh/content_script.js:4891:22033)
    at async he (chrome-extension://bpoadfkcbjbfhfodiogcnhhhpibjhbnh/content_script.js:4891:20203)
    at async Z0 (chrome-extension://bpoadfkcbjbfhfodiogcnhhhpibjhbnh/content_script.js:5426:5688) @ chrome-extension://bpoadfkcbjbfhfodiogcnhhhpibjhbnh/content_script.js:4870
[15901723ms] [WARNING] [vxe table v4.17.48] 参数 "[toolbar] refresh={...}" 已废弃，请使用 "refresh=boolean & refresh-options={...}" @ http://localhost:5173/node_modules/.vite/deps/chunk-ZTR45YP4.js?v=eff7922a:5837
[15901723ms] [WARNING] [vxe table v4.17.48] 参数 "[toolbar] zoom={...}" 已废弃，请使用 "zoom=boolean & zoom-options={...}" @ http://localhost:5173/node_modules/.vite/deps/chunk-ZTR45YP4.js?v=eff7922a:5837
[15903323ms] [WARNING] [Vue warn]: Failed to resolve component: a-descriptions-item
If this is a native custom element, make sure to exclude it from component resolution via compilerOptions.isCustomElement. 
  at <BatchReportDrawer > 
  at <VbenParentDrawer> 
  at <Page auto-content-height="" > 
  at <ApiTestingBatchReport > 
  at <ApiTestingBatchReport onVnodeUnmounted=fn<onVnodeUnmounted> ref=Ref< null > key="/plugins/batch-report" > 
  at <KeepAlive key=0 exclude= [] include= [ApiTesting, ApiTestingTestReportDetail, ApiTestingDashboard, ApiTestingVariable, ApiTestingBatchReport, ApiTestingTestCase, ApiTestingExecutionStream, ApiTestingTestStep, ApiTestingTestReport, ApiTestingProject, ApiTestingEnvironment, ApiTestingTestSuite] > 
  at <BaseTransition mode="out-in" appear=true persisted=false  ... > 
  at <Transition key=0 name="fade-slide" appear=""  ... > 
  at <RouterView> 
  at <LayoutContent> 
  at <LayoutContent id="__vben_main_content" content-compact="wide" content-compact-width=1200  ... > 
  at <VbenLayout sidebar-extra-visible=true onUpdate:sidebarExtraVisible=fn content-compact="wide"  ... > 
  at <BasicLayout onClearPreferencesAndLogout=fn<handleLogout> > 
  at <Basic onVnodeUnmounted=fn<onVnodeUnmounted> ref=Ref< Proxy(Object) > > 
  at <RouterView> 
  at <Anonymous message= {} notification= {} > 
  at <AApp> 
  at <LocaleProvider locale= {locale: zh-cn, Pagination: Object, DatePicker: Object, TimePicker: Object, Calendar: Object} _ANT_MARK__="internalMark" > 
  at <Anonymous prefixCls="anticon" csp=undefined layer=undefined > 
  at <Anonymous value= {override: Object, hashed: false, theme: Theme, token: Object, components: Object} > 
  at <Anonymous parentContext= {getPrefixCls: , iconPrefixCls: anticon} locale= {locale: zh-cn, Pagination: Object, DatePicker: Object, TimePicker: Object, Calendar: Object} theme= {algorithm: Array(1), token: Proxy(Object)}  ... > 
  at <AConfigProvider locale= {locale: zh-cn, Pagination: Object, DatePicker: Object, TimePicker: Object, Calendar: Object} theme= {algorithm: Array(1), token: Proxy(Object)} > 
  at <App> @ http://localhost:5173/node_modules/.vite/deps/chunk-NUZEDWKZ.js?v=eff7922a:1936
[15903363ms] [WARNING] [vxe table v4.17.48] 参数 "[toolbar] refresh={...}" 已废弃，请使用 "refresh=boolean & refresh-options={...}" @ http://localhost:5173/node_modules/.vite/deps/chunk-ZTR45YP4.js?v=eff7922a:5837
[15903363ms] [WARNING] [vxe table v4.17.48] 参数 "[toolbar] zoom={...}" 已废弃，请使用 "zoom=boolean & zoom-options={...}" @ http://localhost:5173/node_modules/.vite/deps/chunk-ZTR45YP4.js?v=eff7922a:5837
[15909950ms] [WARNING] [Vue warn]: Failed to resolve component: a-descriptions-item
If this is a native custom element, make sure to exclude it from component resolution via compilerOptions.isCustomElement. 
  at <BatchReportDrawer > 
  at <VbenParentDrawer> 
  at <Page auto-content-height="" > 
  at <ApiTestingBatchReport > 
  at <ApiTestingBatchReport onVnodeUnmounted=fn<onVnodeUnmounted> ref=Ref< null > key="/plugins/batch-report?project_id=1&report_id=12&suite_id=1&target_type=suite" > 
  at <KeepAlive key=0 exclude= [] include= [ApiTesting, ApiTestingTestReportDetail, ApiTestingDashboard, ApiTestingVariable, ApiTestingBatchReport, ApiTestingTestCase, ApiTestingExecutionStream, ApiTestingTestStep, ApiTestingTestReport, ApiTestingProject, ApiTestingEnvironment, ApiTestingTestSuite] > 
  at <BaseTransition mode="out-in" appear=true persisted=false  ... > 
  at <Transition key=0 name="fade-slide" appear=""  ... > 
  at <RouterView> 
  at <LayoutContent> 
  at <LayoutContent id="__vben_main_content" content-compact="wide" content-compact-width=1200  ... > 
  at <VbenLayout sidebar-extra-visible=true onUpdate:sidebarExtraVisible=fn content-compact="wide"  ... > 
  at <BasicLayout onClearPreferencesAndLogout=fn<handleLogout> > 
  at <Basic onVnodeUnmounted=fn<onVnodeUnmounted> ref=Ref< Proxy(Object) > > 
  at <RouterView> 
  at <Anonymous message= {} notification= {} > 
  at <AApp> 
  at <LocaleProvider locale= {locale: zh-cn, Pagination: Object, DatePicker: Object, TimePicker: Object, Calendar: Object} _ANT_MARK__="internalMark" > 
  at <Anonymous prefixCls="anticon" csp=undefined layer=undefined > 
  at <Anonymous value= {override: Object, hashed: false, theme: Theme, token: Object, components: Object} > 
  at <Anonymous parentContext= {getPrefixCls: , iconPrefixCls: anticon} locale= {locale: zh-cn, Pagination: Object, DatePicker: Object, TimePicker: Object, Calendar: Object} theme= {algorithm: Array(1), token: Proxy(Object)}  ... > 
  at <AConfigProvider locale= {locale: zh-cn, Pagination: Object, DatePicker: Object, TimePicker: Object, Calendar: Object} theme= {algorithm: Array(1), token: Proxy(Object)} > 
  at <App> @ http://localhost:5173/node_modules/.vite/deps/chunk-NUZEDWKZ.js?v=eff7922a:1936
[15910129ms] [WARNING] [vxe table v4.17.48] 参数 "[toolbar] refresh={...}" 已废弃，请使用 "refresh=boolean & refresh-options={...}" @ http://localhost:5173/node_modules/.vite/deps/chunk-ZTR45YP4.js?v=eff7922a:5837
[15910130ms] [WARNING] [vxe table v4.17.48] 参数 "[toolbar] zoom={...}" 已废弃，请使用 "zoom=boolean & zoom-options={...}" @ http://localhost:5173/node_modules/.vite/deps/chunk-ZTR45YP4.js?v=eff7922a:5837
[15910306ms] [WARNING] [Vue warn]: Failed to resolve component: a-descriptions-item
If this is a native custom element, make sure to exclude it from component resolution via compilerOptions.isCustomElement. 
  at <BatchReportDrawer > 
  at <VbenParentDrawer> 
  at <Page auto-content-height="" > 
  at <ApiTestingBatchReport > 
  at <ApiTestingBatchReport onVnodeUnmounted=fn<onVnodeUnmounted> ref=Ref< Proxy(Object) > key="/plugins/batch-report?project_id=1&report_id=12&suite_id=1&target_type=suite" > 
  at <KeepAlive key=0 exclude= [] include= [ApiTesting, ApiTestingTestReportDetail, ApiTestingDashboard, ApiTestingVariable, ApiTestingBatchReport, ApiTestingTestCase, ApiTestingExecutionStream, ApiTestingTestStep, ApiTestingTestReport, ApiTestingProject, ApiTestingEnvironment, ApiTestingTestSuite] > 
  at <BaseTransition mode="out-in" appear=true persisted=false  ... > 
  at <Transition key=0 name="fade-slide" appear=""  ... > 
  at <RouterView> 
  at <LayoutContent> 
  at <LayoutContent id="__vben_main_content" content-compact="wide" content-compact-width=1200  ... > 
  at <VbenLayout sidebar-extra-visible=true onUpdate:sidebarExtraVisible=fn content-compact="wide"  ... > 
  at <BasicLayout onClearPreferencesAndLogout=fn<handleLogout> > 
  at <Basic onVnodeUnmounted=fn<onVnodeUnmounted> ref=Ref< Proxy(Object) > > 
  at <RouterView> 
  at <Anonymous message= {} notification= {} > 
  at <AApp> 
  at <LocaleProvider locale= {locale: zh-cn, Pagination: Object, DatePicker: Object, TimePicker: Object, Calendar: Object} _ANT_MARK__="internalMark" > 
  at <Anonymous prefixCls="anticon" csp=undefined layer=undefined > 
  at <Anonymous value= {override: Object, hashed: false, theme: Theme, token: Object, components: Object} > 
  at <Anonymous parentContext= {getPrefixCls: , iconPrefixCls: anticon} locale= {locale: zh-cn, Pagination: Object, DatePicker: Object, TimePicker: Object, Calendar: Object} theme= {algorithm: Array(1), token: Proxy(Object)}  ... > 
  at <AConfigProvider locale= {locale: zh-cn, Pagination: Object, DatePicker: Object, TimePicker: Object, Calendar: Object} theme= {algorithm: Array(1), token: Proxy(Object)} > 
  at <App> @ http://localhost:5173/node_modules/.vite/deps/chunk-NUZEDWKZ.js?v=eff7922a:1936
[15914395ms] [WARNING] [Vue warn]: Failed to resolve component: a-descriptions-item
If this is a native custom element, make sure to exclude it from component resolution via compilerOptions.isCustomElement. 
  at <BatchReportDrawer > 
  at <VbenParentDrawer> 
  at <Page auto-content-height="" > 
  at <ApiTestingBatchReport > 
  at <ApiTestingBatchReport onVnodeUnmounted=fn<onVnodeUnmounted> ref=Ref< null > key="/plugins/batch-report?project_id=1&report_id=12&suite_id=1&target_type=suite" > 
  at <KeepAlive key=0 exclude= [] include= [ApiTesting, ApiTestingTestReportDetail, ApiTestingDashboard, ApiTestingVariable, ApiTestingBatchReport, ApiTestingTestCase, ApiTestingExecutionStream, ApiTestingTestStep, ApiTestingTestReport, ApiTestingProject, ApiTestingEnvironment, ApiTestingTestSuite] > 
  at <BaseTransition mode="out-in" appear=true persisted=false  ... > 
  at <Transition key=0 name="fade-slide" appear=""  ... > 
  at <RouterView> 
  at <LayoutContent> 
  at <LayoutContent id="__vben_main_content" content-compact="wide" content-compact-width=1200  ... > 
  at <VbenLayout sidebar-extra-visible=false onUpdate:sidebarExtraVisible=fn content-compact="wide"  ... > 
  at <BasicLayout onClearPreferencesAndLogout=fn<handleLogout> > 
  at <Basic onVnodeUnmounted=fn<onVnodeUnmounted> ref=Ref< Proxy(Object) > > 
  at <RouterView> 
  at <Anonymous message= {} notification= {} > 
  at <AApp> 
  at <LocaleProvider locale= {locale: zh-cn, Pagination: Object, DatePicker: Object, TimePicker: Object, Calendar: Object} _ANT_MARK__="internalMark" > 
  at <Anonymous prefixCls="anticon" csp=undefined layer=undefined > 
  at <Anonymous value= {override: Object, hashed: false, theme: Theme, token: Object, components: Object} > 
  at <Anonymous parentContext= {getPrefixCls: , iconPrefixCls: anticon} locale= {locale: zh-cn, Pagination: Object, DatePicker: Object, TimePicker: Object, Calendar: Object} theme= {algorithm: Array(1), token: Proxy(Object)}  ... > 
  at <AConfigProvider locale= {locale: zh-cn, Pagination: Object, DatePicker: Object, TimePicker: Object, Calendar: Object} theme= {algorithm: Array(1), token: Proxy(Object)} > 
  at <App> @ http://localhost:5173/node_modules/.vite/deps/chunk-NUZEDWKZ.js?v=eff7922a:1936
[15914746ms] [WARNING] [Vue warn]: Failed to resolve component: a-descriptions-item
If this is a native custom element, make sure to exclude it from component resolution via compilerOptions.isCustomElement. 
  at <BatchReportDrawer > 
  at <VbenParentDrawer> 
  at <Page auto-content-height="" > 
  at <ApiTestingBatchReport > 
  at <ApiTestingBatchReport onVnodeUnmounted=fn<onVnodeUnmounted> ref=Ref< null > key="/plugins/batch-report?project_id=1&report_id=12&suite_id=1&target_type=suite" > 
  at <KeepAlive key=0 exclude= [] include= [ApiTesting, ApiTestingTestReportDetail, ApiTestingDashboard, ApiTestingVariable, ApiTestingBatchReport, ApiTestingTestCase, ApiTestingExecutionStream, ApiTestingTestStep, ApiTestingTestReport, ApiTestingProject, ApiTestingEnvironment, ApiTestingTestSuite] > 
  at <BaseTransition mode="out-in" appear=true persisted=false  ... > 
  at <Transition key=0 name="fade-slide" appear=""  ... > 
  at <RouterView> 
  at <LayoutContent> 
  at <LayoutContent id="__vben_main_content" content-compact="wide" content-compact-width=1200  ... > 
  at <VbenLayout sidebar-extra-visible=false onUpdate:sidebarExtraVisible=fn content-compact="wide"  ... > 
  at <BasicLayout onClearPreferencesAndLogout=fn<handleLogout> > 
  at <Basic onVnodeUnmounted=fn<onVnodeUnmounted> ref=Ref< Proxy(Object) > > 
  at <RouterView> 
  at <Anonymous message= {} notification= {} > 
  at <AApp> 
  at <LocaleProvider locale= {locale: zh-cn, Pagination: Object, DatePicker: Object, TimePicker: Object, Calendar: Object} _ANT_MARK__="internalMark" > 
  at <Anonymous prefixCls="anticon" csp=undefined layer=undefined > 
  at <Anonymous value= {override: Object, hashed: false, theme: Theme, token: Object, components: Object} > 
  at <Anonymous parentContext= {getPrefixCls: , iconPrefixCls: anticon} locale= {locale: zh-cn, Pagination: Object, DatePicker: Object, TimePicker: Object, Calendar: Object} theme= {algorithm: Array(1), token: Proxy(Object)}  ... > 
  at <AConfigProvider locale= {locale: zh-cn, Pagination: Object, DatePicker: Object, TimePicker: Object, Calendar: Object} theme= {algorithm: Array(1), token: Proxy(Object)} > 
  at <App> @ http://localhost:5173/node_modules/.vite/deps/chunk-NUZEDWKZ.js?v=eff7922a:1936
[17002661ms] A listener indicated an asynchronous response by returning true, but the message channel closed before a response was received
[24088412ms] [INFO] This page uses Chrome's Built-In AI features (LanguageDetector)! We're always improving our models; please submit your feedback here: https://issues.chromium.org/issues/new?component=1583316 @ chrome-extension://bpoadfkcbjbfhfodiogcnhhhpibjhbnh/content_script.js:4890
[24088974ms] [ERROR] Failed to load resource: the server responded with a status of 401 (Unauthorized) @ http://localhost:8000/api/v1/sys/users/me:0
[24089414ms] [ERROR] Failed to load resource: the server responded with a status of 400 (Bad Request) @ http://localhost:8000/api/v1/auth/refresh:0
[24089461ms] [ERROR] Refresh token failed, please login again. @ http://localhost:5173/@fs/F:/gitpush/fastapi_best_architecture_ui/packages/effects/request/src/request-client/preset-interceptors.ts:60
[24089462ms] [WARNING] Access token or refresh token is invalid or expired.  @ http://localhost:5173/src/api/request.ts:19
[24089493ms] [LOG] 🍍 "websocket" store installed 🆕 @ http://localhost:5173/node_modules/.vite/deps/pinia.js?v=eff7922a:206
[24090399ms] [WARNING] [Vue Router warn]: uncaught error during route navigation: @ http://localhost:5173/node_modules/.vite/deps/vue-router.js?v=eff7922a:53
[24090400ms] [ERROR] {code: 400, msg: Refresh Token 已过期，请重新登录, data: null, trace_id: 2d80d31b007e4ef1bbb09dcc54554eaa} @ http://localhost:5173/node_modules/.vite/deps/vue-router.js?v=eff7922a:2109
[24090400ms] [WARNING] [Vue Router warn]: Unexpected error when starting the router: {code: 400, msg: Refresh Token 已过期，请重新登录, data: null, trace_id: 2d80d31b007e4ef1bbb09dcc54554eaa} @ http://localhost:5173/node_modules/.vite/deps/vue-router.js?v=eff7922a:53
[24090424ms] [VERBOSE] [DOM] Input elements should have autocomplete attributes (suggested: "current-password"): (More info: https://goo.gl/9p2vKq) @ http://localhost:5173/auth/login?redirect=%252F:0
[24096031ms] [LOG] 🍍 "core-timezone" store installed 🆕 @ http://localhost:5173/node_modules/.vite/deps/pinia.js?v=eff7922a:206
[24096034ms] [LOG] 🍍 "core-tabbar" store installed 🆕 @ http://localhost:5173/node_modules/.vite/deps/pinia.js?v=eff7922a:206
[24096180ms] [LOG] [ECharts] Specified `grid.containLabel` but no `use(LegacyGridContainLabel)`;use `grid.outerBounds` instead. @ http://localhost:5173/node_modules/.vite/deps/chunk-V7RXLIBT.js?v=eff7922a:614
[24100307ms] [WARNING] [vxe table v4.17.48] 参数 "[toolbar] refresh={...}" 已废弃，请使用 "refresh=boolean & refresh-options={...}" @ http://localhost:5173/node_modules/.vite/deps/chunk-ZTR45YP4.js?v=eff7922a:5837
[24100308ms] [WARNING] [vxe table v4.17.48] 参数 "[toolbar] zoom={...}" 已废弃，请使用 "zoom=boolean & zoom-options={...}" @ http://localhost:5173/node_modules/.vite/deps/chunk-ZTR45YP4.js?v=eff7922a:5837
[24108422ms] [WARNING] [vxe table v4.17.48] 参数 "[toolbar] refresh={...}" 已废弃，请使用 "refresh=boolean & refresh-options={...}" @ http://localhost:5173/node_modules/.vite/deps/chunk-ZTR45YP4.js?v=eff7922a:5837
[24108422ms] [WARNING] [vxe table v4.17.48] 参数 "[toolbar] zoom={...}" 已废弃，请使用 "zoom=boolean & zoom-options={...}" @ http://localhost:5173/node_modules/.vite/deps/chunk-ZTR45YP4.js?v=eff7922a:5837
[24110084ms] [WARNING] [Vue warn]: Failed to resolve component: a-descriptions-item
If this is a native custom element, make sure to exclude it from component resolution via compilerOptions.isCustomElement. 
  at <BatchReportDrawer > 
  at <VbenParentDrawer> 
  at <Page auto-content-height="" > 
  at <ApiTestingBatchReport > 
  at <ApiTestingBatchReport onVnodeUnmounted=fn<onVnodeUnmounted> ref=Ref< null > key="/plugins/batch-report?project_id=1&report_id=13&suite_id=1&target_type=suite" > 
  at <KeepAlive key=0 exclude= [] include= [ApiTesting, ApiTestingTestReportDetail, ApiTestingDashboard, ApiTestingVariable, ApiTestingBatchReport, ApiTestingTestCase, ApiTestingExecutionStream, ApiTestingTestStep, ApiTestingTestReport, ApiTestingProject, ApiTestingEnvironment, ApiTestingTestSuite, Dashboard, Analytics] > 
  at <BaseTransition mode="out-in" appear=true persisted=false  ... > 
  at <Transition key=0 name="fade-slide" appear=""  ... > 
  at <RouterView> 
  at <LayoutContent> 
  at <LayoutContent id="__vben_main_content" content-compact="wide" content-compact-width=1200  ... > 
  at <VbenLayout sidebar-extra-visible=true onUpdate:sidebarExtraVisible=fn content-compact="wide"  ... > 
  at <BasicLayout onClearPreferencesAndLogout=fn<handleLogout> > 
  at <Basic onVnodeUnmounted=fn<onVnodeUnmounted> ref=Ref< Proxy(Object) > > 
  at <RouterView> 
  at <Anonymous message= {} notification= {} > 
  at <AApp> 
  at <LocaleProvider locale= {locale: zh-cn, Pagination: Object, DatePicker: Object, TimePicker: Object, Calendar: Object} _ANT_MARK__="internalMark" > 
  at <Anonymous prefixCls="anticon" csp=undefined layer=undefined > 
  at <Anonymous value= {override: Object, hashed: false, theme: Theme, token: Object, components: Object} > 
  at <Anonymous parentContext= {getPrefixCls: , iconPrefixCls: anticon} locale= {locale: zh-cn, Pagination: Object, DatePicker: Object, TimePicker: Object, Calendar: Object} theme= {algorithm: Array(1), token: Proxy(Object)}  ... > 
  at <AConfigProvider locale= {locale: zh-cn, Pagination: Object, DatePicker: Object, TimePicker: Object, Calendar: Object} theme= {algorithm: Array(1), token: Proxy(Object)} > 
  at <App> @ http://localhost:5173/node_modules/.vite/deps/chunk-NUZEDWKZ.js?v=eff7922a:1936
[24110233ms] [WARNING] [vxe table v4.17.48] 参数 "[toolbar] refresh={...}" 已废弃，请使用 "refresh=boolean & refresh-options={...}" @ http://localhost:5173/node_modules/.vite/deps/chunk-ZTR45YP4.js?v=eff7922a:5837
[24110233ms] [WARNING] [vxe table v4.17.48] 参数 "[toolbar] zoom={...}" 已废弃，请使用 "zoom=boolean & zoom-options={...}" @ http://localhost:5173/node_modules/.vite/deps/chunk-ZTR45YP4.js?v=eff7922a:5837
[24110695ms] [WARNING] [Vue warn]: Failed to resolve component: a-descriptions-item
If this is a native custom element, make sure to exclude it from component resolution via compilerOptions.isCustomElement. 
  at <BatchReportDrawer > 
  at <VbenParentDrawer> 
  at <Page auto-content-height="" > 
  at <ApiTestingBatchReport > 
  at <ApiTestingBatchReport onVnodeUnmounted=fn<onVnodeUnmounted> ref=Ref< Proxy(Object) > key="/plugins/batch-report?project_id=1&report_id=13&suite_id=1&target_type=suite" > 
  at <KeepAlive key=0 exclude= [] include= [ApiTesting, ApiTestingTestReportDetail, ApiTestingDashboard, ApiTestingVariable, ApiTestingBatchReport, ApiTestingTestCase, ApiTestingExecutionStream, ApiTestingTestStep, ApiTestingTestReport, ApiTestingProject, ApiTestingEnvironment, ApiTestingTestSuite, Dashboard, Analytics] > 
  at <BaseTransition mode="out-in" appear=true persisted=false  ... > 
  at <Transition key=0 name="fade-slide" appear=""  ... > 
  at <RouterView> 
  at <LayoutContent> 
  at <LayoutContent id="__vben_main_content" content-compact="wide" content-compact-width=1200  ... > 
  at <VbenLayout sidebar-extra-visible=true onUpdate:sidebarExtraVisible=fn content-compact="wide"  ... > 
  at <BasicLayout onClearPreferencesAndLogout=fn<handleLogout> > 
  at <Basic onVnodeUnmounted=fn<onVnodeUnmounted> ref=Ref< Proxy(Object) > > 
  at <RouterView> 
  at <Anonymous message= {} notification= {} > 
  at <AApp> 
  at <LocaleProvider locale= {locale: zh-cn, Pagination: Object, DatePicker: Object, TimePicker: Object, Calendar: Object} _ANT_MARK__="internalMark" > 
  at <Anonymous prefixCls="anticon" csp=undefined layer=undefined > 
  at <Anonymous value= {override: Object, hashed: false, theme: Theme, token: Object, components: Object} > 
  at <Anonymous parentContext= {getPrefixCls: , iconPrefixCls: anticon} locale= {locale: zh-cn, Pagination: Object, DatePicker: Object, TimePicker: Object, Calendar: Object} theme= {algorithm: Array(1), token: Proxy(Object)}  ... > 
  at <AConfigProvider locale= {locale: zh-cn, Pagination: Object, DatePicker: Object, TimePicker: Object, Calendar: Object} theme= {algorithm: Array(1), token: Proxy(Object)} > 
  at <App> @ http://localhost:5173/node_modules/.vite/deps/chunk-NUZEDWKZ.js?v=eff7922a:1936
[24112472ms] [WARNING] [Vue warn]: Failed to resolve component: a-descriptions-item
If this is a native custom element, make sure to exclude it from component resolution via compilerOptions.isCustomElement. 
  at <BatchReportDrawer > 
  at <VbenParentDrawer> 
  at <Page auto-content-height="" > 
  at <ApiTestingBatchReport > 
  at <ApiTestingBatchReport onVnodeUnmounted=fn<onVnodeUnmounted> ref=Ref< null > key="/plugins/batch-report?project_id=1&report_id=13&suite_id=1&target_type=suite" > 
  at <KeepAlive key=0 exclude= [] include= [ApiTesting, ApiTestingTestReportDetail, ApiTestingDashboard, ApiTestingVariable, ApiTestingBatchReport, ApiTestingTestCase, ApiTestingExecutionStream, ApiTestingTestStep, ApiTestingTestReport, ApiTestingProject, ApiTestingEnvironment, ApiTestingTestSuite, Dashboard, Analytics] > 
  at <BaseTransition mode="out-in" appear=true persisted=false  ... > 
  at <Transition key=0 name="fade-slide" appear=""  ... > 
  at <RouterView> 
  at <LayoutContent> 
  at <LayoutContent id="__vben_main_content" content-compact="wide" content-compact-width=1200  ... > 
  at <VbenLayout sidebar-extra-visible=false onUpdate:sidebarExtraVisible=fn content-compact="wide"  ... > 
  at <BasicLayout onClearPreferencesAndLogout=fn<handleLogout> > 
  at <Basic onVnodeUnmounted=fn<onVnodeUnmounted> ref=Ref< Proxy(Object) > > 
  at <RouterView> 
  at <Anonymous message= {} notification= {} > 
  at <AApp> 
  at <LocaleProvider locale= {locale: zh-cn, Pagination: Object, DatePicker: Object, TimePicker: Object, Calendar: Object} _ANT_MARK__="internalMark" > 
  at <Anonymous prefixCls="anticon" csp=undefined layer=undefined > 
  at <Anonymous value= {override: Object, hashed: false, theme: Theme, token: Object, components: Object} > 
  at <Anonymous parentContext= {getPrefixCls: , iconPrefixCls: anticon} locale= {locale: zh-cn, Pagination: Object, DatePicker: Object, TimePicker: Object, Calendar: Object} theme= {algorithm: Array(1), token: Proxy(Object)}  ... > 
  at <AConfigProvider locale= {locale: zh-cn, Pagination: Object, DatePicker: Object, TimePicker: Object, Calendar: Object} theme= {algorithm: Array(1), token: Proxy(Object)} > 
  at <App> @ http://localhost:5173/node_modules/.vite/deps/chunk-NUZEDWKZ.js?v=eff7922a:1936
[24112801ms] [WARNING] [Vue warn]: Failed to resolve component: a-descriptions-item
If this is a native custom element, make sure to exclude it from component resolution via compilerOptions.isCustomElement. 
  at <BatchReportDrawer > 
  at <VbenParentDrawer> 
  at <Page auto-content-height="" > 
  at <ApiTestingBatchReport > 
  at <ApiTestingBatchReport onVnodeUnmounted=fn<onVnodeUnmounted> ref=Ref< null > key="/plugins/batch-report?project_id=1&report_id=13&suite_id=1&target_type=suite" > 
  at <KeepAlive key=0 exclude= [] include= [ApiTesting, ApiTestingTestReportDetail, ApiTestingDashboard, ApiTestingVariable, ApiTestingBatchReport, ApiTestingTestCase, ApiTestingExecutionStream, ApiTestingTestStep, ApiTestingTestReport, ApiTestingProject, ApiTestingEnvironment, ApiTestingTestSuite, Dashboard, Analytics] > 
  at <BaseTransition mode="out-in" appear=true persisted=false  ... > 
  at <Transition key=0 name="fade-slide" appear=""  ... > 
  at <RouterView> 
  at <LayoutContent> 
  at <LayoutContent id="__vben_main_content" content-compact="wide" content-compact-width=1200  ... > 
  at <VbenLayout sidebar-extra-visible=false onUpdate:sidebarExtraVisible=fn content-compact="wide"  ... > 
  at <BasicLayout onClearPreferencesAndLogout=fn<handleLogout> > 
  at <Basic onVnodeUnmounted=fn<onVnodeUnmounted> ref=Ref< Proxy(Object) > > 
  at <RouterView> 
  at <Anonymous message= {} notification= {} > 
  at <AApp> 
  at <LocaleProvider locale= {locale: zh-cn, Pagination: Object, DatePicker: Object, TimePicker: Object, Calendar: Object} _ANT_MARK__="internalMark" > 
  at <Anonymous prefixCls="anticon" csp=undefined layer=undefined > 
  at <Anonymous value= {override: Object, hashed: false, theme: Theme, token: Object, components: Object} > 
  at <Anonymous parentContext= {getPrefixCls: , iconPrefixCls: anticon} locale= {locale: zh-cn, Pagination: Object, DatePicker: Object, TimePicker: Object, Calendar: Object} theme= {algorithm: Array(1), token: Proxy(Object)}  ... > 
  at <AConfigProvider locale= {locale: zh-cn, Pagination: Object, DatePicker: Object, TimePicker: Object, Calendar: Object} theme= {algorithm: Array(1), token: Proxy(Object)} > 
  at <App> @ http://localhost:5173/node_modules/.vite/deps/chunk-NUZEDWKZ.js?v=eff7922a:1936
[24115949ms] [WARNING] [vxe table v4.17.48] 参数 "[toolbar] refresh={...}" 已废弃，请使用 "refresh=boolean & refresh-options={...}" @ http://localhost:5173/node_modules/.vite/deps/chunk-ZTR45YP4.js?v=eff7922a:5837
[24115949ms] [WARNING] [vxe table v4.17.48] 参数 "[toolbar] zoom={...}" 已废弃，请使用 "zoom=boolean & zoom-options={...}" @ http://localhost:5173/node_modules/.vite/deps/chunk-ZTR45YP4.js?v=eff7922a:5837
[24149604ms] [WARNING] [Vue warn]: Vue received a Component that was made a reactive object. This can lead to unnecessary performance overhead and should be avoided by marking the component with `markRaw` or using `shallowRef` instead of `ref`. 
Component that was made reactive:  {__name: CodeMirror, props: Object, emits: Array(3), setup: , __hmrId: 3670bf03} 
  at <PrimitiveSlot id="v-103-form-item" aria-describedby="v-103-form-item-description" aria-invalid=false  ... > 
  at <FormControl class="" > 
  at <FormItem class="flex-row items-center pb-4 relative flex flex-shrink-0" > 
  at <Field key=0 keepValue=true label="前置脚本"  ... > 
  at <FormField ref_for=true colon=false disabled=undefined  ... > 
  at <Form onKeydown=fn formApi= FormApi actionButtonsReverse=undefined  ... > 
  at <VbenUseForm formApi= FormApi > 
  at <VbenUseForm> 
  at <Primitive ref=fn<forwardRef> as-child=false as=undefined  ... > 
  at <DismissableLayer tabindex="-1" onKeydown=fn<handleKeyDown> style= {position: fixed}  ... > 
  at <PrimitiveSlot tabindex="-1" onKeydown=fn<handleKeyDown> style= {position: fixed}  ... > 
  at <Primitive ref_key="currentRef" ref=Ref< undefined > tabindex="-1"  ... > 
  at <FocusScope as-child="" loop="" trapped=false  ... > 
  at <DialogContentImpl as=undefined forceMount=false trapFocus=false  ... > 
  at <DialogContentNonModal key=1 ref=fn<ref> forceMount=false  ... > 
  at <Presence present=true style= {position: fixed} onAnimationend=fn<onAnimationEnd>  ... > 
  at <DialogContent ref="contentRef" style= {position: fixed} onAnimationend=fn<onAnimationEnd>  ... > 
  at <DialogContent ref="contentRef" append-to=undefined class="left-0 right-0 top-[10vh] mx-auto flex max-h-[80%] w-[520px] flex-col p-0 sm:rounded-[var(--radius)] border border-border duration-300"  ... > 
  at <DialogRoot modal=false open=true onUpdate:open=fn > 
  at <Dialog modal=false open=true onUpdate:open=fn > 
  at <Modal modalApi= ModalApi > 
  at <VbenModal> 
  at <Page auto-content-height="" > 
  at <ApiTestingTestCase > 
  at <ApiTestingTestCase onVnodeUnmounted=fn<onVnodeUnmounted> ref=Ref< Proxy(Object) > key="/plugins/testcase" > 
  at <KeepAlive key=0 exclude= [] include= [ApiTesting, ApiTestingTestReportDetail, ApiTestingDashboard, ApiTestingVariable, ApiTestingBatchReport, ApiTestingTestCase, ApiTestingExecutionStream, ApiTestingTestStep, ApiTestingTestReport, ApiTestingProject, ApiTestingEnvironment, ApiTestingTestSuite, Dashboard, Analytics] > 
  at <BaseTransition mode="out-in" appear=true persisted=false  ... > 
  at <Transition key=0 name="fade-slide" appear=""  ... > 
  at <RouterView> 
  at <LayoutContent> 
  at <LayoutContent id="__vben_main_content" content-compact="wide" content-compact-width=1200  ... > 
  at <VbenLayout sidebar-extra-visible=true onUpdate:sidebarExtraVisible=fn content-compact="wide"  ... > 
  at <BasicLayout onClearPreferencesAndLogout=fn<handleLogout> > 
  at <Basic onVnodeUnmounted=fn<onVnodeUnmounted> ref=Ref< Proxy(Object) > > 
  at <RouterView> 
  at <Anonymous message= {} notification= {} > 
  at <AApp> 
  at <LocaleProvider locale= {locale: zh-cn, Pagination: Object, DatePicker: Object, TimePicker: Object, Calendar: Object} _ANT_MARK__="internalMark" > 
  at <Anonymous prefixCls="anticon" csp=undefined layer=undefined > 
  at <Anonymous value= {override: Object, hashed: false, theme: Theme, token: Object, components: Object} > 
  at <Anonymous parentContext= {getPrefixCls: , iconPrefixCls: anticon} locale= {locale: zh-cn, Pagination: Object, DatePicker: Object, TimePicker: Object, Calendar: Object} theme= {algorithm: Array(1), token: Proxy(Object)}  ... > 
  at <AConfigProvider locale= {locale: zh-cn, Pagination: Object, DatePicker: Object, TimePicker: Object, Calendar: Object} theme= {algorithm: Array(1), token: Proxy(Object)} > 
  at <App> @ http://localhost:5173/node_modules/.vite/deps/chunk-NUZEDWKZ.js?v=eff7922a:1936
[24149612ms] [WARNING] [Vue warn]: Vue received a Component that was made a reactive object. This can lead to unnecessary performance overhead and should be avoided by marking the component with `markRaw` or using `shallowRef` instead of `ref`. 
Component that was made reactive:  {__name: CodeMirror, props: Object, emits: Array(3), setup: , __hmrId: 3670bf03} 
  at <PrimitiveSlot id="v-104-form-item" aria-describedby="v-104-form-item-description" aria-invalid=false  ... > 
  at <FormControl class="" > 
  at <FormItem class="flex-row items-center pb-4 relative flex flex-shrink-0" > 
  at <Field key=0 keepValue=true label="后置脚本"  ... > 
  at <FormField ref_for=true colon=false disabled=undefined  ... > 
  at <Form onKeydown=fn formApi= FormApi actionButtonsReverse=undefined  ... > 
  at <VbenUseForm formApi= FormApi > 
  at <VbenUseForm> 
  at <Primitive ref=fn<forwardRef> as-child=false as=undefined  ... > 
  at <DismissableLayer tabindex="-1" onKeydown=fn<handleKeyDown> style= {position: fixed}  ... > 
  at <PrimitiveSlot tabindex="-1" onKeydown=fn<handleKeyDown> style= {position: fixed}  ... > 
  at <Primitive ref_key="currentRef" ref=Ref< undefined > tabindex="-1"  ... > 
  at <FocusScope as-child="" loop="" trapped=false  ... > 
  at <DialogContentImpl as=undefined forceMount=false trapFocus=false  ... > 
  at <DialogContentNonModal key=1 ref=fn<ref> forceMount=false  ... > 
  at <Presence present=true style= {position: fixed} onAnimationend=fn<onAnimationEnd>  ... > 
  at <DialogContent ref="contentRef" style= {position: fixed} onAnimationend=fn<onAnimationEnd>  ... > 
  at <DialogContent ref="contentRef" append-to=undefined class="left-0 right-0 top-[10vh] mx-auto flex max-h-[80%] w-[520px] flex-col p-0 sm:rounded-[var(--radius)] border border-border duration-300"  ... > 
  at <DialogRoot modal=false open=true onUpdate:open=fn > 
  at <Dialog modal=false open=true onUpdate:open=fn > 
  at <Modal modalApi= ModalApi > 
  at <VbenModal> 
  at <Page auto-content-height="" > 
  at <ApiTestingTestCase > 
  at <ApiTestingTestCase onVnodeUnmounted=fn<onVnodeUnmounted> ref=Ref< Proxy(Object) > key="/plugins/testcase" > 
  at <KeepAlive key=0 exclude= [] include= [ApiTesting, ApiTestingTestReportDetail, ApiTestingDashboard, ApiTestingVariable, ApiTestingBatchReport, ApiTestingTestCase, ApiTestingExecutionStream, ApiTestingTestStep, ApiTestingTestReport, ApiTestingProject, ApiTestingEnvironment, ApiTestingTestSuite, Dashboard, Analytics] > 
  at <BaseTransition mode="out-in" appear=true persisted=false  ... > 
  at <Transition key=0 name="fade-slide" appear=""  ... > 
  at <RouterView> 
  at <LayoutContent> 
  at <LayoutContent id="__vben_main_content" content-compact="wide" content-compact-width=1200  ... > 
  at <VbenLayout sidebar-extra-visible=true onUpdate:sidebarExtraVisible=fn content-compact="wide"  ... > 
  at <BasicLayout onClearPreferencesAndLogout=fn<handleLogout> > 
  at <Basic onVnodeUnmounted=fn<onVnodeUnmounted> ref=Ref< Proxy(Object) > > 
  at <RouterView> 
  at <Anonymous message= {} notification= {} > 
  at <AApp> 
  at <LocaleProvider locale= {locale: zh-cn, Pagination: Object, DatePicker: Object, TimePicker: Object, Calendar: Object} _ANT_MARK__="internalMark" > 
  at <Anonymous prefixCls="anticon" csp=undefined layer=undefined > 
  at <Anonymous value= {override: Object, hashed: false, theme: Theme, token: Object, components: Object} > 
  at <Anonymous parentContext= {getPrefixCls: , iconPrefixCls: anticon} locale= {locale: zh-cn, Pagination: Object, DatePicker: Object, TimePicker: Object, Calendar: Object} theme= {algorithm: Array(1), token: Proxy(Object)}  ... > 
  at <AConfigProvider locale= {locale: zh-cn, Pagination: Object, DatePicker: Object, TimePicker: Object, Calendar: Object} theme= {algorithm: Array(1), token: Proxy(Object)} > 
  at <App> @ http://localhost:5173/node_modules/.vite/deps/chunk-NUZEDWKZ.js?v=eff7922a:1936
[24149651ms] [WARNING] [Vue warn]: Vue received a Component that was made a reactive object. This can lead to unnecessary performance overhead and should be avoided by marking the component with `markRaw` or using `shallowRef` instead of `ref`. 
Component that was made reactive:  {__name: CodeMirror, props: Object, emits: Array(3), setup: , __hmrId: 3670bf03} 
  at <PrimitiveSlot id="v-103-form-item" aria-describedby="v-103-form-item-description" aria-invalid=false  ... > 
  at <FormControl class="" > 
  at <FormItem class="flex-row items-center pb-4 relative flex flex-shrink-0" > 
  at <Field key=0 keepValue=true label="前置脚本"  ... > 
  at <FormField ref_for=true colon=false disabled=undefined  ... > 
  at <Form onKeydown=fn formApi= FormApi actionButtonsReverse=undefined  ... > 
  at <VbenUseForm formApi= FormApi > 
  at <VbenUseForm> 
  at <Primitive ref=fn<forwardRef> as-child=false as=undefined  ... > 
  at <DismissableLayer tabindex="-1" onKeydown=fn<handleKeyDown> style= {position: fixed}  ... > 
  at <PrimitiveSlot tabindex="-1" onKeydown=fn<handleKeyDown> style= {position: fixed}  ... > 
  at <Primitive ref_key="currentRef" ref=Ref< Proxy(Object) > tabindex="-1"  ... > 
  at <FocusScope as-child="" loop="" trapped=false  ... > 
  at <DialogContentImpl as=undefined forceMount=false trapFocus=false  ... > 
  at <DialogContentNonModal key=1 ref=fn<ref> forceMount=false  ... > 
  at <Presence present=true style= {position: fixed} onAnimationend=fn<onAnimationEnd>  ... > 
  at <DialogContent ref="contentRef" style= {position: fixed} onAnimationend=fn<onAnimationEnd>  ... > 
  at <DialogContent ref="contentRef" append-to=undefined class="left-0 right-0 top-[10vh] mx-auto flex max-h-[80%] w-[520px] flex-col p-0 sm:rounded-[var(--radius)] border border-border duration-300"  ... > 
  at <DialogRoot modal=false open=true onUpdate:open=fn > 
  at <Dialog modal=false open=true onUpdate:open=fn > 
  at <Modal modalApi= ModalApi > 
  at <VbenModal> 
  at <Page auto-content-height="" > 
  at <ApiTestingTestCase > 
  at <ApiTestingTestCase onVnodeUnmounted=fn<onVnodeUnmounted> ref=Ref< Proxy(Object) > key="/plugins/testcase" > 
  at <KeepAlive key=0 exclude= [] include= [ApiTesting, ApiTestingTestReportDetail, ApiTestingDashboard, ApiTestingVariable, ApiTestingBatchReport, ApiTestingTestCase, ApiTestingExecutionStream, ApiTestingTestStep, ApiTestingTestReport, ApiTestingProject, ApiTestingEnvironment, ApiTestingTestSuite, Dashboard, Analytics] > 
  at <BaseTransition mode="out-in" appear=true persisted=false  ... > 
  at <Transition key=0 name="fade-slide" appear=""  ... > 
  at <RouterView> 
  at <LayoutContent> 
  at <LayoutContent id="__vben_main_content" content-compact="wide" content-compact-width=1200  ... > 
  at <VbenLayout sidebar-extra-visible=true onUpdate:sidebarExtraVisible=fn content-compact="wide"  ... > 
  at <BasicLayout onClearPreferencesAndLogout=fn<handleLogout> > 
  at <Basic onVnodeUnmounted=fn<onVnodeUnmounted> ref=Ref< Proxy(Object) > > 
  at <RouterView> 
  at <Anonymous message= {} notification= {} > 
  at <AApp> 
  at <LocaleProvider locale= {locale: zh-cn, Pagination: Object, DatePicker: Object, TimePicker: Object, Calendar: Object} _ANT_MARK__="internalMark" > 
  at <Anonymous prefixCls="anticon" csp=undefined layer=undefined > 
  at <Anonymous value= {override: Object, hashed: false, theme: Theme, token: Object, components: Object} > 
  at <Anonymous parentContext= {getPrefixCls: , iconPrefixCls: anticon} locale= {locale: zh-cn, Pagination: Object, DatePicker: Object, TimePicker: Object, Calendar: Object} theme= {algorithm: Array(1), token: Proxy(Object)}  ... > 
  at <AConfigProvider locale= {locale: zh-cn, Pagination: Object, DatePicker: Object, TimePicker: Object, Calendar: Object} theme= {algorithm: Array(1), token: Proxy(Object)} > 
  at <App> @ http://localhost:5173/node_modules/.vite/deps/chunk-NUZEDWKZ.js?v=eff7922a:1936
[24149654ms] [WARNING] [Vue warn]: Vue received a Component that was made a reactive object. This can lead to unnecessary performance overhead and should be avoided by marking the component with `markRaw` or using `shallowRef` instead of `ref`. 
Component that was made reactive:  {__name: CodeMirror, props: Object, emits: Array(3), setup: , __hmrId: 3670bf03} 
  at <PrimitiveSlot id="v-104-form-item" aria-describedby="v-104-form-item-description" aria-invalid=false  ... > 
  at <FormControl class="" > 
  at <FormItem class="flex-row items-center pb-4 relative flex flex-shrink-0" > 
  at <Field key=0 keepValue=true label="后置脚本"  ... > 
  at <FormField ref_for=true colon=false disabled=undefined  ... > 
  at <Form onKeydown=fn formApi= FormApi actionButtonsReverse=undefined  ... > 
  at <VbenUseForm formApi= FormApi > 
  at <VbenUseForm> 
  at <Primitive ref=fn<forwardRef> as-child=false as=undefined  ... > 
  at <DismissableLayer tabindex="-1" onKeydown=fn<handleKeyDown> style= {position: fixed}  ... > 
  at <PrimitiveSlot tabindex="-1" onKeydown=fn<handleKeyDown> style= {position: fixed}  ... > 
  at <Primitive ref_key="currentRef" ref=Ref< Proxy(Object) > tabindex="-1"  ... > 
  at <FocusScope as-child="" loop="" trapped=false  ... > 
  at <DialogContentImpl as=undefined forceMount=false trapFocus=false  ... > 
  at <DialogContentNonModal key=1 ref=fn<ref> forceMount=false  ... > 
  at <Presence present=true style= {position: fixed} onAnimationend=fn<onAnimationEnd>  ... > 
  at <DialogContent ref="contentRef" style= {position: fixed} onAnimationend=fn<onAnimationEnd>  ... > 
  at <DialogContent ref="contentRef" append-to=undefined class="left-0 right-0 top-[10vh] mx-auto flex max-h-[80%] w-[520px] flex-col p-0 sm:rounded-[var(--radius)] border border-border duration-300"  ... > 
  at <DialogRoot modal=false open=true onUpdate:open=fn > 
  at <Dialog modal=false open=true onUpdate:open=fn > 
  at <Modal modalApi= ModalApi > 
  at <VbenModal> 
  at <Page auto-content-height="" > 
  at <ApiTestingTestCase > 
  at <ApiTestingTestCase onVnodeUnmounted=fn<onVnodeUnmounted> ref=Ref< Proxy(Object) > key="/plugins/testcase" > 
  at <KeepAlive key=0 exclude= [] include= [ApiTesting, ApiTestingTestReportDetail, ApiTestingDashboard, ApiTestingVariable, ApiTestingBatchReport, ApiTestingTestCase, ApiTestingExecutionStream, ApiTestingTestStep, ApiTestingTestReport, ApiTestingProject, ApiTestingEnvironment, ApiTestingTestSuite, Dashboard, Analytics] > 
  at <BaseTransition mode="out-in" appear=true persisted=false  ... > 
  at <Transition key=0 name="fade-slide" appear=""  ... > 
  at <RouterView> 
  at <LayoutContent> 
  at <LayoutContent id="__vben_main_content" content-compact="wide" content-compact-width=1200  ... > 
  at <VbenLayout sidebar-extra-visible=true onUpdate:sidebarExtraVisible=fn content-compact="wide"  ... > 
  at <BasicLayout onClearPreferencesAndLogout=fn<handleLogout> > 
  at <Basic onVnodeUnmounted=fn<onVnodeUnmounted> ref=Ref< Proxy(Object) > > 
  at <RouterView> 
  at <Anonymous message= {} notification= {} > 
  at <AApp> 
  at <LocaleProvider locale= {locale: zh-cn, Pagination: Object, DatePicker: Object, TimePicker: Object, Calendar: Object} _ANT_MARK__="internalMark" > 
  at <Anonymous prefixCls="anticon" csp=undefined layer=undefined > 
  at <Anonymous value= {override: Object, hashed: false, theme: Theme, token: Object, components: Object} > 
  at <Anonymous parentContext= {getPrefixCls: , iconPrefixCls: anticon} locale= {locale: zh-cn, Pagination: Object, DatePicker: Object, TimePicker: Object, Calendar: Object} theme= {algorithm: Array(1), token: Proxy(Object)}  ... > 
  at <AConfigProvider locale= {locale: zh-cn, Pagination: Object, DatePicker: Object, TimePicker: Object, Calendar: Object} theme= {algorithm: Array(1), token: Proxy(Object)} > 
  at <App> @ http://localhost:5173/node_modules/.vite/deps/chunk-NUZEDWKZ.js?v=eff7922a:1936
[24152002ms] [WARNING] [Vue warn]: Vue received a Component that was made a reactive object. This can lead to unnecessary performance overhead and should be avoided by marking the component with `markRaw` or using `shallowRef` instead of `ref`. 
Component that was made reactive:  {__name: CodeMirror, props: Object, emits: Array(3), setup: , __hmrId: 3670bf03} 
  at <PrimitiveSlot id="v-103-form-item" aria-describedby="v-103-form-item-description" aria-invalid=false  ... > 
  at <FormControl class="" > 
  at <FormItem class="flex-row items-center pb-4 relative flex flex-shrink-0" > 
  at <Field key=0 keepValue=true label="前置脚本"  ... > 
  at <FormField ref_for=true colon=false disabled=undefined  ... > 
  at <Form onKeydown=fn formApi= FormApi actionButtonsReverse=undefined  ... > 
  at <VbenUseForm formApi= FormApi > 
  at <VbenUseForm> 
  at <Primitive ref=fn<forwardRef> as-child=false as=undefined  ... > 
  at <DismissableLayer tabindex="-1" onKeydown=fn<handleKeyDown> style= {position: fixed}  ... > 
  at <PrimitiveSlot tabindex="-1" onKeydown=fn<handleKeyDown> style= {position: fixed}  ... > 
  at <Primitive ref_key="currentRef" ref=Ref< Proxy(Object) > tabindex="-1"  ... > 
  at <FocusScope as-child="" loop="" trapped=false  ... > 
  at <DialogContentImpl as=undefined forceMount=false trapFocus=false  ... > 
  at <DialogContentNonModal key=1 ref=fn<ref> forceMount=false  ... > 
  at <Presence present=false style= {position: fixed} onAnimationend=fn<onAnimationEnd>  ... > 
  at <DialogContent ref="contentRef" style= {position: fixed} onAnimationend=fn<onAnimationEnd>  ... > 
  at <DialogContent ref="contentRef" append-to=undefined class="left-0 right-0 top-[10vh] mx-auto flex max-h-[80%] w-[520px] flex-col p-0 sm:rounded-[var(--radius)] border border-border duration-300"  ... > 
  at <DialogRoot modal=false open=false onUpdate:open=fn > 
  at <Dialog modal=false open=false onUpdate:open=fn > 
  at <Modal modalApi= ModalApi > 
  at <VbenModal> 
  at <Page auto-content-height="" > 
  at <ApiTestingTestCase > 
  at <ApiTestingTestCase onVnodeUnmounted=fn<onVnodeUnmounted> ref=Ref< Proxy(Object) > key="/plugins/testcase" > 
  at <KeepAlive key=0 exclude= [] include= [ApiTesting, ApiTestingTestReportDetail, ApiTestingDashboard, ApiTestingVariable, ApiTestingBatchReport, ApiTestingTestCase, ApiTestingExecutionStream, ApiTestingTestStep, ApiTestingTestReport, ApiTestingProject, ApiTestingEnvironment, ApiTestingTestSuite, Dashboard, Analytics] > 
  at <BaseTransition mode="out-in" appear=true persisted=false  ... > 
  at <Transition key=0 name="fade-slide" appear=""  ... > 
  at <RouterView> 
  at <LayoutContent> 
  at <LayoutContent id="__vben_main_content" content-compact="wide" content-compact-width=1200  ... > 
  at <VbenLayout sidebar-extra-visible=true onUpdate:sidebarExtraVisible=fn content-compact="wide"  ... > 
  at <BasicLayout onClearPreferencesAndLogout=fn<handleLogout> > 
  at <Basic onVnodeUnmounted=fn<onVnodeUnmounted> ref=Ref< Proxy(Object) > > 
  at <RouterView> 
  at <Anonymous message= {} notification= {} > 
  at <AApp> 
  at <LocaleProvider locale= {locale: zh-cn, Pagination: Object, DatePicker: Object, TimePicker: Object, Calendar: Object} _ANT_MARK__="internalMark" > 
  at <Anonymous prefixCls="anticon" csp=undefined layer=undefined > 
  at <Anonymous value= {override: Object, hashed: false, theme: Theme, token: Object, components: Object} > 
  at <Anonymous parentContext= {getPrefixCls: , iconPrefixCls: anticon} locale= {locale: zh-cn, Pagination: Object, DatePicker: Object, TimePicker: Object, Calendar: Object} theme= {algorithm: Array(1), token: Proxy(Object)}  ... > 
  at <AConfigProvider locale= {locale: zh-cn, Pagination: Object, DatePicker: Object, TimePicker: Object, Calendar: Object} theme= {algorithm: Array(1), token: Proxy(Object)} > 
  at <App> @ http://localhost:5173/node_modules/.vite/deps/chunk-NUZEDWKZ.js?v=eff7922a:1936
[24152005ms] [WARNING] [Vue warn]: Vue received a Component that was made a reactive object. This can lead to unnecessary performance overhead and should be avoided by marking the component with `markRaw` or using `shallowRef` instead of `ref`. 
Component that was made reactive:  {__name: CodeMirror, props: Object, emits: Array(3), setup: , __hmrId: 3670bf03} 
  at <PrimitiveSlot id="v-104-form-item" aria-describedby="v-104-form-item-description" aria-invalid=false  ... > 
  at <FormControl class="" > 
  at <FormItem class="flex-row items-center pb-4 relative flex flex-shrink-0" > 
  at <Field key=0 keepValue=true label="后置脚本"  ... > 
  at <FormField ref_for=true colon=false disabled=undefined  ... > 
  at <Form onKeydown=fn formApi= FormApi actionButtonsReverse=undefined  ... > 
  at <VbenUseForm formApi= FormApi > 
  at <VbenUseForm> 
  at <Primitive ref=fn<forwardRef> as-child=false as=undefined  ... > 
  at <DismissableLayer tabindex="-1" onKeydown=fn<handleKeyDown> style= {position: fixed}  ... > 
  at <PrimitiveSlot tabindex="-1" onKeydown=fn<handleKeyDown> style= {position: fixed}  ... > 
  at <Primitive ref_key="currentRef" ref=Ref< Proxy(Object) > tabindex="-1"  ... > 
  at <FocusScope as-child="" loop="" trapped=false  ... > 
  at <DialogContentImpl as=undefined forceMount=false trapFocus=false  ... > 
  at <DialogContentNonModal key=1 ref=fn<ref> forceMount=false  ... > 
  at <Presence present=false style= {position: fixed} onAnimationend=fn<onAnimationEnd>  ... > 
  at <DialogContent ref="contentRef" style= {position: fixed} onAnimationend=fn<onAnimationEnd>  ... > 
  at <DialogContent ref="contentRef" append-to=undefined class="left-0 right-0 top-[10vh] mx-auto flex max-h-[80%] w-[520px] flex-col p-0 sm:rounded-[var(--radius)] border border-border duration-300"  ... > 
  at <DialogRoot modal=false open=false onUpdate:open=fn > 
  at <Dialog modal=false open=false onUpdate:open=fn > 
  at <Modal modalApi= ModalApi > 
  at <VbenModal> 
  at <Page auto-content-height="" > 
  at <ApiTestingTestCase > 
  at <ApiTestingTestCase onVnodeUnmounted=fn<onVnodeUnmounted> ref=Ref< Proxy(Object) > key="/plugins/testcase" > 
  at <KeepAlive key=0 exclude= [] include= [ApiTesting, ApiTestingTestReportDetail, ApiTestingDashboard, ApiTestingVariable, ApiTestingBatchReport, ApiTestingTestCase, ApiTestingExecutionStream, ApiTestingTestStep, ApiTestingTestReport, ApiTestingProject, ApiTestingEnvironment, ApiTestingTestSuite, Dashboard, Analytics] > 
  at <BaseTransition mode="out-in" appear=true persisted=false  ... > 
  at <Transition key=0 name="fade-slide" appear=""  ... > 
  at <RouterView> 
  at <LayoutContent> 
  at <LayoutContent id="__vben_main_content" content-compact="wide" content-compact-width=1200  ... > 
  at <VbenLayout sidebar-extra-visible=true onUpdate:sidebarExtraVisible=fn content-compact="wide"  ... > 
  at <BasicLayout onClearPreferencesAndLogout=fn<handleLogout> > 
  at <Basic onVnodeUnmounted=fn<onVnodeUnmounted> ref=Ref< Proxy(Object) > > 
  at <RouterView> 
  at <Anonymous message= {} notification= {} > 
  at <AApp> 
  at <LocaleProvider locale= {locale: zh-cn, Pagination: Object, DatePicker: Object, TimePicker: Object, Calendar: Object} _ANT_MARK__="internalMark" > 
  at <Anonymous prefixCls="anticon" csp=undefined layer=undefined > 
  at <Anonymous value= {override: Object, hashed: false, theme: Theme, token: Object, components: Object} > 
  at <Anonymous parentContext= {getPrefixCls: , iconPrefixCls: anticon} locale= {locale: zh-cn, Pagination: Object, DatePicker: Object, TimePicker: Object, Calendar: Object} theme= {algorithm: Array(1), token: Proxy(Object)}  ... > 
  at <AConfigProvider locale= {locale: zh-cn, Pagination: Object, DatePicker: Object, TimePicker: Object, Calendar: Object} theme= {algorithm: Array(1), token: Proxy(Object)} > 
  at <App> @ http://localhost:5173/node_modules/.vite/deps/chunk-NUZEDWKZ.js?v=eff7922a:1936
[24154773ms] [WARNING] [Vue warn]: Vue received a Component that was made a reactive object. This can lead to unnecessary performance overhead and should be avoided by marking the component with `markRaw` or using `shallowRef` instead of `ref`. 
Component that was made reactive:  {__name: StructuredJsonEditor, props: Object, emits: Array(3), setup: , __hmrId: 4739857a} 
  at <PrimitiveSlot id="v-112-form-item" aria-describedby="v-112-form-item-description" aria-invalid=false  ... > 
  at <FormControl class="" > 
  at <FormItem class="flex-row items-center pb-4 relative flex flex-shrink-0" > 
  at <Field key=0 keepValue=true label="请求头"  ... > 
  at <FormField ref_for=true colon=false disabled=undefined  ... > 
  at <Form onKeydown=fn formApi= FormApi actionButtonsReverse=undefined  ... > 
  at <VbenUseForm formApi= FormApi > 
  at <VbenUseForm> 
  at <Primitive ref=fn<forwardRef> as-child=false as=undefined  ... > 
  at <DismissableLayer tabindex="-1" onKeydown=fn<handleKeyDown> style= {position: fixed}  ... > 
  at <PrimitiveSlot tabindex="-1" onKeydown=fn<handleKeyDown> style= {position: fixed}  ... > 
  at <Primitive ref_key="currentRef" ref=Ref< undefined > tabindex="-1"  ... > 
  at <FocusScope as-child="" loop="" trapped=false  ... > 
  at <DialogContentImpl as=undefined forceMount=false trapFocus=false  ... > 
  at <DialogContentNonModal key=1 ref=fn<ref> forceMount=false  ... > 
  at <Presence present=true style= {position: fixed} onAnimationend=fn<onAnimationEnd>  ... > 
  at <DialogContent ref="contentRef" style= {position: fixed} onAnimationend=fn<onAnimationEnd>  ... > 
  at <DialogContent ref="contentRef" append-to=undefined class="left-0 right-0 top-[10vh] mx-auto flex max-h-[80%] flex-col p-0 sm:rounded-[var(--radius)] w-[900px] border border-border duration-300"  ... > 
  at <DialogRoot modal=false open=true onUpdate:open=fn > 
  at <Dialog modal=false open=true onUpdate:open=fn > 
  at <Modal modalApi= ModalApi > 
  at <VbenModal> 
  at <Page auto-content-height="" > 
  at <ApiTestingTestStep > 
  at <ApiTestingTestStep onVnodeUnmounted=fn<onVnodeUnmounted> ref=Ref< Proxy(Object) > key="/plugins/teststep" > 
  at <KeepAlive key=0 exclude= [] include= [ApiTesting, ApiTestingTestReportDetail, ApiTestingDashboard, ApiTestingVariable, ApiTestingBatchReport, ApiTestingTestCase, ApiTestingExecutionStream, ApiTestingTestStep, ApiTestingTestReport, ApiTestingProject, ApiTestingEnvironment, ApiTestingTestSuite, Dashboard, Analytics] > 
  at <BaseTransition mode="out-in" appear=true persisted=false  ... > 
  at <Transition key=0 name="fade-slide" appear=""  ... > 
  at <RouterView> 
  at <LayoutContent> 
  at <LayoutContent id="__vben_main_content" content-compact="wide" content-compact-width=1200  ... > 
  at <VbenLayout sidebar-extra-visible=true onUpdate:sidebarExtraVisible=fn content-compact="wide"  ... > 
  at <BasicLayout onClearPreferencesAndLogout=fn<handleLogout> > 
  at <Basic onVnodeUnmounted=fn<onVnodeUnmounted> ref=Ref< Proxy(Object) > > 
  at <RouterView> 
  at <Anonymous message= {} notification= {} > 
  at <AApp> 
  at <LocaleProvider locale= {locale: zh-cn, Pagination: Object, DatePicker: Object, TimePicker: Object, Calendar: Object} _ANT_MARK__="internalMark" > 
  at <Anonymous prefixCls="anticon" csp=undefined layer=undefined > 
  at <Anonymous value= {override: Object, hashed: false, theme: Theme, token: Object, components: Object} > 
  at <Anonymous parentContext= {getPrefixCls: , iconPrefixCls: anticon} locale= {locale: zh-cn, Pagination: Object, DatePicker: Object, TimePicker: Object, Calendar: Object} theme= {algorithm: Array(1), token: Proxy(Object)}  ... > 
  at <AConfigProvider locale= {locale: zh-cn, Pagination: Object, DatePicker: Object, TimePicker: Object, Calendar: Object} theme= {algorithm: Array(1), token: Proxy(Object)} > 
  at <App> @ http://localhost:5173/node_modules/.vite/deps/chunk-NUZEDWKZ.js?v=eff7922a:1936
[24154819ms] [WARNING] [Vue warn]: Vue received a Component that was made a reactive object. This can lead to unnecessary performance overhead and should be avoided by marking the component with `markRaw` or using `shallowRef` instead of `ref`. 
Component that was made reactive:  {__name: StructuredJsonEditor, props: Object, emits: Array(3), setup: , __hmrId: 4739857a} 
  at <PrimitiveSlot id="v-114-form-item" aria-describedby="v-114-form-item-description" aria-invalid=false  ... > 
  at <FormControl class="" > 
  at <FormItem class="flex-row items-center pb-4 relative flex flex-shrink-0" > 
  at <Field key=0 keepValue=true label="查询参数"  ... > 
  at <FormField ref_for=true colon=false disabled=undefined  ... > 
  at <Form onKeydown=fn formApi= FormApi actionButtonsReverse=undefined  ... > 
  at <VbenUseForm formApi= FormApi > 
  at <VbenUseForm> 
  at <Primitive ref=fn<forwardRef> as-child=false as=undefined  ... > 
  at <DismissableLayer tabindex="-1" onKeydown=fn<handleKeyDown> style= {position: fixed}  ... > 
  at <PrimitiveSlot tabindex="-1" onKeydown=fn<handleKeyDown> style= {position: fixed}  ... > 
  at <Primitive ref_key="currentRef" ref=Ref< undefined > tabindex="-1"  ... > 
  at <FocusScope as-child="" loop="" trapped=false  ... > 
  at <DialogContentImpl as=undefined forceMount=false trapFocus=false  ... > 
  at <DialogContentNonModal key=1 ref=fn<ref> forceMount=false  ... > 
  at <Presence present=true style= {position: fixed} onAnimationend=fn<onAnimationEnd>  ... > 
  at <DialogContent ref="contentRef" style= {position: fixed} onAnimationend=fn<onAnimationEnd>  ... > 
  at <DialogContent ref="contentRef" append-to=undefined class="left-0 right-0 top-[10vh] mx-auto flex max-h-[80%] flex-col p-0 sm:rounded-[var(--radius)] w-[900px] border border-border duration-300"  ... > 
  at <DialogRoot modal=false open=true onUpdate:open=fn > 
  at <Dialog modal=false open=true onUpdate:open=fn > 
  at <Modal modalApi= ModalApi > 
  at <VbenModal> 
  at <Page auto-content-height="" > 
  at <ApiTestingTestStep > 
  at <ApiTestingTestStep onVnodeUnmounted=fn<onVnodeUnmounted> ref=Ref< Proxy(Object) > key="/plugins/teststep" > 
  at <KeepAlive key=0 exclude= [] include= [ApiTesting, ApiTestingTestReportDetail, ApiTestingDashboard, ApiTestingVariable, ApiTestingBatchReport, ApiTestingTestCase, ApiTestingExecutionStream, ApiTestingTestStep, ApiTestingTestReport, ApiTestingProject, ApiTestingEnvironment, ApiTestingTestSuite, Dashboard, Analytics] > 
  at <BaseTransition mode="out-in" appear=true persisted=false  ... > 
  at <Transition key=0 name="fade-slide" appear=""  ... > 
  at <RouterView> 
  at <LayoutContent> 
  at <LayoutContent id="__vben_main_content" content-compact="wide" content-compact-width=1200  ... > 
  at <VbenLayout sidebar-extra-visible=true onUpdate:sidebarExtraVisible=fn content-compact="wide"  ... > 
  at <BasicLayout onClearPreferencesAndLogout=fn<handleLogout> > 
  at <Basic onVnodeUnmounted=fn<onVnodeUnmounted> ref=Ref< Proxy(Object) > > 
  at <RouterView> 
  at <Anonymous message= {} notification= {} > 
  at <AApp> 
  at <LocaleProvider locale= {locale: zh-cn, Pagination: Object, DatePicker: Object, TimePicker: Object, Calendar: Object} _ANT_MARK__="internalMark" > 
  at <Anonymous prefixCls="anticon" csp=undefined layer=undefined > 
  at <Anonymous value= {override: Object, hashed: false, theme: Theme, token: Object, components: Object} > 
  at <Anonymous parentContext= {getPrefixCls: , iconPrefixCls: anticon} locale= {locale: zh-cn, Pagination: Object, DatePicker: Object, TimePicker: Object, Calendar: Object} theme= {algorithm: Array(1), token: Proxy(Object)}  ... > 
  at <AConfigProvider locale= {locale: zh-cn, Pagination: Object, DatePicker: Object, TimePicker: Object, Calendar: Object} theme= {algorithm: Array(1), token: Proxy(Object)} > 
  at <App> @ http://localhost:5173/node_modules/.vite/deps/chunk-NUZEDWKZ.js?v=eff7922a:1936
[24154840ms] [WARNING] [Vue warn]: Vue received a Component that was made a reactive object. This can lead to unnecessary performance overhead and should be avoided by marking the component with `markRaw` or using `shallowRef` instead of `ref`. 
Component that was made reactive:  {__name: StructuredJsonEditor, props: Object, emits: Array(3), setup: , __hmrId: 4739857a} 
  at <PrimitiveSlot id="v-116-form-item" aria-describedby="v-116-form-item-description" aria-invalid=false  ... > 
  at <FormControl class="" > 
  at <FormItem class="flex-row items-center pb-4 relative flex flex-shrink-0" > 
  at <Field key=0 keepValue=true label="请求体"  ... > 
  at <FormField ref_for=true colon=false disabled=undefined  ... > 
  at <Form onKeydown=fn formApi= FormApi actionButtonsReverse=undefined  ... > 
  at <VbenUseForm formApi= FormApi > 
  at <VbenUseForm> 
  at <Primitive ref=fn<forwardRef> as-child=false as=undefined  ... > 
  at <DismissableLayer tabindex="-1" onKeydown=fn<handleKeyDown> style= {position: fixed}  ... > 
  at <PrimitiveSlot tabindex="-1" onKeydown=fn<handleKeyDown> style= {position: fixed}  ... > 
  at <Primitive ref_key="currentRef" ref=Ref< undefined > tabindex="-1"  ... > 
  at <FocusScope as-child="" loop="" trapped=false  ... > 
  at <DialogContentImpl as=undefined forceMount=false trapFocus=false  ... > 
  at <DialogContentNonModal key=1 ref=fn<ref> forceMount=false  ... > 
  at <Presence present=true style= {position: fixed} onAnimationend=fn<onAnimationEnd>  ... > 
  at <DialogContent ref="contentRef" style= {position: fixed} onAnimationend=fn<onAnimationEnd>  ... > 
  at <DialogContent ref="contentRef" append-to=undefined class="left-0 right-0 top-[10vh] mx-auto flex max-h-[80%] flex-col p-0 sm:rounded-[var(--radius)] w-[900px] border border-border duration-300"  ... > 
  at <DialogRoot modal=false open=true onUpdate:open=fn > 
  at <Dialog modal=false open=true onUpdate:open=fn > 
  at <Modal modalApi= ModalApi > 
  at <VbenModal> 
  at <Page auto-content-height="" > 
  at <ApiTestingTestStep > 
  at <ApiTestingTestStep onVnodeUnmounted=fn<onVnodeUnmounted> ref=Ref< Proxy(Object) > key="/plugins/teststep" > 
  at <KeepAlive key=0 exclude= [] include= [ApiTesting, ApiTestingTestReportDetail, ApiTestingDashboard, ApiTestingVariable, ApiTestingBatchReport, ApiTestingTestCase, ApiTestingExecutionStream, ApiTestingTestStep, ApiTestingTestReport, ApiTestingProject, ApiTestingEnvironment, ApiTestingTestSuite, Dashboard, Analytics] > 
  at <BaseTransition mode="out-in" appear=true persisted=false  ... > 
  at <Transition key=0 name="fade-slide" appear=""  ... > 
  at <RouterView> 
  at <LayoutContent> 
  at <LayoutContent id="__vben_main_content" content-compact="wide" content-compact-width=1200  ... > 
  at <VbenLayout sidebar-extra-visible=true onUpdate:sidebarExtraVisible=fn content-compact="wide"  ... > 
  at <BasicLayout onClearPreferencesAndLogout=fn<handleLogout> > 
  at <Basic onVnodeUnmounted=fn<onVnodeUnmounted> ref=Ref< Proxy(Object) > > 
  at <RouterView> 
  at <Anonymous message= {} notification= {} > 
  at <AApp> 
  at <LocaleProvider locale= {locale: zh-cn, Pagination: Object, DatePicker: Object, TimePicker: Object, Calendar: Object} _ANT_MARK__="internalMark" > 
  at <Anonymous prefixCls="anticon" csp=undefined layer=undefined > 
  at <Anonymous value= {override: Object, hashed: false, theme: Theme, token: Object, components: Object} > 
  at <Anonymous parentContext= {getPrefixCls: , iconPrefixCls: anticon} locale= {locale: zh-cn, Pagination: Object, DatePicker: Object, TimePicker: Object, Calendar: Object} theme= {algorithm: Array(1), token: Proxy(Object)}  ... > 
  at <AConfigProvider locale= {locale: zh-cn, Pagination: Object, DatePicker: Object, TimePicker: Object, Calendar: Object} theme= {algorithm: Array(1), token: Proxy(Object)} > 
  at <App> @ http://localhost:5173/node_modules/.vite/deps/chunk-NUZEDWKZ.js?v=eff7922a:1936
[24154865ms] [WARNING] [Vue warn]: Vue received a Component that was made a reactive object. This can lead to unnecessary performance overhead and should be avoided by marking the component with `markRaw` or using `shallowRef` instead of `ref`. 
Component that was made reactive:  {__name: StructuredJsonEditor, props: Object, emits: Array(3), setup: , __hmrId: 4739857a} 
  at <PrimitiveSlot id="v-119-form-item" aria-describedby="v-119-form-item-description" aria-invalid=false  ... > 
  at <FormControl class="" > 
  at <FormItem class="flex-row items-center pb-4 relative flex flex-shrink-0" > 
  at <Field key=0 keepValue=true label="文件上传"  ... > 
  at <FormField ref_for=true colon=false disabled=undefined  ... > 
  at <Form onKeydown=fn formApi= FormApi actionButtonsReverse=undefined  ... > 
  at <VbenUseForm formApi= FormApi > 
  at <VbenUseForm> 
  at <Primitive ref=fn<forwardRef> as-child=false as=undefined  ... > 
  at <DismissableLayer tabindex="-1" onKeydown=fn<handleKeyDown> style= {position: fixed}  ... > 
  at <PrimitiveSlot tabindex="-1" onKeydown=fn<handleKeyDown> style= {position: fixed}  ... > 
  at <Primitive ref_key="currentRef" ref=Ref< undefined > tabindex="-1"  ... > 
  at <FocusScope as-child="" loop="" trapped=false  ... > 
  at <DialogContentImpl as=undefined forceMount=false trapFocus=false  ... > 
  at <DialogContentNonModal key=1 ref=fn<ref> forceMount=false  ... > 
  at <Presence present=true style= {position: fixed} onAnimationend=fn<onAnimationEnd>  ... > 
  at <DialogContent ref="contentRef" style= {position: fixed} onAnimationend=fn<onAnimationEnd>  ... > 
  at <DialogContent ref="contentRef" append-to=undefined class="left-0 right-0 top-[10vh] mx-auto flex max-h-[80%] flex-col p-0 sm:rounded-[var(--radius)] w-[900px] border border-border duration-300"  ... > 
  at <DialogRoot modal=false open=true onUpdate:open=fn > 
  at <Dialog modal=false open=true onUpdate:open=fn > 
  at <Modal modalApi= ModalApi > 
  at <VbenModal> 
  at <Page auto-content-height="" > 
  at <ApiTestingTestStep > 
  at <ApiTestingTestStep onVnodeUnmounted=fn<onVnodeUnmounted> ref=Ref< Proxy(Object) > key="/plugins/teststep" > 
  at <KeepAlive key=0 exclude= [] include= [ApiTesting, ApiTestingTestReportDetail, ApiTestingDashboard, ApiTestingVariable, ApiTestingBatchReport, ApiTestingTestCase, ApiTestingExecutionStream, ApiTestingTestStep, ApiTestingTestReport, ApiTestingProject, ApiTestingEnvironment, ApiTestingTestSuite, Dashboard, Analytics] > 
  at <BaseTransition mode="out-in" appear=true persisted=false  ... > 
  at <Transition key=0 name="fade-slide" appear=""  ... > 
  at <RouterView> 
  at <LayoutContent> 
  at <LayoutContent id="__vben_main_content" content-compact="wide" content-compact-width=1200  ... > 
  at <VbenLayout sidebar-extra-visible=true onUpdate:sidebarExtraVisible=fn content-compact="wide"  ... > 
  at <BasicLayout onClearPreferencesAndLogout=fn<handleLogout> > 
  at <Basic onVnodeUnmounted=fn<onVnodeUnmounted> ref=Ref< Proxy(Object) > > 
  at <RouterView> 
  at <Anonymous message= {} notification= {} > 
  at <AApp> 
  at <LocaleProvider locale= {locale: zh-cn, Pagination: Object, DatePicker: Object, TimePicker: Object, Calendar: Object} _ANT_MARK__="internalMark" > 
  at <Anonymous prefixCls="anticon" csp=undefined layer=undefined > 
  at <Anonymous value= {override: Object, hashed: false, theme: Theme, token: Object, components: Object} > 
  at <Anonymous parentContext= {getPrefixCls: , iconPrefixCls: anticon} locale= {locale: zh-cn, Pagination: Object, DatePicker: Object, TimePicker: Object, Calendar: Object} theme= {algorithm: Array(1), token: Proxy(Object)}  ... > 
  at <AConfigProvider locale= {locale: zh-cn, Pagination: Object, DatePicker: Object, TimePicker: Object, Calendar: Object} theme= {algorithm: Array(1), token: Proxy(Object)} > 
  at <App> @ http://localhost:5173/node_modules/.vite/deps/chunk-NUZEDWKZ.js?v=eff7922a:1936
[24154888ms] [WARNING] [Vue warn]: Vue received a Component that was made a reactive object. This can lead to unnecessary performance overhead and should be avoided by marking the component with `markRaw` or using `shallowRef` instead of `ref`. 
Component that was made reactive:  {__name: StructuredJsonEditor, props: Object, emits: Array(3), setup: , __hmrId: 4739857a} 
  at <PrimitiveSlot id="v-121-form-item" aria-describedby="v-121-form-item-description" aria-invalid=false  ... > 
  at <FormControl class="" > 
  at <FormItem class="flex-row items-center pb-4 relative flex flex-shrink-0" > 
  at <Field key=0 keepValue=true label="认证信息"  ... > 
  at <FormField ref_for=true colon=false disabled=undefined  ... > 
  at <Form onKeydown=fn formApi= FormApi actionButtonsReverse=undefined  ... > 
  at <VbenUseForm formApi= FormApi > 
  at <VbenUseForm> 
  at <Primitive ref=fn<forwardRef> as-child=false as=undefined  ... > 
  at <DismissableLayer tabindex="-1" onKeydown=fn<handleKeyDown> style= {position: fixed}  ... > 
  at <PrimitiveSlot tabindex="-1" onKeydown=fn<handleKeyDown> style= {position: fixed}  ... > 
  at <Primitive ref_key="currentRef" ref=Ref< undefined > tabindex="-1"  ... > 
  at <FocusScope as-child="" loop="" trapped=false  ... > 
  at <DialogContentImpl as=undefined forceMount=false trapFocus=false  ... > 
  at <DialogContentNonModal key=1 ref=fn<ref> forceMount=false  ... > 
  at <Presence present=true style= {position: fixed} onAnimationend=fn<onAnimationEnd>  ... > 
  at <DialogContent ref="contentRef" style= {position: fixed} onAnimationend=fn<onAnimationEnd>  ... > 
  at <DialogContent ref="contentRef" append-to=undefined class="left-0 right-0 top-[10vh] mx-auto flex max-h-[80%] flex-col p-0 sm:rounded-[var(--radius)] w-[900px] border border-border duration-300"  ... > 
  at <DialogRoot modal=false open=true onUpdate:open=fn > 
  at <Dialog modal=false open=true onUpdate:open=fn > 
  at <Modal modalApi= ModalApi > 
  at <VbenModal> 
  at <Page auto-content-height="" > 
  at <ApiTestingTestStep > 
  at <ApiTestingTestStep onVnodeUnmounted=fn<onVnodeUnmounted> ref=Ref< Proxy(Object) > key="/plugins/teststep" > 
  at <KeepAlive key=0 exclude= [] include= [ApiTesting, ApiTestingTestReportDetail, ApiTestingDashboard, ApiTestingVariable, ApiTestingBatchReport, ApiTestingTestCase, ApiTestingExecutionStream, ApiTestingTestStep, ApiTestingTestReport, ApiTestingProject, ApiTestingEnvironment, ApiTestingTestSuite, Dashboard, Analytics] > 
  at <BaseTransition mode="out-in" appear=true persisted=false  ... > 
  at <Transition key=0 name="fade-slide" appear=""  ... > 
  at <RouterView> 
  at <LayoutContent> 
  at <LayoutContent id="__vben_main_content" content-compact="wide" content-compact-width=1200  ... > 
  at <VbenLayout sidebar-extra-visible=true onUpdate:sidebarExtraVisible=fn content-compact="wide"  ... > 
  at <BasicLayout onClearPreferencesAndLogout=fn<handleLogout> > 
  at <Basic onVnodeUnmounted=fn<onVnodeUnmounted> ref=Ref< Proxy(Object) > > 
  at <RouterView> 
  at <Anonymous message= {} notification= {} > 
  at <AApp> 
  at <LocaleProvider locale= {locale: zh-cn, Pagination: Object, DatePicker: Object, TimePicker: Object, Calendar: Object} _ANT_MARK__="internalMark" > 
  at <Anonymous prefixCls="anticon" csp=undefined layer=undefined > 
  at <Anonymous value= {override: Object, hashed: false, theme: Theme, token: Object, components: Object} > 
  at <Anonymous parentContext= {getPrefixCls: , iconPrefixCls: anticon} locale= {locale: zh-cn, Pagination: Object, DatePicker: Object, TimePicker: Object, Calendar: Object} theme= {algorithm: Array(1), token: Proxy(Object)}  ... > 
  at <AConfigProvider locale= {locale: zh-cn, Pagination: Object, DatePicker: Object, TimePicker: Object, Calendar: Object} theme= {algorithm: Array(1), token: Proxy(Object)} > 
  at <App> @ http://localhost:5173/node_modules/.vite/deps/chunk-NUZEDWKZ.js?v=eff7922a:1936
[24154919ms] [WARNING] [Vue warn]: Vue received a Component that was made a reactive object. This can lead to unnecessary performance overhead and should be avoided by marking the component with `markRaw` or using `shallowRef` instead of `ref`. 
Component that was made reactive:  {__name: StructuredJsonEditor, props: Object, emits: Array(3), setup: , __hmrId: 4739857a} 
  at <PrimitiveSlot id="v-124-form-item" aria-describedby="v-124-form-item-description" aria-invalid=false  ... > 
  at <FormControl class="" > 
  at <FormItem class="flex-row items-center pb-4 relative flex flex-shrink-0" > 
  at <Field key=0 keepValue=true label="变量提取"  ... > 
  at <FormField ref_for=true colon=false disabled=undefined  ... > 
  at <Form onKeydown=fn formApi= FormApi actionButtonsReverse=undefined  ... > 
  at <VbenUseForm formApi= FormApi > 
  at <VbenUseForm> 
  at <Primitive ref=fn<forwardRef> as-child=false as=undefined  ... > 
  at <DismissableLayer tabindex="-1" onKeydown=fn<handleKeyDown> style= {position: fixed}  ... > 
  at <PrimitiveSlot tabindex="-1" onKeydown=fn<handleKeyDown> style= {position: fixed}  ... > 
  at <Primitive ref_key="currentRef" ref=Ref< undefined > tabindex="-1"  ... > 
  at <FocusScope as-child="" loop="" trapped=false  ... > 
  at <DialogContentImpl as=undefined forceMount=false trapFocus=false  ... > 
  at <DialogContentNonModal key=1 ref=fn<ref> forceMount=false  ... > 
  at <Presence present=true style= {position: fixed} onAnimationend=fn<onAnimationEnd>  ... > 
  at <DialogContent ref="contentRef" style= {position: fixed} onAnimationend=fn<onAnimationEnd>  ... > 
  at <DialogContent ref="contentRef" append-to=undefined class="left-0 right-0 top-[10vh] mx-auto flex max-h-[80%] flex-col p-0 sm:rounded-[var(--radius)] w-[900px] border border-border duration-300"  ... > 
  at <DialogRoot modal=false open=true onUpdate:open=fn > 
  at <Dialog modal=false open=true onUpdate:open=fn > 
  at <Modal modalApi= ModalApi > 
  at <VbenModal> 
  at <Page auto-content-height="" > 
  at <ApiTestingTestStep > 
  at <ApiTestingTestStep onVnodeUnmounted=fn<onVnodeUnmounted> ref=Ref< Proxy(Object) > key="/plugins/teststep" > 
  at <KeepAlive key=0 exclude= [] include= [ApiTesting, ApiTestingTestReportDetail, ApiTestingDashboard, ApiTestingVariable, ApiTestingBatchReport, ApiTestingTestCase, ApiTestingExecutionStream, ApiTestingTestStep, ApiTestingTestReport, ApiTestingProject, ApiTestingEnvironment, ApiTestingTestSuite, Dashboard, Analytics] > 
  at <BaseTransition mode="out-in" appear=true persisted=false  ... > 
  at <Transition key=0 name="fade-slide" appear=""  ... > 
  at <RouterView> 
  at <LayoutContent> 
  at <LayoutContent id="__vben_main_content" content-compact="wide" content-compact-width=1200  ... > 
  at <VbenLayout sidebar-extra-visible=true onUpdate:sidebarExtraVisible=fn content-compact="wide"  ... > 
  at <BasicLayout onClearPreferencesAndLogout=fn<handleLogout> > 
  at <Basic onVnodeUnmounted=fn<onVnodeUnmounted> ref=Ref< Proxy(Object) > > 
  at <RouterView> 
  at <Anonymous message= {} notification= {} > 
  at <AApp> 
  at <LocaleProvider locale= {locale: zh-cn, Pagination: Object, DatePicker: Object, TimePicker: Object, Calendar: Object} _ANT_MARK__="internalMark" > 
  at <Anonymous prefixCls="anticon" csp=undefined layer=undefined > 
  at <Anonymous value= {override: Object, hashed: false, theme: Theme, token: Object, components: Object} > 
  at <Anonymous parentContext= {getPrefixCls: , iconPrefixCls: anticon} locale= {locale: zh-cn, Pagination: Object, DatePicker: Object, TimePicker: Object, Calendar: Object} theme= {algorithm: Array(1), token: Proxy(Object)}  ... > 
  at <AConfigProvider locale= {locale: zh-cn, Pagination: Object, DatePicker: Object, TimePicker: Object, Calendar: Object} theme= {algorithm: Array(1), token: Proxy(Object)} > 
  at <App> @ http://localhost:5173/node_modules/.vite/deps/chunk-NUZEDWKZ.js?v=eff7922a:1936
[24154938ms] [WARNING] [Vue warn]: Vue received a Component that was made a reactive object. This can lead to unnecessary performance overhead and should be avoided by marking the component with `markRaw` or using `shallowRef` instead of `ref`. 
Component that was made reactive:  {__name: StructuredJsonEditor, props: Object, emits: Array(3), setup: , __hmrId: 4739857a} 
  at <PrimitiveSlot id="v-126-form-item" aria-describedby="v-126-form-item-description" aria-invalid=false  ... > 
  at <FormControl class="" > 
  at <FormItem class="flex-row items-center pb-4 relative flex flex-shrink-0" > 
  at <Field key=0 keepValue=true label="断言规则"  ... > 
  at <FormField ref_for=true colon=false disabled=undefined  ... > 
  at <Form onKeydown=fn formApi= FormApi actionButtonsReverse=undefined  ... > 
  at <VbenUseForm formApi= FormApi > 
  at <VbenUseForm> 
  at <Primitive ref=fn<forwardRef> as-child=false as=undefined  ... > 
  at <DismissableLayer tabindex="-1" onKeydown=fn<handleKeyDown> style= {position: fixed}  ... > 
  at <PrimitiveSlot tabindex="-1" onKeydown=fn<handleKeyDown> style= {position: fixed}  ... > 
  at <Primitive ref_key="currentRef" ref=Ref< undefined > tabindex="-1"  ... > 
  at <FocusScope as-child="" loop="" trapped=false  ... > 
  at <DialogContentImpl as=undefined forceMount=false trapFocus=false  ... > 
  at <DialogContentNonModal key=1 ref=fn<ref> forceMount=false  ... > 
  at <Presence present=true style= {position: fixed} onAnimationend=fn<onAnimationEnd>  ... > 
  at <DialogContent ref="contentRef" style= {position: fixed} onAnimationend=fn<onAnimationEnd>  ... > 
  at <DialogContent ref="contentRef" append-to=undefined class="left-0 right-0 top-[10vh] mx-auto flex max-h-[80%] flex-col p-0 sm:rounded-[var(--radius)] w-[900px] border border-border duration-300"  ... > 
  at <DialogRoot modal=false open=true onUpdate:open=fn > 
  at <Dialog modal=false open=true onUpdate:open=fn > 
  at <Modal modalApi= ModalApi > 
  at <VbenModal> 
  at <Page auto-content-height="" > 
  at <ApiTestingTestStep > 
  at <ApiTestingTestStep onVnodeUnmounted=fn<onVnodeUnmounted> ref=Ref< Proxy(Object) > key="/plugins/teststep" > 
  at <KeepAlive key=0 exclude= [] include= [ApiTesting, ApiTestingTestReportDetail, ApiTestingDashboard, ApiTestingVariable, ApiTestingBatchReport, ApiTestingTestCase, ApiTestingExecutionStream, ApiTestingTestStep, ApiTestingTestReport, ApiTestingProject, ApiTestingEnvironment, ApiTestingTestSuite, Dashboard, Analytics] > 
  at <BaseTransition mode="out-in" appear=true persisted=false  ... > 
  at <Transition key=0 name="fade-slide" appear=""  ... > 
  at <RouterView> 
  at <LayoutContent> 
  at <LayoutContent id="__vben_main_content" content-compact="wide" content-compact-width=1200  ... > 
  at <VbenLayout sidebar-extra-visible=true onUpdate:sidebarExtraVisible=fn content-compact="wide"  ... > 
  at <BasicLayout onClearPreferencesAndLogout=fn<handleLogout> > 
  at <Basic onVnodeUnmounted=fn<onVnodeUnmounted> ref=Ref< Proxy(Object) > > 
  at <RouterView> 
  at <Anonymous message= {} notification= {} > 
  at <AApp> 
  at <LocaleProvider locale= {locale: zh-cn, Pagination: Object, DatePicker: Object, TimePicker: Object, Calendar: Object} _ANT_MARK__="internalMark" > 
  at <Anonymous prefixCls="anticon" csp=undefined layer=undefined > 
  at <Anonymous value= {override: Object, hashed: false, theme: Theme, token: Object, components: Object} > 
  at <Anonymous parentContext= {getPrefixCls: , iconPrefixCls: anticon} locale= {locale: zh-cn, Pagination: Object, DatePicker: Object, TimePicker: Object, Calendar: Object} theme= {algorithm: Array(1), token: Proxy(Object)}  ... > 
  at <AConfigProvider locale= {locale: zh-cn, Pagination: Object, DatePicker: Object, TimePicker: Object, Calendar: Object} theme= {algorithm: Array(1), token: Proxy(Object)} > 
  at <App> @ http://localhost:5173/node_modules/.vite/deps/chunk-NUZEDWKZ.js?v=eff7922a:1936
[24154974ms] [WARNING] [Vue warn]: Vue received a Component that was made a reactive object. This can lead to unnecessary performance overhead and should be avoided by marking the component with `markRaw` or using `shallowRef` instead of `ref`. 
Component that was made reactive:  {__name: StructuredJsonEditor, props: Object, emits: Array(3), setup: , __hmrId: 4739857a} 
  at <PrimitiveSlot id="v-128-form-item" aria-describedby="v-128-form-item-description" aria-invalid=false  ... > 
  at <FormControl class="" > 
  at <FormItem class="flex-row items-center pb-4 relative flex flex-shrink-0" > 
  at <Field key=0 keepValue=true label="SQL查询"  ... > 
  at <FormField ref_for=true colon=false disabled=undefined  ... > 
  at <Form onKeydown=fn formApi= FormApi actionButtonsReverse=undefined  ... > 
  at <VbenUseForm formApi= FormApi > 
  at <VbenUseForm> 
  at <Primitive ref=fn<forwardRef> as-child=false as=undefined  ... > 
  at <DismissableLayer tabindex="-1" onKeydown=fn<handleKeyDown> style= {position: fixed}  ... > 
  at <PrimitiveSlot tabindex="-1" onKeydown=fn<handleKeyDown> style= {position: fixed}  ... > 
  at <Primitive ref_key="currentRef" ref=Ref< undefined > tabindex="-1"  ... > 
  at <FocusScope as-child="" loop="" trapped=false  ... > 
  at <DialogContentImpl as=undefined forceMount=false trapFocus=false  ... > 
  at <DialogContentNonModal key=1 ref=fn<ref> forceMount=false  ... > 
  at <Presence present=true style= {position: fixed} onAnimationend=fn<onAnimationEnd>  ... > 
  at <DialogContent ref="contentRef" style= {position: fixed} onAnimationend=fn<onAnimationEnd>  ... > 
  at <DialogContent ref="contentRef" append-to=undefined class="left-0 right-0 top-[10vh] mx-auto flex max-h-[80%] flex-col p-0 sm:rounded-[var(--radius)] w-[900px] border border-border duration-300"  ... > 
  at <DialogRoot modal=false open=true onUpdate:open=fn > 
  at <Dialog modal=false open=true onUpdate:open=fn > 
  at <Modal modalApi= ModalApi > 
  at <VbenModal> 
  at <Page auto-content-height="" > 
  at <ApiTestingTestStep > 
  at <ApiTestingTestStep onVnodeUnmounted=fn<onVnodeUnmounted> ref=Ref< Proxy(Object) > key="/plugins/teststep" > 
  at <KeepAlive key=0 exclude= [] include= [ApiTesting, ApiTestingTestReportDetail, ApiTestingDashboard, ApiTestingVariable, ApiTestingBatchReport, ApiTestingTestCase, ApiTestingExecutionStream, ApiTestingTestStep, ApiTestingTestReport, ApiTestingProject, ApiTestingEnvironment, ApiTestingTestSuite, Dashboard, Analytics] > 
  at <BaseTransition mode="out-in" appear=true persisted=false  ... > 
  at <Transition key=0 name="fade-slide" appear=""  ... > 
  at <RouterView> 
  at <LayoutContent> 
  at <LayoutContent id="__vben_main_content" content-compact="wide" content-compact-width=1200  ... > 
  at <VbenLayout sidebar-extra-visible=true onUpdate:sidebarExtraVisible=fn content-compact="wide"  ... > 
  at <BasicLayout onClearPreferencesAndLogout=fn<handleLogout> > 
  at <Basic onVnodeUnmounted=fn<onVnodeUnmounted> ref=Ref< Proxy(Object) > > 
  at <RouterView> 
  at <Anonymous message= {} notification= {} > 
  at <AApp> 
  at <LocaleProvider locale= {locale: zh-cn, Pagination: Object, DatePicker: Object, TimePicker: Object, Calendar: Object} _ANT_MARK__="internalMark" > 
  at <Anonymous prefixCls="anticon" csp=undefined layer=undefined > 
  at <Anonymous value= {override: Object, hashed: false, theme: Theme, token: Object, components: Object} > 
  at <Anonymous parentContext= {getPrefixCls: , iconPrefixCls: anticon} locale= {locale: zh-cn, Pagination: Object, DatePicker: Object, TimePicker: Object, Calendar: Object} theme= {algorithm: Array(1), token: Proxy(Object)}  ... > 
  at <AConfigProvider locale= {locale: zh-cn, Pagination: Object, DatePicker: Object, TimePicker: Object, Calendar: Object} theme= {algorithm: Array(1), token: Proxy(Object)} > 
  at <App> @ http://localhost:5173/node_modules/.vite/deps/chunk-NUZEDWKZ.js?v=eff7922a:1936
[24158617ms] [WARNING] [Vue warn]: Vue received a Component that was made a reactive object. This can lead to unnecessary performance overhead and should be avoided by marking the component with `markRaw` or using `shallowRef` instead of `ref`. 
Component that was made reactive:  {__name: StructuredJsonEditor, props: Object, emits: Array(3), setup: , __hmrId: 4739857a} 
  at <PrimitiveSlot id="v-112-form-item" aria-describedby="v-112-form-item-description" aria-invalid=false  ... > 
  at <FormControl class="" > 
  at <FormItem class="flex-row items-center pb-4 relative flex flex-shrink-0" > 
  at <Field key=0 keepValue=true label="请求头"  ... > 
  at <FormField ref_for=true colon=false disabled=undefined  ... > 
  at <Form onKeydown=fn formApi= FormApi actionButtonsReverse=undefined  ... > 
  at <VbenUseForm formApi= FormApi > 
  at <VbenUseForm> 
  at <Primitive ref=fn<forwardRef> as-child=false as=undefined  ... > 
  at <DismissableLayer tabindex="-1" onKeydown=fn<handleKeyDown> style= {position: fixed}  ... > 
  at <PrimitiveSlot tabindex="-1" onKeydown=fn<handleKeyDown> style= {position: fixed}  ... > 
  at <Primitive ref_key="currentRef" ref=Ref< Proxy(Object) > tabindex="-1"  ... > 
  at <FocusScope as-child="" loop="" trapped=false  ... > 
  at <DialogContentImpl as=undefined forceMount=false trapFocus=false  ... > 
  at <DialogContentNonModal key=1 ref=fn<ref> forceMount=false  ... > 
  at <Presence present=false style= {position: fixed} onAnimationend=fn<onAnimationEnd>  ... > 
  at <DialogContent ref="contentRef" style= {position: fixed} onAnimationend=fn<onAnimationEnd>  ... > 
  at <DialogContent ref="contentRef" append-to=undefined class="left-0 right-0 top-[10vh] mx-auto flex max-h-[80%] flex-col p-0 sm:rounded-[var(--radius)] w-[900px] border border-border duration-300"  ... > 
  at <DialogRoot modal=false open=false onUpdate:open=fn > 
  at <Dialog modal=false open=false onUpdate:open=fn > 
  at <Modal modalApi= ModalApi > 
  at <VbenModal> 
  at <Page auto-content-height="" > 
  at <ApiTestingTestStep > 
  at <ApiTestingTestStep onVnodeUnmounted=fn<onVnodeUnmounted> ref=Ref< Proxy(Object) > key="/plugins/teststep" > 
  at <KeepAlive key=0 exclude= [] include= [ApiTesting, ApiTestingTestReportDetail, ApiTestingDashboard, ApiTestingVariable, ApiTestingBatchReport, ApiTestingTestCase, ApiTestingExecutionStream, ApiTestingTestStep, ApiTestingTestReport, ApiTestingProject, ApiTestingEnvironment, ApiTestingTestSuite, Dashboard, Analytics] > 
  at <BaseTransition mode="out-in" appear=true persisted=false  ... > 
  at <Transition key=0 name="fade-slide" appear=""  ... > 
  at <RouterView> 
  at <LayoutContent> 
  at <LayoutContent id="__vben_main_content" content-compact="wide" content-compact-width=1200  ... > 
  at <VbenLayout sidebar-extra-visible=true onUpdate:sidebarExtraVisible=fn content-compact="wide"  ... > 
  at <BasicLayout onClearPreferencesAndLogout=fn<handleLogout> > 
  at <Basic onVnodeUnmounted=fn<onVnodeUnmounted> ref=Ref< Proxy(Object) > > 
  at <RouterView> 
  at <Anonymous message= {} notification= {} > 
  at <AApp> 
  at <LocaleProvider locale= {locale: zh-cn, Pagination: Object, DatePicker: Object, TimePicker: Object, Calendar: Object} _ANT_MARK__="internalMark" > 
  at <Anonymous prefixCls="anticon" csp=undefined layer=undefined > 
  at <Anonymous value= {override: Object, hashed: false, theme: Theme, token: Object, components: Object} > 
  at <Anonymous parentContext= {getPrefixCls: , iconPrefixCls: anticon} locale= {locale: zh-cn, Pagination: Object, DatePicker: Object, TimePicker: Object, Calendar: Object} theme= {algorithm: Array(1), token: Proxy(Object)}  ... > 
  at <AConfigProvider locale= {locale: zh-cn, Pagination: Object, DatePicker: Object, TimePicker: Object, Calendar: Object} theme= {algorithm: Array(1), token: Proxy(Object)} > 
  at <App> @ http://localhost:5173/node_modules/.vite/deps/chunk-NUZEDWKZ.js?v=eff7922a:1936
[24158620ms] [WARNING] [Vue warn]: Vue received a Component that was made a reactive object. This can lead to unnecessary performance overhead and should be avoided by marking the component with `markRaw` or using `shallowRef` instead of `ref`. 
Component that was made reactive:  {__name: StructuredJsonEditor, props: Object, emits: Array(3), setup: , __hmrId: 4739857a} 
  at <PrimitiveSlot id="v-114-form-item" aria-describedby="v-114-form-item-description" aria-invalid=false  ... > 
  at <FormControl class="" > 
  at <FormItem class="flex-row items-center pb-4 relative flex flex-shrink-0" > 
  at <Field key=0 keepValue=true label="查询参数"  ... > 
  at <FormField ref_for=true colon=false disabled=undefined  ... > 
  at <Form onKeydown=fn formApi= FormApi actionButtonsReverse=undefined  ... > 
  at <VbenUseForm formApi= FormApi > 
  at <VbenUseForm> 
  at <Primitive ref=fn<forwardRef> as-child=false as=undefined  ... > 
  at <DismissableLayer tabindex="-1" onKeydown=fn<handleKeyDown> style= {position: fixed}  ... > 
  at <PrimitiveSlot tabindex="-1" onKeydown=fn<handleKeyDown> style= {position: fixed}  ... > 
  at <Primitive ref_key="currentRef" ref=Ref< Proxy(Object) > tabindex="-1"  ... > 
  at <FocusScope as-child="" loop="" trapped=false  ... > 
  at <DialogContentImpl as=undefined forceMount=false trapFocus=false  ... > 
  at <DialogContentNonModal key=1 ref=fn<ref> forceMount=false  ... > 
  at <Presence present=false style= {position: fixed} onAnimationend=fn<onAnimationEnd>  ... > 
  at <DialogContent ref="contentRef" style= {position: fixed} onAnimationend=fn<onAnimationEnd>  ... > 
  at <DialogContent ref="contentRef" append-to=undefined class="left-0 right-0 top-[10vh] mx-auto flex max-h-[80%] flex-col p-0 sm:rounded-[var(--radius)] w-[900px] border border-border duration-300"  ... > 
  at <DialogRoot modal=false open=false onUpdate:open=fn > 
  at <Dialog modal=false open=false onUpdate:open=fn > 
  at <Modal modalApi= ModalApi > 
  at <VbenModal> 
  at <Page auto-content-height="" > 
  at <ApiTestingTestStep > 
  at <ApiTestingTestStep onVnodeUnmounted=fn<onVnodeUnmounted> ref=Ref< Proxy(Object) > key="/plugins/teststep" > 
  at <KeepAlive key=0 exclude= [] include= [ApiTesting, ApiTestingTestReportDetail, ApiTestingDashboard, ApiTestingVariable, ApiTestingBatchReport, ApiTestingTestCase, ApiTestingExecutionStream, ApiTestingTestStep, ApiTestingTestReport, ApiTestingProject, ApiTestingEnvironment, ApiTestingTestSuite, Dashboard, Analytics] > 
  at <BaseTransition mode="out-in" appear=true persisted=false  ... > 
  at <Transition key=0 name="fade-slide" appear=""  ... > 
  at <RouterView> 
  at <LayoutContent> 
  at <LayoutContent id="__vben_main_content" content-compact="wide" content-compact-width=1200  ... > 
  at <VbenLayout sidebar-extra-visible=true onUpdate:sidebarExtraVisible=fn content-compact="wide"  ... > 
  at <BasicLayout onClearPreferencesAndLogout=fn<handleLogout> > 
  at <Basic onVnodeUnmounted=fn<onVnodeUnmounted> ref=Ref< Proxy(Object) > > 
  at <RouterView> 
  at <Anonymous message= {} notification= {} > 
  at <AApp> 
  at <LocaleProvider locale= {locale: zh-cn, Pagination: Object, DatePicker: Object, TimePicker: Object, Calendar: Object} _ANT_MARK__="internalMark" > 
  at <Anonymous prefixCls="anticon" csp=undefined layer=undefined > 
  at <Anonymous value= {override: Object, hashed: false, theme: Theme, token: Object, components: Object} > 
  at <Anonymous parentContext= {getPrefixCls: , iconPrefixCls: anticon} locale= {locale: zh-cn, Pagination: Object, DatePicker: Object, TimePicker: Object, Calendar: Object} theme= {algorithm: Array(1), token: Proxy(Object)}  ... > 
  at <AConfigProvider locale= {locale: zh-cn, Pagination: Object, DatePicker: Object, TimePicker: Object, Calendar: Object} theme= {algorithm: Array(1), token: Proxy(Object)} > 
  at <App> @ http://localhost:5173/node_modules/.vite/deps/chunk-NUZEDWKZ.js?v=eff7922a:1936
[24158623ms] [WARNING] [Vue warn]: Vue received a Component that was made a reactive object. This can lead to unnecessary performance overhead and should be avoided by marking the component with `markRaw` or using `shallowRef` instead of `ref`. 
Component that was made reactive:  {__name: StructuredJsonEditor, props: Object, emits: Array(3), setup: , __hmrId: 4739857a} 
  at <PrimitiveSlot id="v-116-form-item" aria-describedby="v-116-form-item-description" aria-invalid=false  ... > 
  at <FormControl class="" > 
  at <FormItem class="flex-row items-center pb-4 relative flex flex-shrink-0" > 
  at <Field key=0 keepValue=true label="请求体"  ... > 
  at <FormField ref_for=true colon=false disabled=undefined  ... > 
  at <Form onKeydown=fn formApi= FormApi actionButtonsReverse=undefined  ... > 
  at <VbenUseForm formApi= FormApi > 
  at <VbenUseForm> 
  at <Primitive ref=fn<forwardRef> as-child=false as=undefined  ... > 
  at <DismissableLayer tabindex="-1" onKeydown=fn<handleKeyDown> style= {position: fixed}  ... > 
  at <PrimitiveSlot tabindex="-1" onKeydown=fn<handleKeyDown> style= {position: fixed}  ... > 
  at <Primitive ref_key="currentRef" ref=Ref< Proxy(Object) > tabindex="-1"  ... > 
  at <FocusScope as-child="" loop="" trapped=false  ... > 
  at <DialogContentImpl as=undefined forceMount=false trapFocus=false  ... > 
  at <DialogContentNonModal key=1 ref=fn<ref> forceMount=false  ... > 
  at <Presence present=false style= {position: fixed} onAnimationend=fn<onAnimationEnd>  ... > 
  at <DialogContent ref="contentRef" style= {position: fixed} onAnimationend=fn<onAnimationEnd>  ... > 
  at <DialogContent ref="contentRef" append-to=undefined class="left-0 right-0 top-[10vh] mx-auto flex max-h-[80%] flex-col p-0 sm:rounded-[var(--radius)] w-[900px] border border-border duration-300"  ... > 
  at <DialogRoot modal=false open=false onUpdate:open=fn > 
  at <Dialog modal=false open=false onUpdate:open=fn > 
  at <Modal modalApi= ModalApi > 
  at <VbenModal> 
  at <Page auto-content-height="" > 
  at <ApiTestingTestStep > 
  at <ApiTestingTestStep onVnodeUnmounted=fn<onVnodeUnmounted> ref=Ref< Proxy(Object) > key="/plugins/teststep" > 
  at <KeepAlive key=0 exclude= [] include= [ApiTesting, ApiTestingTestReportDetail, ApiTestingDashboard, ApiTestingVariable, ApiTestingBatchReport, ApiTestingTestCase, ApiTestingExecutionStream, ApiTestingTestStep, ApiTestingTestReport, ApiTestingProject, ApiTestingEnvironment, ApiTestingTestSuite, Dashboard, Analytics] > 
  at <BaseTransition mode="out-in" appear=true persisted=false  ... > 
  at <Transition key=0 name="fade-slide" appear=""  ... > 
  at <RouterView> 
  at <LayoutContent> 
  at <LayoutContent id="__vben_main_content" content-compact="wide" content-compact-width=1200  ... > 
  at <VbenLayout sidebar-extra-visible=true onUpdate:sidebarExtraVisible=fn content-compact="wide"  ... > 
  at <BasicLayout onClearPreferencesAndLogout=fn<handleLogout> > 
  at <Basic onVnodeUnmounted=fn<onVnodeUnmounted> ref=Ref< Proxy(Object) > > 
  at <RouterView> 
  at <Anonymous message= {} notification= {} > 
  at <AApp> 
  at <LocaleProvider locale= {locale: zh-cn, Pagination: Object, DatePicker: Object, TimePicker: Object, Calendar: Object} _ANT_MARK__="internalMark" > 
  at <Anonymous prefixCls="anticon" csp=undefined layer=undefined > 
  at <Anonymous value= {override: Object, hashed: false, theme: Theme, token: Object, components: Object} > 
  at <Anonymous parentContext= {getPrefixCls: , iconPrefixCls: anticon} locale= {locale: zh-cn, Pagination: Object, DatePicker: Object, TimePicker: Object, Calendar: Object} theme= {algorithm: Array(1), token: Proxy(Object)}  ... > 
  at <AConfigProvider locale= {locale: zh-cn, Pagination: Object, DatePicker: Object, TimePicker: Object, Calendar: Object} theme= {algorithm: Array(1), token: Proxy(Object)} > 
  at <App> @ http://localhost:5173/node_modules/.vite/deps/chunk-NUZEDWKZ.js?v=eff7922a:1936
[24158627ms] [WARNING] [Vue warn]: Vue received a Component that was made a reactive object. This can lead to unnecessary performance overhead and should be avoided by marking the component with `markRaw` or using `shallowRef` instead of `ref`. 
Component that was made reactive:  {__name: StructuredJsonEditor, props: Object, emits: Array(3), setup: , __hmrId: 4739857a} 
  at <PrimitiveSlot id="v-119-form-item" aria-describedby="v-119-form-item-description" aria-invalid=false  ... > 
  at <FormControl class="" > 
  at <FormItem class="flex-row items-center pb-4 relative flex flex-shrink-0" > 
  at <Field key=0 keepValue=true label="文件上传"  ... > 
  at <FormField ref_for=true colon=false disabled=undefined  ... > 
  at <Form onKeydown=fn formApi= FormApi actionButtonsReverse=undefined  ... > 
  at <VbenUseForm formApi= FormApi > 
  at <VbenUseForm> 
  at <Primitive ref=fn<forwardRef> as-child=false as=undefined  ... > 
  at <DismissableLayer tabindex="-1" onKeydown=fn<handleKeyDown> style= {position: fixed}  ... > 
  at <PrimitiveSlot tabindex="-1" onKeydown=fn<handleKeyDown> style= {position: fixed}  ... > 
  at <Primitive ref_key="currentRef" ref=Ref< Proxy(Object) > tabindex="-1"  ... > 
  at <FocusScope as-child="" loop="" trapped=false  ... > 
  at <DialogContentImpl as=undefined forceMount=false trapFocus=false  ... > 
  at <DialogContentNonModal key=1 ref=fn<ref> forceMount=false  ... > 
  at <Presence present=false style= {position: fixed} onAnimationend=fn<onAnimationEnd>  ... > 
  at <DialogContent ref="contentRef" style= {position: fixed} onAnimationend=fn<onAnimationEnd>  ... > 
  at <DialogContent ref="contentRef" append-to=undefined class="left-0 right-0 top-[10vh] mx-auto flex max-h-[80%] flex-col p-0 sm:rounded-[var(--radius)] w-[900px] border border-border duration-300"  ... > 
  at <DialogRoot modal=false open=false onUpdate:open=fn > 
  at <Dialog modal=false open=false onUpdate:open=fn > 
  at <Modal modalApi= ModalApi > 
  at <VbenModal> 
  at <Page auto-content-height="" > 
  at <ApiTestingTestStep > 
  at <ApiTestingTestStep onVnodeUnmounted=fn<onVnodeUnmounted> ref=Ref< Proxy(Object) > key="/plugins/teststep" > 
  at <KeepAlive key=0 exclude= [] include= [ApiTesting, ApiTestingTestReportDetail, ApiTestingDashboard, ApiTestingVariable, ApiTestingBatchReport, ApiTestingTestCase, ApiTestingExecutionStream, ApiTestingTestStep, ApiTestingTestReport, ApiTestingProject, ApiTestingEnvironment, ApiTestingTestSuite, Dashboard, Analytics] > 
  at <BaseTransition mode="out-in" appear=true persisted=false  ... > 
  at <Transition key=0 name="fade-slide" appear=""  ... > 
  at <RouterView> 
  at <LayoutContent> 
  at <LayoutContent id="__vben_main_content" content-compact="wide" content-compact-width=1200  ... > 
  at <VbenLayout sidebar-extra-visible=true onUpdate:sidebarExtraVisible=fn content-compact="wide"  ... > 
  at <BasicLayout onClearPreferencesAndLogout=fn<handleLogout> > 
  at <Basic onVnodeUnmounted=fn<onVnodeUnmounted> ref=Ref< Proxy(Object) > > 
  at <RouterView> 
  at <Anonymous message= {} notification= {} > 
  at <AApp> 
  at <LocaleProvider locale= {locale: zh-cn, Pagination: Object, DatePicker: Object, TimePicker: Object, Calendar: Object} _ANT_MARK__="internalMark" > 
  at <Anonymous prefixCls="anticon" csp=undefined layer=undefined > 
  at <Anonymous value= {override: Object, hashed: false, theme: Theme, token: Object, components: Object} > 
  at <Anonymous parentContext= {getPrefixCls: , iconPrefixCls: anticon} locale= {locale: zh-cn, Pagination: Object, DatePicker: Object, TimePicker: Object, Calendar: Object} theme= {algorithm: Array(1), token: Proxy(Object)}  ... > 
  at <AConfigProvider locale= {locale: zh-cn, Pagination: Object, DatePicker: Object, TimePicker: Object, Calendar: Object} theme= {algorithm: Array(1), token: Proxy(Object)} > 
  at <App> @ http://localhost:5173/node_modules/.vite/deps/chunk-NUZEDWKZ.js?v=eff7922a:1936
[24158632ms] [WARNING] [Vue warn]: Vue received a Component that was made a reactive object. This can lead to unnecessary performance overhead and should be avoided by marking the component with `markRaw` or using `shallowRef` instead of `ref`. 
Component that was made reactive:  {__name: StructuredJsonEditor, props: Object, emits: Array(3), setup: , __hmrId: 4739857a} 
  at <PrimitiveSlot id="v-121-form-item" aria-describedby="v-121-form-item-description" aria-invalid=false  ... > 
  at <FormControl class="" > 
  at <FormItem class="flex-row items-center pb-4 relative flex flex-shrink-0" > 
  at <Field key=0 keepValue=true label="认证信息"  ... > 
  at <FormField ref_for=true colon=false disabled=undefined  ... > 
  at <Form onKeydown=fn formApi= FormApi actionButtonsReverse=undefined  ... > 
  at <VbenUseForm formApi= FormApi > 
  at <VbenUseForm> 
  at <Primitive ref=fn<forwardRef> as-child=false as=undefined  ... > 
  at <DismissableLayer tabindex="-1" onKeydown=fn<handleKeyDown> style= {position: fixed}  ... > 
  at <PrimitiveSlot tabindex="-1" onKeydown=fn<handleKeyDown> style= {position: fixed}  ... > 
  at <Primitive ref_key="currentRef" ref=Ref< Proxy(Object) > tabindex="-1"  ... > 
  at <FocusScope as-child="" loop="" trapped=false  ... > 
  at <DialogContentImpl as=undefined forceMount=false trapFocus=false  ... > 
  at <DialogContentNonModal key=1 ref=fn<ref> forceMount=false  ... > 
  at <Presence present=false style= {position: fixed} onAnimationend=fn<onAnimationEnd>  ... > 
  at <DialogContent ref="contentRef" style= {position: fixed} onAnimationend=fn<onAnimationEnd>  ... > 
  at <DialogContent ref="contentRef" append-to=undefined class="left-0 right-0 top-[10vh] mx-auto flex max-h-[80%] flex-col p-0 sm:rounded-[var(--radius)] w-[900px] border border-border duration-300"  ... > 
  at <DialogRoot modal=false open=false onUpdate:open=fn > 
  at <Dialog modal=false open=false onUpdate:open=fn > 
  at <Modal modalApi= ModalApi > 
  at <VbenModal> 
  at <Page auto-content-height="" > 
  at <ApiTestingTestStep > 
  at <ApiTestingTestStep onVnodeUnmounted=fn<onVnodeUnmounted> ref=Ref< Proxy(Object) > key="/plugins/teststep" > 
  at <KeepAlive key=0 exclude= [] include= [ApiTesting, ApiTestingTestReportDetail, ApiTestingDashboard, ApiTestingVariable, ApiTestingBatchReport, ApiTestingTestCase, ApiTestingExecutionStream, ApiTestingTestStep, ApiTestingTestReport, ApiTestingProject, ApiTestingEnvironment, ApiTestingTestSuite, Dashboard, Analytics] > 
  at <BaseTransition mode="out-in" appear=true persisted=false  ... > 
  at <Transition key=0 name="fade-slide" appear=""  ... > 
  at <RouterView> 
  at <LayoutContent> 
  at <LayoutContent id="__vben_main_content" content-compact="wide" content-compact-width=1200  ... > 
  at <VbenLayout sidebar-extra-visible=true onUpdate:sidebarExtraVisible=fn content-compact="wide"  ... > 
  at <BasicLayout onClearPreferencesAndLogout=fn<handleLogout> > 
  at <Basic onVnodeUnmounted=fn<onVnodeUnmounted> ref=Ref< Proxy(Object) > > 
  at <RouterView> 
  at <Anonymous message= {} notification= {} > 
  at <AApp> 
  at <LocaleProvider locale= {locale: zh-cn, Pagination: Object, DatePicker: Object, TimePicker: Object, Calendar: Object} _ANT_MARK__="internalMark" > 
  at <Anonymous prefixCls="anticon" csp=undefined layer=undefined > 
  at <Anonymous value= {override: Object, hashed: false, theme: Theme, token: Object, components: Object} > 
  at <Anonymous parentContext= {getPrefixCls: , iconPrefixCls: anticon} locale= {locale: zh-cn, Pagination: Object, DatePicker: Object, TimePicker: Object, Calendar: Object} theme= {algorithm: Array(1), token: Proxy(Object)}  ... > 
  at <AConfigProvider locale= {locale: zh-cn, Pagination: Object, DatePicker: Object, TimePicker: Object, Calendar: Object} theme= {algorithm: Array(1), token: Proxy(Object)} > 
  at <App> @ http://localhost:5173/node_modules/.vite/deps/chunk-NUZEDWKZ.js?v=eff7922a:1936
[24158637ms] [WARNING] [Vue warn]: Vue received a Component that was made a reactive object. This can lead to unnecessary performance overhead and should be avoided by marking the component with `markRaw` or using `shallowRef` instead of `ref`. 
Component that was made reactive:  {__name: StructuredJsonEditor, props: Object, emits: Array(3), setup: , __hmrId: 4739857a} 
  at <PrimitiveSlot id="v-124-form-item" aria-describedby="v-124-form-item-description" aria-invalid=false  ... > 
  at <FormControl class="" > 
  at <FormItem class="flex-row items-center pb-4 relative flex flex-shrink-0" > 
  at <Field key=0 keepValue=true label="变量提取"  ... > 
  at <FormField ref_for=true colon=false disabled=undefined  ... > 
  at <Form onKeydown=fn formApi= FormApi actionButtonsReverse=undefined  ... > 
  at <VbenUseForm formApi= FormApi > 
  at <VbenUseForm> 
  at <Primitive ref=fn<forwardRef> as-child=false as=undefined  ... > 
  at <DismissableLayer tabindex="-1" onKeydown=fn<handleKeyDown> style= {position: fixed}  ... > 
  at <PrimitiveSlot tabindex="-1" onKeydown=fn<handleKeyDown> style= {position: fixed}  ... > 
  at <Primitive ref_key="currentRef" ref=Ref< Proxy(Object) > tabindex="-1"  ... > 
  at <FocusScope as-child="" loop="" trapped=false  ... > 
  at <DialogContentImpl as=undefined forceMount=false trapFocus=false  ... > 
  at <DialogContentNonModal key=1 ref=fn<ref> forceMount=false  ... > 
  at <Presence present=false style= {position: fixed} onAnimationend=fn<onAnimationEnd>  ... > 
  at <DialogContent ref="contentRef" style= {position: fixed} onAnimationend=fn<onAnimationEnd>  ... > 
  at <DialogContent ref="contentRef" append-to=undefined class="left-0 right-0 top-[10vh] mx-auto flex max-h-[80%] flex-col p-0 sm:rounded-[var(--radius)] w-[900px] border border-border duration-300"  ... > 
  at <DialogRoot modal=false open=false onUpdate:open=fn > 
  at <Dialog modal=false open=false onUpdate:open=fn > 
  at <Modal modalApi= ModalApi > 
  at <VbenModal> 
  at <Page auto-content-height="" > 
  at <ApiTestingTestStep > 
  at <ApiTestingTestStep onVnodeUnmounted=fn<onVnodeUnmounted> ref=Ref< Proxy(Object) > key="/plugins/teststep" > 
  at <KeepAlive key=0 exclude= [] include= [ApiTesting, ApiTestingTestReportDetail, ApiTestingDashboard, ApiTestingVariable, ApiTestingBatchReport, ApiTestingTestCase, ApiTestingExecutionStream, ApiTestingTestStep, ApiTestingTestReport, ApiTestingProject, ApiTestingEnvironment, ApiTestingTestSuite, Dashboard, Analytics] > 
  at <BaseTransition mode="out-in" appear=true persisted=false  ... > 
  at <Transition key=0 name="fade-slide" appear=""  ... > 
  at <RouterView> 
  at <LayoutContent> 
  at <LayoutContent id="__vben_main_content" content-compact="wide" content-compact-width=1200  ... > 
  at <VbenLayout sidebar-extra-visible=true onUpdate:sidebarExtraVisible=fn content-compact="wide"  ... > 
  at <BasicLayout onClearPreferencesAndLogout=fn<handleLogout> > 
  at <Basic onVnodeUnmounted=fn<onVnodeUnmounted> ref=Ref< Proxy(Object) > > 
  at <RouterView> 
  at <Anonymous message= {} notification= {} > 
  at <AApp> 
  at <LocaleProvider locale= {locale: zh-cn, Pagination: Object, DatePicker: Object, TimePicker: Object, Calendar: Object} _ANT_MARK__="internalMark" > 
  at <Anonymous prefixCls="anticon" csp=undefined layer=undefined > 
  at <Anonymous value= {override: Object, hashed: false, theme: Theme, token: Object, components: Object} > 
  at <Anonymous parentContext= {getPrefixCls: , iconPrefixCls: anticon} locale= {locale: zh-cn, Pagination: Object, DatePicker: Object, TimePicker: Object, Calendar: Object} theme= {algorithm: Array(1), token: Proxy(Object)}  ... > 
  at <AConfigProvider locale= {locale: zh-cn, Pagination: Object, DatePicker: Object, TimePicker: Object, Calendar: Object} theme= {algorithm: Array(1), token: Proxy(Object)} > 
  at <App> @ http://localhost:5173/node_modules/.vite/deps/chunk-NUZEDWKZ.js?v=eff7922a:1936
[24158642ms] [WARNING] [Vue warn]: Vue received a Component that was made a reactive object. This can lead to unnecessary performance overhead and should be avoided by marking the component with `markRaw` or using `shallowRef` instead of `ref`. 
Component that was made reactive:  {__name: StructuredJsonEditor, props: Object, emits: Array(3), setup: , __hmrId: 4739857a} 
  at <PrimitiveSlot id="v-126-form-item" aria-describedby="v-126-form-item-description" aria-invalid=false  ... > 
  at <FormControl class="" > 
  at <FormItem class="flex-row items-center pb-4 relative flex flex-shrink-0" > 
  at <Field key=0 keepValue=true label="断言规则"  ... > 
  at <FormField ref_for=true colon=false disabled=undefined  ... > 
  at <Form onKeydown=fn formApi= FormApi actionButtonsReverse=undefined  ... > 
  at <VbenUseForm formApi= FormApi > 
  at <VbenUseForm> 
  at <Primitive ref=fn<forwardRef> as-child=false as=undefined  ... > 
  at <DismissableLayer tabindex="-1" onKeydown=fn<handleKeyDown> style= {position: fixed}  ... > 
  at <PrimitiveSlot tabindex="-1" onKeydown=fn<handleKeyDown> style= {position: fixed}  ... > 
  at <Primitive ref_key="currentRef" ref=Ref< Proxy(Object) > tabindex="-1"  ... > 
  at <FocusScope as-child="" loop="" trapped=false  ... > 
  at <DialogContentImpl as=undefined forceMount=false trapFocus=false  ... > 
  at <DialogContentNonModal key=1 ref=fn<ref> forceMount=false  ... > 
  at <Presence present=false style= {position: fixed} onAnimationend=fn<onAnimationEnd>  ... > 
  at <DialogContent ref="contentRef" style= {position: fixed} onAnimationend=fn<onAnimationEnd>  ... > 
  at <DialogContent ref="contentRef" append-to=undefined class="left-0 right-0 top-[10vh] mx-auto flex max-h-[80%] flex-col p-0 sm:rounded-[var(--radius)] w-[900px] border border-border duration-300"  ... > 
  at <DialogRoot modal=false open=false onUpdate:open=fn > 
  at <Dialog modal=false open=false onUpdate:open=fn > 
  at <Modal modalApi= ModalApi > 
  at <VbenModal> 
  at <Page auto-content-height="" > 
  at <ApiTestingTestStep > 
  at <ApiTestingTestStep onVnodeUnmounted=fn<onVnodeUnmounted> ref=Ref< Proxy(Object) > key="/plugins/teststep" > 
  at <KeepAlive key=0 exclude= [] include= [ApiTesting, ApiTestingTestReportDetail, ApiTestingDashboard, ApiTestingVariable, ApiTestingBatchReport, ApiTestingTestCase, ApiTestingExecutionStream, ApiTestingTestStep, ApiTestingTestReport, ApiTestingProject, ApiTestingEnvironment, ApiTestingTestSuite, Dashboard, Analytics] > 
  at <BaseTransition mode="out-in" appear=true persisted=false  ... > 
  at <Transition key=0 name="fade-slide" appear=""  ... > 
  at <RouterView> 
  at <LayoutContent> 
  at <LayoutContent id="__vben_main_content" content-compact="wide" content-compact-width=1200  ... > 
  at <VbenLayout sidebar-extra-visible=true onUpdate:sidebarExtraVisible=fn content-compact="wide"  ... > 
  at <BasicLayout onClearPreferencesAndLogout=fn<handleLogout> > 
  at <Basic onVnodeUnmounted=fn<onVnodeUnmounted> ref=Ref< Proxy(Object) > > 
  at <RouterView> 
  at <Anonymous message= {} notification= {} > 
  at <AApp> 
  at <LocaleProvider locale= {locale: zh-cn, Pagination: Object, DatePicker: Object, TimePicker: Object, Calendar: Object} _ANT_MARK__="internalMark" > 
  at <Anonymous prefixCls="anticon" csp=undefined layer=undefined > 
  at <Anonymous value= {override: Object, hashed: false, theme: Theme, token: Object, components: Object} > 
  at <Anonymous parentContext= {getPrefixCls: , iconPrefixCls: anticon} locale= {locale: zh-cn, Pagination: Object, DatePicker: Object, TimePicker: Object, Calendar: Object} theme= {algorithm: Array(1), token: Proxy(Object)}  ... > 
  at <AConfigProvider locale= {locale: zh-cn, Pagination: Object, DatePicker: Object, TimePicker: Object, Calendar: Object} theme= {algorithm: Array(1), token: Proxy(Object)} > 
  at <App> @ http://localhost:5173/node_modules/.vite/deps/chunk-NUZEDWKZ.js?v=eff7922a:1936
[24158647ms] [WARNING] [Vue warn]: Vue received a Component that was made a reactive object. This can lead to unnecessary performance overhead and should be avoided by marking the component with `markRaw` or using `shallowRef` instead of `ref`. 
Component that was made reactive:  {__name: StructuredJsonEditor, props: Object, emits: Array(3), setup: , __hmrId: 4739857a} 
  at <PrimitiveSlot id="v-128-form-item" aria-describedby="v-128-form-item-description" aria-invalid=false  ... > 
  at <FormControl class="" > 
  at <FormItem class="flex-row items-center pb-4 relative flex flex-shrink-0" > 
  at <Field key=0 keepValue=true label="SQL查询"  ... > 
  at <FormField ref_for=true colon=false disabled=undefined  ... > 
  at <Form onKeydown=fn formApi= FormApi actionButtonsReverse=undefined  ... > 
  at <VbenUseForm formApi= FormApi > 
  at <VbenUseForm> 
  at <Primitive ref=fn<forwardRef> as-child=false as=undefined  ... > 
  at <DismissableLayer tabindex="-1" onKeydown=fn<handleKeyDown> style= {position: fixed}  ... > 
  at <PrimitiveSlot tabindex="-1" onKeydown=fn<handleKeyDown> style= {position: fixed}  ... > 
  at <Primitive ref_key="currentRef" ref=Ref< Proxy(Object) > tabindex="-1"  ... > 
  at <FocusScope as-child="" loop="" trapped=false  ... > 
  at <DialogContentImpl as=undefined forceMount=false trapFocus=false  ... > 
  at <DialogContentNonModal key=1 ref=fn<ref> forceMount=false  ... > 
  at <Presence present=false style= {position: fixed} onAnimationend=fn<onAnimationEnd>  ... > 
  at <DialogContent ref="contentRef" style= {position: fixed} onAnimationend=fn<onAnimationEnd>  ... > 
  at <DialogContent ref="contentRef" append-to=undefined class="left-0 right-0 top-[10vh] mx-auto flex max-h-[80%] flex-col p-0 sm:rounded-[var(--radius)] w-[900px] border border-border duration-300"  ... > 
  at <DialogRoot modal=false open=false onUpdate:open=fn > 
  at <Dialog modal=false open=false onUpdate:open=fn > 
  at <Modal modalApi= ModalApi > 
  at <VbenModal> 
  at <Page auto-content-height="" > 
  at <ApiTestingTestStep > 
  at <ApiTestingTestStep onVnodeUnmounted=fn<onVnodeUnmounted> ref=Ref< Proxy(Object) > key="/plugins/teststep" > 
  at <KeepAlive key=0 exclude= [] include= [ApiTesting, ApiTestingTestReportDetail, ApiTestingDashboard, ApiTestingVariable, ApiTestingBatchReport, ApiTestingTestCase, ApiTestingExecutionStream, ApiTestingTestStep, ApiTestingTestReport, ApiTestingProject, ApiTestingEnvironment, ApiTestingTestSuite, Dashboard, Analytics] > 
  at <BaseTransition mode="out-in" appear=true persisted=false  ... > 
  at <Transition key=0 name="fade-slide" appear=""  ... > 
  at <RouterView> 
  at <LayoutContent> 
  at <LayoutContent id="__vben_main_content" content-compact="wide" content-compact-width=1200  ... > 
  at <VbenLayout sidebar-extra-visible=true onUpdate:sidebarExtraVisible=fn content-compact="wide"  ... > 
  at <BasicLayout onClearPreferencesAndLogout=fn<handleLogout> > 
  at <Basic onVnodeUnmounted=fn<onVnodeUnmounted> ref=Ref< Proxy(Object) > > 
  at <RouterView> 
  at <Anonymous message= {} notification= {} > 
  at <AApp> 
  at <LocaleProvider locale= {locale: zh-cn, Pagination: Object, DatePicker: Object, TimePicker: Object, Calendar: Object} _ANT_MARK__="internalMark" > 
  at <Anonymous prefixCls="anticon" csp=undefined layer=undefined > 
  at <Anonymous value= {override: Object, hashed: false, theme: Theme, token: Object, components: Object} > 
  at <Anonymous parentContext= {getPrefixCls: , iconPrefixCls: anticon} locale= {locale: zh-cn, Pagination: Object, DatePicker: Object, TimePicker: Object, Calendar: Object} theme= {algorithm: Array(1), token: Proxy(Object)}  ... > 
  at <AConfigProvider locale= {locale: zh-cn, Pagination: Object, DatePicker: Object, TimePicker: Object, Calendar: Object} theme= {algorithm: Array(1), token: Proxy(Object)} > 
  at <App> @ http://localhost:5173/node_modules/.vite/deps/chunk-NUZEDWKZ.js?v=eff7922a:1936
[24159307ms] [WARNING] [Vue warn]: Vue received a Component that was made a reactive object. This can lead to unnecessary performance overhead and should be avoided by marking the component with `markRaw` or using `shallowRef` instead of `ref`. 
Component that was made reactive:  {__name: StructuredJsonEditor, props: Object, emits: Array(3), setup: , __hmrId: 4739857a} 
  at <PrimitiveSlot id="v-141-form-item" aria-describedby="v-141-form-item-description" aria-invalid=false  ... > 
  at <FormControl class="" > 
  at <FormItem class="flex-row items-center pb-4 relative flex flex-shrink-0" > 
  at <Field key=0 keepValue=true label="请求头"  ... > 
  at <FormField ref_for=true colon=false disabled=undefined  ... > 
  at <Form onKeydown=fn formApi= FormApi actionButtonsReverse=undefined  ... > 
  at <VbenUseForm formApi= FormApi > 
  at <VbenUseForm> 
  at <Primitive ref=fn<forwardRef> as-child=false as=undefined  ... > 
  at <DismissableLayer tabindex="-1" onKeydown=fn<handleKeyDown> style= {position: fixed}  ... > 
  at <PrimitiveSlot tabindex="-1" onKeydown=fn<handleKeyDown> style= {position: fixed}  ... > 
  at <Primitive ref_key="currentRef" ref=Ref< undefined > tabindex="-1"  ... > 
  at <FocusScope as-child="" loop="" trapped=false  ... > 
  at <DialogContentImpl as=undefined forceMount=false trapFocus=false  ... > 
  at <DialogContentNonModal key=1 ref=fn<ref> forceMount=false  ... > 
  at <Presence present=true style= {position: fixed} onAnimationend=fn<onAnimationEnd>  ... > 
  at <DialogContent ref="contentRef" style= {position: fixed} onAnimationend=fn<onAnimationEnd>  ... > 
  at <DialogContent ref="contentRef" append-to=undefined class="left-0 right-0 top-[10vh] mx-auto flex max-h-[80%] flex-col p-0 sm:rounded-[var(--radius)] w-[900px] border border-border duration-300"  ... > 
  at <DialogRoot modal=false open=true onUpdate:open=fn > 
  at <Dialog modal=false open=true onUpdate:open=fn > 
  at <Modal modalApi= ModalApi > 
  at <VbenModal> 
  at <Page auto-content-height="" > 
  at <ApiTestingTestStep > 
  at <ApiTestingTestStep onVnodeUnmounted=fn<onVnodeUnmounted> ref=Ref< Proxy(Object) > key="/plugins/teststep" > 
  at <KeepAlive key=0 exclude= [] include= [ApiTesting, ApiTestingTestReportDetail, ApiTestingDashboard, ApiTestingVariable, ApiTestingBatchReport, ApiTestingTestCase, ApiTestingExecutionStream, ApiTestingTestStep, ApiTestingTestReport, ApiTestingProject, ApiTestingEnvironment, ApiTestingTestSuite, Dashboard, Analytics] > 
  at <BaseTransition mode="out-in" appear=true persisted=false  ... > 
  at <Transition key=0 name="fade-slide" appear=""  ... > 
  at <RouterView> 
  at <LayoutContent> 
  at <LayoutContent id="__vben_main_content" content-compact="wide" content-compact-width=1200  ... > 
  at <VbenLayout sidebar-extra-visible=true onUpdate:sidebarExtraVisible=fn content-compact="wide"  ... > 
  at <BasicLayout onClearPreferencesAndLogout=fn<handleLogout> > 
  at <Basic onVnodeUnmounted=fn<onVnodeUnmounted> ref=Ref< Proxy(Object) > > 
  at <RouterView> 
  at <Anonymous message= {} notification= {} > 
  at <AApp> 
  at <LocaleProvider locale= {locale: zh-cn, Pagination: Object, DatePicker: Object, TimePicker: Object, Calendar: Object} _ANT_MARK__="internalMark" > 
  at <Anonymous prefixCls="anticon" csp=undefined layer=undefined > 
  at <Anonymous value= {override: Object, hashed: false, theme: Theme, token: Object, components: Object} > 
  at <Anonymous parentContext= {getPrefixCls: , iconPrefixCls: anticon} locale= {locale: zh-cn, Pagination: Object, DatePicker: Object, TimePicker: Object, Calendar: Object} theme= {algorithm: Array(1), token: Proxy(Object)}  ... > 
  at <AConfigProvider locale= {locale: zh-cn, Pagination: Object, DatePicker: Object, TimePicker: Object, Calendar: Object} theme= {algorithm: Array(1), token: Proxy(Object)} > 
  at <App> @ http://localhost:5173/node_modules/.vite/deps/chunk-NUZEDWKZ.js?v=eff7922a:1936
[24159323ms] [WARNING] [Vue warn]: Vue received a Component that was made a reactive object. This can lead to unnecessary performance overhead and should be avoided by marking the component with `markRaw` or using `shallowRef` instead of `ref`. 
Component that was made reactive:  {__name: StructuredJsonEditor, props: Object, emits: Array(3), setup: , __hmrId: 4739857a} 
  at <PrimitiveSlot id="v-143-form-item" aria-describedby="v-143-form-item-description" aria-invalid=false  ... > 
  at <FormControl class="" > 
  at <FormItem class="flex-row items-center pb-4 relative flex flex-shrink-0" > 
  at <Field key=0 keepValue=true label="查询参数"  ... > 
  at <FormField ref_for=true colon=false disabled=undefined  ... > 
  at <Form onKeydown=fn formApi= FormApi actionButtonsReverse=undefined  ... > 
  at <VbenUseForm formApi= FormApi > 
  at <VbenUseForm> 
  at <Primitive ref=fn<forwardRef> as-child=false as=undefined  ... > 
  at <DismissableLayer tabindex="-1" onKeydown=fn<handleKeyDown> style= {position: fixed}  ... > 
  at <PrimitiveSlot tabindex="-1" onKeydown=fn<handleKeyDown> style= {position: fixed}  ... > 
  at <Primitive ref_key="currentRef" ref=Ref< undefined > tabindex="-1"  ... > 
  at <FocusScope as-child="" loop="" trapped=false  ... > 
  at <DialogContentImpl as=undefined forceMount=false trapFocus=false  ... > 
  at <DialogContentNonModal key=1 ref=fn<ref> forceMount=false  ... > 
  at <Presence present=true style= {position: fixed} onAnimationend=fn<onAnimationEnd>  ... > 
  at <DialogContent ref="contentRef" style= {position: fixed} onAnimationend=fn<onAnimationEnd>  ... > 
  at <DialogContent ref="contentRef" append-to=undefined class="left-0 right-0 top-[10vh] mx-auto flex max-h-[80%] flex-col p-0 sm:rounded-[var(--radius)] w-[900px] border border-border duration-300"  ... > 
  at <DialogRoot modal=false open=true onUpdate:open=fn > 
  at <Dialog modal=false open=true onUpdate:open=fn > 
  at <Modal modalApi= ModalApi > 
  at <VbenModal> 
  at <Page auto-content-height="" > 
  at <ApiTestingTestStep > 
  at <ApiTestingTestStep onVnodeUnmounted=fn<onVnodeUnmounted> ref=Ref< Proxy(Object) > key="/plugins/teststep" > 
  at <KeepAlive key=0 exclude= [] include= [ApiTesting, ApiTestingTestReportDetail, ApiTestingDashboard, ApiTestingVariable, ApiTestingBatchReport, ApiTestingTestCase, ApiTestingExecutionStream, ApiTestingTestStep, ApiTestingTestReport, ApiTestingProject, ApiTestingEnvironment, ApiTestingTestSuite, Dashboard, Analytics] > 
  at <BaseTransition mode="out-in" appear=true persisted=false  ... > 
  at <Transition key=0 name="fade-slide" appear=""  ... > 
  at <RouterView> 
  at <LayoutContent> 
  at <LayoutContent id="__vben_main_content" content-compact="wide" content-compact-width=1200  ... > 
  at <VbenLayout sidebar-extra-visible=true onUpdate:sidebarExtraVisible=fn content-compact="wide"  ... > 
  at <BasicLayout onClearPreferencesAndLogout=fn<handleLogout> > 
  at <Basic onVnodeUnmounted=fn<onVnodeUnmounted> ref=Ref< Proxy(Object) > > 
  at <RouterView> 
  at <Anonymous message= {} notification= {} > 
  at <AApp> 
  at <LocaleProvider locale= {locale: zh-cn, Pagination: Object, DatePicker: Object, TimePicker: Object, Calendar: Object} _ANT_MARK__="internalMark" > 
  at <Anonymous prefixCls="anticon" csp=undefined layer=undefined > 
  at <Anonymous value= {override: Object, hashed: false, theme: Theme, token: Object, components: Object} > 
  at <Anonymous parentContext= {getPrefixCls: , iconPrefixCls: anticon} locale= {locale: zh-cn, Pagination: Object, DatePicker: Object, TimePicker: Object, Calendar: Object} theme= {algorithm: Array(1), token: Proxy(Object)}  ... > 
  at <AConfigProvider locale= {locale: zh-cn, Pagination: Object, DatePicker: Object, TimePicker: Object, Calendar: Object} theme= {algorithm: Array(1), token: Proxy(Object)} > 
  at <App> @ http://localhost:5173/node_modules/.vite/deps/chunk-NUZEDWKZ.js?v=eff7922a:1936
[24159335ms] [WARNING] [Vue warn]: Vue received a Component that was made a reactive object. This can lead to unnecessary performance overhead and should be avoided by marking the component with `markRaw` or using `shallowRef` instead of `ref`. 
Component that was made reactive:  {__name: StructuredJsonEditor, props: Object, emits: Array(3), setup: , __hmrId: 4739857a} 
  at <PrimitiveSlot id="v-145-form-item" aria-describedby="v-145-form-item-description" aria-invalid=false  ... > 
  at <FormControl class="" > 
  at <FormItem class="flex-row items-center pb-4 relative flex flex-shrink-0" > 
  at <Field key=0 keepValue=true label="请求体"  ... > 
  at <FormField ref_for=true colon=false disabled=undefined  ... > 
  at <Form onKeydown=fn formApi= FormApi actionButtonsReverse=undefined  ... > 
  at <VbenUseForm formApi= FormApi > 
  at <VbenUseForm> 
  at <Primitive ref=fn<forwardRef> as-child=false as=undefined  ... > 
  at <DismissableLayer tabindex="-1" onKeydown=fn<handleKeyDown> style= {position: fixed}  ... > 
  at <PrimitiveSlot tabindex="-1" onKeydown=fn<handleKeyDown> style= {position: fixed}  ... > 
  at <Primitive ref_key="currentRef" ref=Ref< undefined > tabindex="-1"  ... > 
  at <FocusScope as-child="" loop="" trapped=false  ... > 
  at <DialogContentImpl as=undefined forceMount=false trapFocus=false  ... > 
  at <DialogContentNonModal key=1 ref=fn<ref> forceMount=false  ... > 
  at <Presence present=true style= {position: fixed} onAnimationend=fn<onAnimationEnd>  ... > 
  at <DialogContent ref="contentRef" style= {position: fixed} onAnimationend=fn<onAnimationEnd>  ... > 
  at <DialogContent ref="contentRef" append-to=undefined class="left-0 right-0 top-[10vh] mx-auto flex max-h-[80%] flex-col p-0 sm:rounded-[var(--radius)] w-[900px] border border-border duration-300"  ... > 
  at <DialogRoot modal=false open=true onUpdate:open=fn > 
  at <Dialog modal=false open=true onUpdate:open=fn > 
  at <Modal modalApi= ModalApi > 
  at <VbenModal> 
  at <Page auto-content-height="" > 
  at <ApiTestingTestStep > 
  at <ApiTestingTestStep onVnodeUnmounted=fn<onVnodeUnmounted> ref=Ref< Proxy(Object) > key="/plugins/teststep" > 
  at <KeepAlive key=0 exclude= [] include= [ApiTesting, ApiTestingTestReportDetail, ApiTestingDashboard, ApiTestingVariable, ApiTestingBatchReport, ApiTestingTestCase, ApiTestingExecutionStream, ApiTestingTestStep, ApiTestingTestReport, ApiTestingProject, ApiTestingEnvironment, ApiTestingTestSuite, Dashboard, Analytics] > 
  at <BaseTransition mode="out-in" appear=true persisted=false  ... > 
  at <Transition key=0 name="fade-slide" appear=""  ... > 
  at <RouterView> 
  at <LayoutContent> 
  at <LayoutContent id="__vben_main_content" content-compact="wide" content-compact-width=1200  ... > 
  at <VbenLayout sidebar-extra-visible=true onUpdate:sidebarExtraVisible=fn content-compact="wide"  ... > 
  at <BasicLayout onClearPreferencesAndLogout=fn<handleLogout> > 
  at <Basic onVnodeUnmounted=fn<onVnodeUnmounted> ref=Ref< Proxy(Object) > > 
  at <RouterView> 
  at <Anonymous message= {} notification= {} > 
  at <AApp> 
  at <LocaleProvider locale= {locale: zh-cn, Pagination: Object, DatePicker: Object, TimePicker: Object, Calendar: Object} _ANT_MARK__="internalMark" > 
  at <Anonymous prefixCls="anticon" csp=undefined layer=undefined > 
  at <Anonymous value= {override: Object, hashed: false, theme: Theme, token: Object, components: Object} > 
  at <Anonymous parentContext= {getPrefixCls: , iconPrefixCls: anticon} locale= {locale: zh-cn, Pagination: Object, DatePicker: Object, TimePicker: Object, Calendar: Object} theme= {algorithm: Array(1), token: Proxy(Object)}  ... > 
  at <AConfigProvider locale= {locale: zh-cn, Pagination: Object, DatePicker: Object, TimePicker: Object, Calendar: Object} theme= {algorithm: Array(1), token: Proxy(Object)} > 
  at <App> @ http://localhost:5173/node_modules/.vite/deps/chunk-NUZEDWKZ.js?v=eff7922a:1936
[24159353ms] [WARNING] [Vue warn]: Vue received a Component that was made a reactive object. This can lead to unnecessary performance overhead and should be avoided by marking the component with `markRaw` or using `shallowRef` instead of `ref`. 
Component that was made reactive:  {__name: StructuredJsonEditor, props: Object, emits: Array(3), setup: , __hmrId: 4739857a} 
  at <PrimitiveSlot id="v-148-form-item" aria-describedby="v-148-form-item-description" aria-invalid=false  ... > 
  at <FormControl class="" > 
  at <FormItem class="flex-row items-center pb-4 relative flex flex-shrink-0" > 
  at <Field key=0 keepValue=true label="文件上传"  ... > 
  at <FormField ref_for=true colon=false disabled=undefined  ... > 
  at <Form onKeydown=fn formApi= FormApi actionButtonsReverse=undefined  ... > 
  at <VbenUseForm formApi= FormApi > 
  at <VbenUseForm> 
  at <Primitive ref=fn<forwardRef> as-child=false as=undefined  ... > 
  at <DismissableLayer tabindex="-1" onKeydown=fn<handleKeyDown> style= {position: fixed}  ... > 
  at <PrimitiveSlot tabindex="-1" onKeydown=fn<handleKeyDown> style= {position: fixed}  ... > 
  at <Primitive ref_key="currentRef" ref=Ref< undefined > tabindex="-1"  ... > 
  at <FocusScope as-child="" loop="" trapped=false  ... > 
  at <DialogContentImpl as=undefined forceMount=false trapFocus=false  ... > 
  at <DialogContentNonModal key=1 ref=fn<ref> forceMount=false  ... > 
  at <Presence present=true style= {position: fixed} onAnimationend=fn<onAnimationEnd>  ... > 
  at <DialogContent ref="contentRef" style= {position: fixed} onAnimationend=fn<onAnimationEnd>  ... > 
  at <DialogContent ref="contentRef" append-to=undefined class="left-0 right-0 top-[10vh] mx-auto flex max-h-[80%] flex-col p-0 sm:rounded-[var(--radius)] w-[900px] border border-border duration-300"  ... > 
  at <DialogRoot modal=false open=true onUpdate:open=fn > 
  at <Dialog modal=false open=true onUpdate:open=fn > 
  at <Modal modalApi= ModalApi > 
  at <VbenModal> 
  at <Page auto-content-height="" > 
  at <ApiTestingTestStep > 
  at <ApiTestingTestStep onVnodeUnmounted=fn<onVnodeUnmounted> ref=Ref< Proxy(Object) > key="/plugins/teststep" > 
  at <KeepAlive key=0 exclude= [] include= [ApiTesting, ApiTestingTestReportDetail, ApiTestingDashboard, ApiTestingVariable, ApiTestingBatchReport, ApiTestingTestCase, ApiTestingExecutionStream, ApiTestingTestStep, ApiTestingTestReport, ApiTestingProject, ApiTestingEnvironment, ApiTestingTestSuite, Dashboard, Analytics] > 
  at <BaseTransition mode="out-in" appear=true persisted=false  ... > 
  at <Transition key=0 name="fade-slide" appear=""  ... > 
  at <RouterView> 
  at <LayoutContent> 
  at <LayoutContent id="__vben_main_content" content-compact="wide" content-compact-width=1200  ... > 
  at <VbenLayout sidebar-extra-visible=true onUpdate:sidebarExtraVisible=fn content-compact="wide"  ... > 
  at <BasicLayout onClearPreferencesAndLogout=fn<handleLogout> > 
  at <Basic onVnodeUnmounted=fn<onVnodeUnmounted> ref=Ref< Proxy(Object) > > 
  at <RouterView> 
  at <Anonymous message= {} notification= {} > 
  at <AApp> 
  at <LocaleProvider locale= {locale: zh-cn, Pagination: Object, DatePicker: Object, TimePicker: Object, Calendar: Object} _ANT_MARK__="internalMark" > 
  at <Anonymous prefixCls="anticon" csp=undefined layer=undefined > 
  at <Anonymous value= {override: Object, hashed: false, theme: Theme, token: Object, components: Object} > 
  at <Anonymous parentContext= {getPrefixCls: , iconPrefixCls: anticon} locale= {locale: zh-cn, Pagination: Object, DatePicker: Object, TimePicker: Object, Calendar: Object} theme= {algorithm: Array(1), token: Proxy(Object)}  ... > 
  at <AConfigProvider locale= {locale: zh-cn, Pagination: Object, DatePicker: Object, TimePicker: Object, Calendar: Object} theme= {algorithm: Array(1), token: Proxy(Object)} > 
  at <App> @ http://localhost:5173/node_modules/.vite/deps/chunk-NUZEDWKZ.js?v=eff7922a:1936
[24159368ms] [WARNING] [Vue warn]: Vue received a Component that was made a reactive object. This can lead to unnecessary performance overhead and should be avoided by marking the component with `markRaw` or using `shallowRef` instead of `ref`. 
Component that was made reactive:  {__name: StructuredJsonEditor, props: Object, emits: Array(3), setup: , __hmrId: 4739857a} 
  at <PrimitiveSlot id="v-150-form-item" aria-describedby="v-150-form-item-description" aria-invalid=false  ... > 
  at <FormControl class="" > 
  at <FormItem class="flex-row items-center pb-4 relative flex flex-shrink-0" > 
  at <Field key=0 keepValue=true label="认证信息"  ... > 
  at <FormField ref_for=true colon=false disabled=undefined  ... > 
  at <Form onKeydown=fn formApi= FormApi actionButtonsReverse=undefined  ... > 
  at <VbenUseForm formApi= FormApi > 
  at <VbenUseForm> 
  at <Primitive ref=fn<forwardRef> as-child=false as=undefined  ... > 
  at <DismissableLayer tabindex="-1" onKeydown=fn<handleKeyDown> style= {position: fixed}  ... > 
  at <PrimitiveSlot tabindex="-1" onKeydown=fn<handleKeyDown> style= {position: fixed}  ... > 
  at <Primitive ref_key="currentRef" ref=Ref< undefined > tabindex="-1"  ... > 
  at <FocusScope as-child="" loop="" trapped=false  ... > 
  at <DialogContentImpl as=undefined forceMount=false trapFocus=false  ... > 
  at <DialogContentNonModal key=1 ref=fn<ref> forceMount=false  ... > 
  at <Presence present=true style= {position: fixed} onAnimationend=fn<onAnimationEnd>  ... > 
  at <DialogContent ref="contentRef" style= {position: fixed} onAnimationend=fn<onAnimationEnd>  ... > 
  at <DialogContent ref="contentRef" append-to=undefined class="left-0 right-0 top-[10vh] mx-auto flex max-h-[80%] flex-col p-0 sm:rounded-[var(--radius)] w-[900px] border border-border duration-300"  ... > 
  at <DialogRoot modal=false open=true onUpdate:open=fn > 
  at <Dialog modal=false open=true onUpdate:open=fn > 
  at <Modal modalApi= ModalApi > 
  at <VbenModal> 
  at <Page auto-content-height="" > 
  at <ApiTestingTestStep > 
  at <ApiTestingTestStep onVnodeUnmounted=fn<onVnodeUnmounted> ref=Ref< Proxy(Object) > key="/plugins/teststep" > 
  at <KeepAlive key=0 exclude= [] include= [ApiTesting, ApiTestingTestReportDetail, ApiTestingDashboard, ApiTestingVariable, ApiTestingBatchReport, ApiTestingTestCase, ApiTestingExecutionStream, ApiTestingTestStep, ApiTestingTestReport, ApiTestingProject, ApiTestingEnvironment, ApiTestingTestSuite, Dashboard, Analytics] > 
  at <BaseTransition mode="out-in" appear=true persisted=false  ... > 
  at <Transition key=0 name="fade-slide" appear=""  ... > 
  at <RouterView> 
  at <LayoutContent> 
  at <LayoutContent id="__vben_main_content" content-compact="wide" content-compact-width=1200  ... > 
  at <VbenLayout sidebar-extra-visible=true onUpdate:sidebarExtraVisible=fn content-compact="wide"  ... > 
  at <BasicLayout onClearPreferencesAndLogout=fn<handleLogout> > 
  at <Basic onVnodeUnmounted=fn<onVnodeUnmounted> ref=Ref< Proxy(Object) > > 
  at <RouterView> 
  at <Anonymous message= {} notification= {} > 
  at <AApp> 
  at <LocaleProvider locale= {locale: zh-cn, Pagination: Object, DatePicker: Object, TimePicker: Object, Calendar: Object} _ANT_MARK__="internalMark" > 
  at <Anonymous prefixCls="anticon" csp=undefined layer=undefined > 
  at <Anonymous value= {override: Object, hashed: false, theme: Theme, token: Object, components: Object} > 
  at <Anonymous parentContext= {getPrefixCls: , iconPrefixCls: anticon} locale= {locale: zh-cn, Pagination: Object, DatePicker: Object, TimePicker: Object, Calendar: Object} theme= {algorithm: Array(1), token: Proxy(Object)}  ... > 
  at <AConfigProvider locale= {locale: zh-cn, Pagination: Object, DatePicker: Object, TimePicker: Object, Calendar: Object} theme= {algorithm: Array(1), token: Proxy(Object)} > 
  at <App> @ http://localhost:5173/node_modules/.vite/deps/chunk-NUZEDWKZ.js?v=eff7922a:1936
[24159385ms] [WARNING] [Vue warn]: Vue received a Component that was made a reactive object. This can lead to unnecessary performance overhead and should be avoided by marking the component with `markRaw` or using `shallowRef` instead of `ref`. 
Component that was made reactive:  {__name: StructuredJsonEditor, props: Object, emits: Array(3), setup: , __hmrId: 4739857a} 
  at <PrimitiveSlot id="v-153-form-item" aria-describedby="v-153-form-item-description" aria-invalid=false  ... > 
  at <FormControl class="" > 
  at <FormItem class="flex-row items-center pb-4 relative flex flex-shrink-0" > 
  at <Field key=0 keepValue=true label="变量提取"  ... > 
  at <FormField ref_for=true colon=false disabled=undefined  ... > 
  at <Form onKeydown=fn formApi= FormApi actionButtonsReverse=undefined  ... > 
  at <VbenUseForm formApi= FormApi > 
  at <VbenUseForm> 
  at <Primitive ref=fn<forwardRef> as-child=false as=undefined  ... > 
  at <DismissableLayer tabindex="-1" onKeydown=fn<handleKeyDown> style= {position: fixed}  ... > 
  at <PrimitiveSlot tabindex="-1" onKeydown=fn<handleKeyDown> style= {position: fixed}  ... > 
  at <Primitive ref_key="currentRef" ref=Ref< undefined > tabindex="-1"  ... > 
  at <FocusScope as-child="" loop="" trapped=false  ... > 
  at <DialogContentImpl as=undefined forceMount=false trapFocus=false  ... > 
  at <DialogContentNonModal key=1 ref=fn<ref> forceMount=false  ... > 
  at <Presence present=true style= {position: fixed} onAnimationend=fn<onAnimationEnd>  ... > 
  at <DialogContent ref="contentRef" style= {position: fixed} onAnimationend=fn<onAnimationEnd>  ... > 
  at <DialogContent ref="contentRef" append-to=undefined class="left-0 right-0 top-[10vh] mx-auto flex max-h-[80%] flex-col p-0 sm:rounded-[var(--radius)] w-[900px] border border-border duration-300"  ... > 
  at <DialogRoot modal=false open=true onUpdate:open=fn > 
  at <Dialog modal=false open=true onUpdate:open=fn > 
  at <Modal modalApi= ModalApi > 
  at <VbenModal> 
  at <Page auto-content-height="" > 
  at <ApiTestingTestStep > 
  at <ApiTestingTestStep onVnodeUnmounted=fn<onVnodeUnmounted> ref=Ref< Proxy(Object) > key="/plugins/teststep" > 
  at <KeepAlive key=0 exclude= [] include= [ApiTesting, ApiTestingTestReportDetail, ApiTestingDashboard, ApiTestingVariable, ApiTestingBatchReport, ApiTestingTestCase, ApiTestingExecutionStream, ApiTestingTestStep, ApiTestingTestReport, ApiTestingProject, ApiTestingEnvironment, ApiTestingTestSuite, Dashboard, Analytics] > 
  at <BaseTransition mode="out-in" appear=true persisted=false  ... > 
  at <Transition key=0 name="fade-slide" appear=""  ... > 
  at <RouterView> 
  at <LayoutContent> 
  at <LayoutContent id="__vben_main_content" content-compact="wide" content-compact-width=1200  ... > 
  at <VbenLayout sidebar-extra-visible=true onUpdate:sidebarExtraVisible=fn content-compact="wide"  ... > 
  at <BasicLayout onClearPreferencesAndLogout=fn<handleLogout> > 
  at <Basic onVnodeUnmounted=fn<onVnodeUnmounted> ref=Ref< Proxy(Object) > > 
  at <RouterView> 
  at <Anonymous message= {} notification= {} > 
  at <AApp> 
  at <LocaleProvider locale= {locale: zh-cn, Pagination: Object, DatePicker: Object, TimePicker: Object, Calendar: Object} _ANT_MARK__="internalMark" > 
  at <Anonymous prefixCls="anticon" csp=undefined layer=undefined > 
  at <Anonymous value= {override: Object, hashed: false, theme: Theme, token: Object, components: Object} > 
  at <Anonymous parentContext= {getPrefixCls: , iconPrefixCls: anticon} locale= {locale: zh-cn, Pagination: Object, DatePicker: Object, TimePicker: Object, Calendar: Object} theme= {algorithm: Array(1), token: Proxy(Object)}  ... > 
  at <AConfigProvider locale= {locale: zh-cn, Pagination: Object, DatePicker: Object, TimePicker: Object, Calendar: Object} theme= {algorithm: Array(1), token: Proxy(Object)} > 
  at <App> @ http://localhost:5173/node_modules/.vite/deps/chunk-NUZEDWKZ.js?v=eff7922a:1936
[24159401ms] [WARNING] [Vue warn]: Vue received a Component that was made a reactive object. This can lead to unnecessary performance overhead and should be avoided by marking the component with `markRaw` or using `shallowRef` instead of `ref`. 
Component that was made reactive:  {__name: StructuredJsonEditor, props: Object, emits: Array(3), setup: , __hmrId: 4739857a} 
  at <PrimitiveSlot id="v-155-form-item" aria-describedby="v-155-form-item-description" aria-invalid=false  ... > 
  at <FormControl class="" > 
  at <FormItem class="flex-row items-center pb-4 relative flex flex-shrink-0" > 
  at <Field key=0 keepValue=true label="断言规则"  ... > 
  at <FormField ref_for=true colon=false disabled=undefined  ... > 
  at <Form onKeydown=fn formApi= FormApi actionButtonsReverse=undefined  ... > 
  at <VbenUseForm formApi= FormApi > 
  at <VbenUseForm> 
  at <Primitive ref=fn<forwardRef> as-child=false as=undefined  ... > 
  at <DismissableLayer tabindex="-1" onKeydown=fn<handleKeyDown> style= {position: fixed}  ... > 
  at <PrimitiveSlot tabindex="-1" onKeydown=fn<handleKeyDown> style= {position: fixed}  ... > 
  at <Primitive ref_key="currentRef" ref=Ref< undefined > tabindex="-1"  ... > 
  at <FocusScope as-child="" loop="" trapped=false  ... > 
  at <DialogContentImpl as=undefined forceMount=false trapFocus=false  ... > 
  at <DialogContentNonModal key=1 ref=fn<ref> forceMount=false  ... > 
  at <Presence present=true style= {position: fixed} onAnimationend=fn<onAnimationEnd>  ... > 
  at <DialogContent ref="contentRef" style= {position: fixed} onAnimationend=fn<onAnimationEnd>  ... > 
  at <DialogContent ref="contentRef" append-to=undefined class="left-0 right-0 top-[10vh] mx-auto flex max-h-[80%] flex-col p-0 sm:rounded-[var(--radius)] w-[900px] border border-border duration-300"  ... > 
  at <DialogRoot modal=false open=true onUpdate:open=fn > 
  at <Dialog modal=false open=true onUpdate:open=fn > 
  at <Modal modalApi= ModalApi > 
  at <VbenModal> 
  at <Page auto-content-height="" > 
  at <ApiTestingTestStep > 
  at <ApiTestingTestStep onVnodeUnmounted=fn<onVnodeUnmounted> ref=Ref< Proxy(Object) > key="/plugins/teststep" > 
  at <KeepAlive key=0 exclude= [] include= [ApiTesting, ApiTestingTestReportDetail, ApiTestingDashboard, ApiTestingVariable, ApiTestingBatchReport, ApiTestingTestCase, ApiTestingExecutionStream, ApiTestingTestStep, ApiTestingTestReport, ApiTestingProject, ApiTestingEnvironment, ApiTestingTestSuite, Dashboard, Analytics] > 
  at <BaseTransition mode="out-in" appear=true persisted=false  ... > 
  at <Transition key=0 name="fade-slide" appear=""  ... > 
  at <RouterView> 
  at <LayoutContent> 
  at <LayoutContent id="__vben_main_content" content-compact="wide" content-compact-width=1200  ... > 
  at <VbenLayout sidebar-extra-visible=true onUpdate:sidebarExtraVisible=fn content-compact="wide"  ... > 
  at <BasicLayout onClearPreferencesAndLogout=fn<handleLogout> > 
  at <Basic onVnodeUnmounted=fn<onVnodeUnmounted> ref=Ref< Proxy(Object) > > 
  at <RouterView> 
  at <Anonymous message= {} notification= {} > 
  at <AApp> 
  at <LocaleProvider locale= {locale: zh-cn, Pagination: Object, DatePicker: Object, TimePicker: Object, Calendar: Object} _ANT_MARK__="internalMark" > 
  at <Anonymous prefixCls="anticon" csp=undefined layer=undefined > 
  at <Anonymous value= {override: Object, hashed: false, theme: Theme, token: Object, components: Object} > 
  at <Anonymous parentContext= {getPrefixCls: , iconPrefixCls: anticon} locale= {locale: zh-cn, Pagination: Object, DatePicker: Object, TimePicker: Object, Calendar: Object} theme= {algorithm: Array(1), token: Proxy(Object)}  ... > 
  at <AConfigProvider locale= {locale: zh-cn, Pagination: Object, DatePicker: Object, TimePicker: Object, Calendar: Object} theme= {algorithm: Array(1), token: Proxy(Object)} > 
  at <App> @ http://localhost:5173/node_modules/.vite/deps/chunk-NUZEDWKZ.js?v=eff7922a:1936
[24159430ms] [WARNING] [Vue warn]: Vue received a Component that was made a reactive object. This can lead to unnecessary performance overhead and should be avoided by marking the component with `markRaw` or using `shallowRef` instead of `ref`. 
Component that was made reactive:  {__name: StructuredJsonEditor, props: Object, emits: Array(3), setup: , __hmrId: 4739857a} 
  at <PrimitiveSlot id="v-157-form-item" aria-describedby="v-157-form-item-description" aria-invalid=false  ... > 
  at <FormControl class="" > 
  at <FormItem class="flex-row items-center pb-4 relative flex flex-shrink-0" > 
  at <Field key=0 keepValue=true label="SQL查询"  ... > 
  at <FormField ref_for=true colon=false disabled=undefined  ... > 
  at <Form onKeydown=fn formApi= FormApi actionButtonsReverse=undefined  ... > 
  at <VbenUseForm formApi= FormApi > 
  at <VbenUseForm> 
  at <Primitive ref=fn<forwardRef> as-child=false as=undefined  ... > 
  at <DismissableLayer tabindex="-1" onKeydown=fn<handleKeyDown> style= {position: fixed}  ... > 
  at <PrimitiveSlot tabindex="-1" onKeydown=fn<handleKeyDown> style= {position: fixed}  ... > 
  at <Primitive ref_key="currentRef" ref=Ref< undefined > tabindex="-1"  ... > 
  at <FocusScope as-child="" loop="" trapped=false  ... > 
  at <DialogContentImpl as=undefined forceMount=false trapFocus=false  ... > 
  at <DialogContentNonModal key=1 ref=fn<ref> forceMount=false  ... > 
  at <Presence present=true style= {position: fixed} onAnimationend=fn<onAnimationEnd>  ... > 
  at <DialogContent ref="contentRef" style= {position: fixed} onAnimationend=fn<onAnimationEnd>  ... > 
  at <DialogContent ref="contentRef" append-to=undefined class="left-0 right-0 top-[10vh] mx-auto flex max-h-[80%] flex-col p-0 sm:rounded-[var(--radius)] w-[900px] border border-border duration-300"  ... > 
  at <DialogRoot modal=false open=true onUpdate:open=fn > 
  at <Dialog modal=false open=true onUpdate:open=fn > 
  at <Modal modalApi= ModalApi > 
  at <VbenModal> 
  at <Page auto-content-height="" > 
  at <ApiTestingTestStep > 
  at <ApiTestingTestStep onVnodeUnmounted=fn<onVnodeUnmounted> ref=Ref< Proxy(Object) > key="/plugins/teststep" > 
  at <KeepAlive key=0 exclude= [] include= [ApiTesting, ApiTestingTestReportDetail, ApiTestingDashboard, ApiTestingVariable, ApiTestingBatchReport, ApiTestingTestCase, ApiTestingExecutionStream, ApiTestingTestStep, ApiTestingTestReport, ApiTestingProject, ApiTestingEnvironment, ApiTestingTestSuite, Dashboard, Analytics] > 
  at <BaseTransition mode="out-in" appear=true persisted=false  ... > 
  at <Transition key=0 name="fade-slide" appear=""  ... > 
  at <RouterView> 
  at <LayoutContent> 
  at <LayoutContent id="__vben_main_content" content-compact="wide" content-compact-width=1200  ... > 
  at <VbenLayout sidebar-extra-visible=true onUpdate:sidebarExtraVisible=fn content-compact="wide"  ... > 
  at <BasicLayout onClearPreferencesAndLogout=fn<handleLogout> > 
  at <Basic onVnodeUnmounted=fn<onVnodeUnmounted> ref=Ref< Proxy(Object) > > 
  at <RouterView> 
  at <Anonymous message= {} notification= {} > 
  at <AApp> 
  at <LocaleProvider locale= {locale: zh-cn, Pagination: Object, DatePicker: Object, TimePicker: Object, Calendar: Object} _ANT_MARK__="internalMark" > 
  at <Anonymous prefixCls="anticon" csp=undefined layer=undefined > 
  at <Anonymous value= {override: Object, hashed: false, theme: Theme, token: Object, components: Object} > 
  at <Anonymous parentContext= {getPrefixCls: , iconPrefixCls: anticon} locale= {locale: zh-cn, Pagination: Object, DatePicker: Object, TimePicker: Object, Calendar: Object} theme= {algorithm: Array(1), token: Proxy(Object)}  ... > 
  at <AConfigProvider locale= {locale: zh-cn, Pagination: Object, DatePicker: Object, TimePicker: Object, Calendar: Object} theme= {algorithm: Array(1), token: Proxy(Object)} > 
  at <App> @ http://localhost:5173/node_modules/.vite/deps/chunk-NUZEDWKZ.js?v=eff7922a:1936
[24159559ms] [WARNING] [Vue warn]: Vue received a Component that was made a reactive object. This can lead to unnecessary performance overhead and should be avoided by marking the component with `markRaw` or using `shallowRef` instead of `ref`. 
Component that was made reactive:  {__name: StructuredJsonEditor, props: Object, emits: Array(3), setup: , __hmrId: 4739857a} 
  at <PrimitiveSlot id="v-141-form-item" aria-describedby="v-141-form-item-description" aria-invalid=false  ... > 
  at <FormControl class="" > 
  at <FormItem class="flex-row items-center pb-4 relative flex flex-shrink-0" > 
  at <Field key=0 keepValue=true label="请求头"  ... > 
  at <FormField ref_for=true colon=false disabled=undefined  ... > 
  at <Form onKeydown=fn formApi= FormApi actionButtonsReverse=undefined  ... > 
  at <VbenUseForm formApi= FormApi > 
  at <VbenUseForm> 
  at <Primitive ref=fn<forwardRef> as-child=false as=undefined  ... > 
  at <DismissableLayer tabindex="-1" onKeydown=fn<handleKeyDown> style= {position: fixed}  ... > 
  at <PrimitiveSlot tabindex="-1" onKeydown=fn<handleKeyDown> style= {position: fixed}  ... > 
  at <Primitive ref_key="currentRef" ref=Ref< Proxy(Object) > tabindex="-1"  ... > 
  at <FocusScope as-child="" loop="" trapped=false  ... > 
  at <DialogContentImpl as=undefined forceMount=false trapFocus=false  ... > 
  at <DialogContentNonModal key=1 ref=fn<ref> forceMount=false  ... > 
  at <Presence present=true style= {position: fixed} onAnimationend=fn<onAnimationEnd>  ... > 
  at <DialogContent ref="contentRef" style= {position: fixed} onAnimationend=fn<onAnimationEnd>  ... > 
  at <DialogContent ref="contentRef" append-to=undefined class="left-0 right-0 top-[10vh] mx-auto flex max-h-[80%] flex-col p-0 sm:rounded-[var(--radius)] w-[900px] border border-border duration-300"  ... > 
  at <DialogRoot modal=false open=true onUpdate:open=fn > 
  at <Dialog modal=false open=true onUpdate:open=fn > 
  at <Modal modalApi= ModalApi > 
  at <VbenModal> 
  at <Page auto-content-height="" > 
  at <ApiTestingTestStep > 
  at <ApiTestingTestStep onVnodeUnmounted=fn<onVnodeUnmounted> ref=Ref< Proxy(Object) > key="/plugins/teststep" > 
  at <KeepAlive key=0 exclude= [] include= [ApiTesting, ApiTestingTestReportDetail, ApiTestingDashboard, ApiTestingVariable, ApiTestingBatchReport, ApiTestingTestCase, ApiTestingExecutionStream, ApiTestingTestStep, ApiTestingTestReport, ApiTestingProject, ApiTestingEnvironment, ApiTestingTestSuite, Dashboard, Analytics] > 
  at <BaseTransition mode="out-in" appear=true persisted=false  ... > 
  at <Transition key=0 name="fade-slide" appear=""  ... > 
  at <RouterView> 
  at <LayoutContent> 
  at <LayoutContent id="__vben_main_content" content-compact="wide" content-compact-width=1200  ... > 
  at <VbenLayout sidebar-extra-visible=true onUpdate:sidebarExtraVisible=fn content-compact="wide"  ... > 
  at <BasicLayout onClearPreferencesAndLogout=fn<handleLogout> > 
  at <Basic onVnodeUnmounted=fn<onVnodeUnmounted> ref=Ref< Proxy(Object) > > 
  at <RouterView> 
  at <Anonymous message= {} notification= {} > 
  at <AApp> 
  at <LocaleProvider locale= {locale: zh-cn, Pagination: Object, DatePicker: Object, TimePicker: Object, Calendar: Object} _ANT_MARK__="internalMark" > 
  at <Anonymous prefixCls="anticon" csp=undefined layer=undefined > 
  at <Anonymous value= {override: Object, hashed: false, theme: Theme, token: Object, components: Object} > 
  at <Anonymous parentContext= {getPrefixCls: , iconPrefixCls: anticon} locale= {locale: zh-cn, Pagination: Object, DatePicker: Object, TimePicker: Object, Calendar: Object} theme= {algorithm: Array(1), token: Proxy(Object)}  ... > 
  at <AConfigProvider locale= {locale: zh-cn, Pagination: Object, DatePicker: Object, TimePicker: Object, Calendar: Object} theme= {algorithm: Array(1), token: Proxy(Object)} > 
  at <App> @ http://localhost:5173/node_modules/.vite/deps/chunk-NUZEDWKZ.js?v=eff7922a:1936
[24159563ms] [WARNING] [Vue warn]: Vue received a Component that was made a reactive object. This can lead to unnecessary performance overhead and should be avoided by marking the component with `markRaw` or using `shallowRef` instead of `ref`. 
Component that was made reactive:  {__name: StructuredJsonEditor, props: Object, emits: Array(3), setup: , __hmrId: 4739857a} 
  at <PrimitiveSlot id="v-143-form-item" aria-describedby="v-143-form-item-description" aria-invalid=false  ... > 
  at <FormControl class="" > 
  at <FormItem class="flex-row items-center pb-4 relative flex flex-shrink-0" > 
  at <Field key=0 keepValue=true label="查询参数"  ... > 
  at <FormField ref_for=true colon=false disabled=undefined  ... > 
  at <Form onKeydown=fn formApi= FormApi actionButtonsReverse=undefined  ... > 
  at <VbenUseForm formApi= FormApi > 
  at <VbenUseForm> 
  at <Primitive ref=fn<forwardRef> as-child=false as=undefined  ... > 
  at <DismissableLayer tabindex="-1" onKeydown=fn<handleKeyDown> style= {position: fixed}  ... > 
  at <PrimitiveSlot tabindex="-1" onKeydown=fn<handleKeyDown> style= {position: fixed}  ... > 
  at <Primitive ref_key="currentRef" ref=Ref< Proxy(Object) > tabindex="-1"  ... > 
  at <FocusScope as-child="" loop="" trapped=false  ... > 
  at <DialogContentImpl as=undefined forceMount=false trapFocus=false  ... > 
  at <DialogContentNonModal key=1 ref=fn<ref> forceMount=false  ... > 
  at <Presence present=true style= {position: fixed} onAnimationend=fn<onAnimationEnd>  ... > 
  at <DialogContent ref="contentRef" style= {position: fixed} onAnimationend=fn<onAnimationEnd>  ... > 
  at <DialogContent ref="contentRef" append-to=undefined class="left-0 right-0 top-[10vh] mx-auto flex max-h-[80%] flex-col p-0 sm:rounded-[var(--radius)] w-[900px] border border-border duration-300"  ... > 
  at <DialogRoot modal=false open=true onUpdate:open=fn > 
  at <Dialog modal=false open=true onUpdate:open=fn > 
  at <Modal modalApi= ModalApi > 
  at <VbenModal> 
  at <Page auto-content-height="" > 
  at <ApiTestingTestStep > 
  at <ApiTestingTestStep onVnodeUnmounted=fn<onVnodeUnmounted> ref=Ref< Proxy(Object) > key="/plugins/teststep" > 
  at <KeepAlive key=0 exclude= [] include= [ApiTesting, ApiTestingTestReportDetail, ApiTestingDashboard, ApiTestingVariable, ApiTestingBatchReport, ApiTestingTestCase, ApiTestingExecutionStream, ApiTestingTestStep, ApiTestingTestReport, ApiTestingProject, ApiTestingEnvironment, ApiTestingTestSuite, Dashboard, Analytics] > 
  at <BaseTransition mode="out-in" appear=true persisted=false  ... > 
  at <Transition key=0 name="fade-slide" appear=""  ... > 
  at <RouterView> 
  at <LayoutContent> 
  at <LayoutContent id="__vben_main_content" content-compact="wide" content-compact-width=1200  ... > 
  at <VbenLayout sidebar-extra-visible=true onUpdate:sidebarExtraVisible=fn content-compact="wide"  ... > 
  at <BasicLayout onClearPreferencesAndLogout=fn<handleLogout> > 
  at <Basic onVnodeUnmounted=fn<onVnodeUnmounted> ref=Ref< Proxy(Object) > > 
  at <RouterView> 
  at <Anonymous message= {} notification= {} > 
  at <AApp> 
  at <LocaleProvider locale= {locale: zh-cn, Pagination: Object, DatePicker: Object, TimePicker: Object, Calendar: Object} _ANT_MARK__="internalMark" > 
  at <Anonymous prefixCls="anticon" csp=undefined layer=undefined > 
  at <Anonymous value= {override: Object, hashed: false, theme: Theme, token: Object, components: Object} > 
  at <Anonymous parentContext= {getPrefixCls: , iconPrefixCls: anticon} locale= {locale: zh-cn, Pagination: Object, DatePicker: Object, TimePicker: Object, Calendar: Object} theme= {algorithm: Array(1), token: Proxy(Object)}  ... > 
  at <AConfigProvider locale= {locale: zh-cn, Pagination: Object, DatePicker: Object, TimePicker: Object, Calendar: Object} theme= {algorithm: Array(1), token: Proxy(Object)} > 
  at <App> @ http://localhost:5173/node_modules/.vite/deps/chunk-NUZEDWKZ.js?v=eff7922a:1936
[24159585ms] [WARNING] [Vue warn]: Vue received a Component that was made a reactive object. This can lead to unnecessary performance overhead and should be avoided by marking the component with `markRaw` or using `shallowRef` instead of `ref`. 
Component that was made reactive:  {__name: StructuredJsonEditor, props: Object, emits: Array(3), setup: , __hmrId: 4739857a} 
  at <PrimitiveSlot id="v-143-form-item" aria-describedby="v-143-form-item-description" aria-invalid=false  ... > 
  at <FormControl class="" > 
  at <FormItem class="flex-row items-center pb-4 relative flex flex-shrink-0" > 
  at <Field key=0 keepValue=true label="查询参数"  ... > 
  at <FormField ref_for=true colon=false disabled=undefined  ... > 
  at <Form onKeydown=fn formApi= FormApi actionButtonsReverse=undefined  ... > 
  at <VbenUseForm formApi= FormApi > 
  at <VbenUseForm> 
  at <Primitive ref=fn<forwardRef> as-child=false as=undefined  ... > 
  at <DismissableLayer tabindex="-1" onKeydown=fn<handleKeyDown> style= {position: fixed}  ... > 
  at <PrimitiveSlot tabindex="-1" onKeydown=fn<handleKeyDown> style= {position: fixed}  ... > 
  at <Primitive ref_key="currentRef" ref=Ref< Proxy(Object) > tabindex="-1"  ... > 
  at <FocusScope as-child="" loop="" trapped=false  ... > 
  at <DialogContentImpl as=undefined forceMount=false trapFocus=false  ... > 
  at <DialogContentNonModal key=1 ref=fn<ref> forceMount=false  ... > 
  at <Presence present=true style= {position: fixed} onAnimationend=fn<onAnimationEnd>  ... > 
  at <DialogContent ref="contentRef" style= {position: fixed} onAnimationend=fn<onAnimationEnd>  ... > 
  at <DialogContent ref="contentRef" append-to=undefined class="left-0 right-0 top-[10vh] mx-auto flex max-h-[80%] flex-col p-0 sm:rounded-[var(--radius)] w-[900px] border border-border duration-300"  ... > 
  at <DialogRoot modal=false open=true onUpdate:open=fn > 
  at <Dialog modal=false open=true onUpdate:open=fn > 
  at <Modal modalApi= ModalApi > 
  at <VbenModal> 
  at <Page auto-content-height="" > 
  at <ApiTestingTestStep > 
  at <ApiTestingTestStep onVnodeUnmounted=fn<onVnodeUnmounted> ref=Ref< Proxy(Object) > key="/plugins/teststep" > 
  at <KeepAlive key=0 exclude= [] include= [ApiTesting, ApiTestingTestReportDetail, ApiTestingDashboard, ApiTestingVariable, ApiTestingBatchReport, ApiTestingTestCase, ApiTestingExecutionStream, ApiTestingTestStep, ApiTestingTestReport, ApiTestingProject, ApiTestingEnvironment, ApiTestingTestSuite, Dashboard, Analytics] > 
  at <BaseTransition mode="out-in" appear=true persisted=false  ... > 
  at <Transition key=0 name="fade-slide" appear=""  ... > 
  at <RouterView> 
  at <LayoutContent> 
  at <LayoutContent id="__vben_main_content" content-compact="wide" content-compact-width=1200  ... > 
  at <VbenLayout sidebar-extra-visible=true onUpdate:sidebarExtraVisible=fn content-compact="wide"  ... > 
  at <BasicLayout onClearPreferencesAndLogout=fn<handleLogout> > 
  at <Basic onVnodeUnmounted=fn<onVnodeUnmounted> ref=Ref< Proxy(Object) > > 
  at <RouterView> 
  at <Anonymous message= {} notification= {} > 
  at <AApp> 
  at <LocaleProvider locale= {locale: zh-cn, Pagination: Object, DatePicker: Object, TimePicker: Object, Calendar: Object} _ANT_MARK__="internalMark" > 
  at <Anonymous prefixCls="anticon" csp=undefined layer=undefined > 
  at <Anonymous value= {override: Object, hashed: false, theme: Theme, token: Object, components: Object} > 
  at <Anonymous parentContext= {getPrefixCls: , iconPrefixCls: anticon} locale= {locale: zh-cn, Pagination: Object, DatePicker: Object, TimePicker: Object, Calendar: Object} theme= {algorithm: Array(1), token: Proxy(Object)}  ... > 
  at <AConfigProvider locale= {locale: zh-cn, Pagination: Object, DatePicker: Object, TimePicker: Object, Calendar: Object} theme= {algorithm: Array(1), token: Proxy(Object)} > 
  at <App> @ http://localhost:5173/node_modules/.vite/deps/chunk-NUZEDWKZ.js?v=eff7922a:1936
[24159632ms] [WARNING] [Vue warn]: Vue received a Component that was made a reactive object. This can lead to unnecessary performance overhead and should be avoided by marking the component with `markRaw` or using `shallowRef` instead of `ref`. 
Component that was made reactive:  {__name: StructuredJsonEditor, props: Object, emits: Array(3), setup: , __hmrId: 4739857a} 
  at <PrimitiveSlot id="v-145-form-item" aria-describedby="v-145-form-item-description" aria-invalid=false  ... > 
  at <FormControl class="" > 
  at <FormItem class="flex-row items-center pb-4 relative flex flex-shrink-0" > 
  at <Field key=0 keepValue=true label="请求体"  ... > 
  at <FormField ref_for=true colon=false disabled=undefined  ... > 
  at <Form onKeydown=fn formApi= FormApi actionButtonsReverse=undefined  ... > 
  at <VbenUseForm formApi= FormApi > 
  at <VbenUseForm> 
  at <Primitive ref=fn<forwardRef> as-child=false as=undefined  ... > 
  at <DismissableLayer tabindex="-1" onKeydown=fn<handleKeyDown> style= {position: fixed}  ... > 
  at <PrimitiveSlot tabindex="-1" onKeydown=fn<handleKeyDown> style= {position: fixed}  ... > 
  at <Primitive ref_key="currentRef" ref=Ref< Proxy(Object) > tabindex="-1"  ... > 
  at <FocusScope as-child="" loop="" trapped=false  ... > 
  at <DialogContentImpl as=undefined forceMount=false trapFocus=false  ... > 
  at <DialogContentNonModal key=1 ref=fn<ref> forceMount=false  ... > 
  at <Presence present=true style= {position: fixed} onAnimationend=fn<onAnimationEnd>  ... > 
  at <DialogContent ref="contentRef" style= {position: fixed} onAnimationend=fn<onAnimationEnd>  ... > 
  at <DialogContent ref="contentRef" append-to=undefined class="left-0 right-0 top-[10vh] mx-auto flex max-h-[80%] flex-col p-0 sm:rounded-[var(--radius)] w-[900px] border border-border duration-300"  ... > 
  at <DialogRoot modal=false open=true onUpdate:open=fn > 
  at <Dialog modal=false open=true onUpdate:open=fn > 
  at <Modal modalApi= ModalApi > 
  at <VbenModal> 
  at <Page auto-content-height="" > 
  at <ApiTestingTestStep > 
  at <ApiTestingTestStep onVnodeUnmounted=fn<onVnodeUnmounted> ref=Ref< Proxy(Object) > key="/plugins/teststep" > 
  at <KeepAlive key=0 exclude= [] include= [ApiTesting, ApiTestingTestReportDetail, ApiTestingDashboard, ApiTestingVariable, ApiTestingBatchReport, ApiTestingTestCase, ApiTestingExecutionStream, ApiTestingTestStep, ApiTestingTestReport, ApiTestingProject, ApiTestingEnvironment, ApiTestingTestSuite, Dashboard, Analytics] > 
  at <BaseTransition mode="out-in" appear=true persisted=false  ... > 
  at <Transition key=0 name="fade-slide" appear=""  ... > 
  at <RouterView> 
  at <LayoutContent> 
  at <LayoutContent id="__vben_main_content" content-compact="wide" content-compact-width=1200  ... > 
  at <VbenLayout sidebar-extra-visible=true onUpdate:sidebarExtraVisible=fn content-compact="wide"  ... > 
  at <BasicLayout onClearPreferencesAndLogout=fn<handleLogout> > 
  at <Basic onVnodeUnmounted=fn<onVnodeUnmounted> ref=Ref< Proxy(Object) > > 
  at <RouterView> 
  at <Anonymous message= {} notification= {} > 
  at <AApp> 
  at <LocaleProvider locale= {locale: zh-cn, Pagination: Object, DatePicker: Object, TimePicker: Object, Calendar: Object} _ANT_MARK__="internalMark" > 
  at <Anonymous prefixCls="anticon" csp=undefined layer=undefined > 
  at <Anonymous value= {override: Object, hashed: false, theme: Theme, token: Object, components: Object} > 
  at <Anonymous parentContext= {getPrefixCls: , iconPrefixCls: anticon} locale= {locale: zh-cn, Pagination: Object, DatePicker: Object, TimePicker: Object, Calendar: Object} theme= {algorithm: Array(1), token: Proxy(Object)}  ... > 
  at <AConfigProvider locale= {locale: zh-cn, Pagination: Object, DatePicker: Object, TimePicker: Object, Calendar: Object} theme= {algorithm: Array(1), token: Proxy(Object)} > 
  at <App> @ http://localhost:5173/node_modules/.vite/deps/chunk-NUZEDWKZ.js?v=eff7922a:1936
[24159637ms] [WARNING] [Vue warn]: Vue received a Component that was made a reactive object. This can lead to unnecessary performance overhead and should be avoided by marking the component with `markRaw` or using `shallowRef` instead of `ref`. 
Component that was made reactive:  {__name: StructuredJsonEditor, props: Object, emits: Array(3), setup: , __hmrId: 4739857a} 
  at <PrimitiveSlot id="v-148-form-item" aria-describedby="v-148-form-item-description" aria-invalid=false  ... > 
  at <FormControl class="" > 
  at <FormItem class="flex-row items-center pb-4 relative flex flex-shrink-0" > 
  at <Field key=0 keepValue=true label="文件上传"  ... > 
  at <FormField ref_for=true colon=false disabled=undefined  ... > 
  at <Form onKeydown=fn formApi= FormApi actionButtonsReverse=undefined  ... > 
  at <VbenUseForm formApi= FormApi > 
  at <VbenUseForm> 
  at <Primitive ref=fn<forwardRef> as-child=false as=undefined  ... > 
  at <DismissableLayer tabindex="-1" onKeydown=fn<handleKeyDown> style= {position: fixed}  ... > 
  at <PrimitiveSlot tabindex="-1" onKeydown=fn<handleKeyDown> style= {position: fixed}  ... > 
  at <Primitive ref_key="currentRef" ref=Ref< Proxy(Object) > tabindex="-1"  ... > 
  at <FocusScope as-child="" loop="" trapped=false  ... > 
  at <DialogContentImpl as=undefined forceMount=false trapFocus=false  ... > 
  at <DialogContentNonModal key=1 ref=fn<ref> forceMount=false  ... > 
  at <Presence present=true style= {position: fixed} onAnimationend=fn<onAnimationEnd>  ... > 
  at <DialogContent ref="contentRef" style= {position: fixed} onAnimationend=fn<onAnimationEnd>  ... > 
  at <DialogContent ref="contentRef" append-to=undefined class="left-0 right-0 top-[10vh] mx-auto flex max-h-[80%] flex-col p-0 sm:rounded-[var(--radius)] w-[900px] border border-border duration-300"  ... > 
  at <DialogRoot modal=false open=true onUpdate:open=fn > 
  at <Dialog modal=false open=true onUpdate:open=fn > 
  at <Modal modalApi= ModalApi > 
  at <VbenModal> 
  at <Page auto-content-height="" > 
  at <ApiTestingTestStep > 
  at <ApiTestingTestStep onVnodeUnmounted=fn<onVnodeUnmounted> ref=Ref< Proxy(Object) > key="/plugins/teststep" > 
  at <KeepAlive key=0 exclude= [] include= [ApiTesting, ApiTestingTestReportDetail, ApiTestingDashboard, ApiTestingVariable, ApiTestingBatchReport, ApiTestingTestCase, ApiTestingExecutionStream, ApiTestingTestStep, ApiTestingTestReport, ApiTestingProject, ApiTestingEnvironment, ApiTestingTestSuite, Dashboard, Analytics] > 
  at <BaseTransition mode="out-in" appear=true persisted=false  ... > 
  at <Transition key=0 name="fade-slide" appear=""  ... > 
  at <RouterView> 
  at <LayoutContent> 
  at <LayoutContent id="__vben_main_content" content-compact="wide" content-compact-width=1200  ... > 
  at <VbenLayout sidebar-extra-visible=true onUpdate:sidebarExtraVisible=fn content-compact="wide"  ... > 
  at <BasicLayout onClearPreferencesAndLogout=fn<handleLogout> > 
  at <Basic onVnodeUnmounted=fn<onVnodeUnmounted> ref=Ref< Proxy(Object) > > 
  at <RouterView> 
  at <Anonymous message= {} notification= {} > 
  at <AApp> 
  at <LocaleProvider locale= {locale: zh-cn, Pagination: Object, DatePicker: Object, TimePicker: Object, Calendar: Object} _ANT_MARK__="internalMark" > 
  at <Anonymous prefixCls="anticon" csp=undefined layer=undefined > 
  at <Anonymous value= {override: Object, hashed: false, theme: Theme, token: Object, components: Object} > 
  at <Anonymous parentContext= {getPrefixCls: , iconPrefixCls: anticon} locale= {locale: zh-cn, Pagination: Object, DatePicker: Object, TimePicker: Object, Calendar: Object} theme= {algorithm: Array(1), token: Proxy(Object)}  ... > 
  at <AConfigProvider locale= {locale: zh-cn, Pagination: Object, DatePicker: Object, TimePicker: Object, Calendar: Object} theme= {algorithm: Array(1), token: Proxy(Object)} > 
  at <App> @ http://localhost:5173/node_modules/.vite/deps/chunk-NUZEDWKZ.js?v=eff7922a:1936
[24159642ms] [WARNING] [Vue warn]: Vue received a Component that was made a reactive object. This can lead to unnecessary performance overhead and should be avoided by marking the component with `markRaw` or using `shallowRef` instead of `ref`. 
Component that was made reactive:  {__name: StructuredJsonEditor, props: Object, emits: Array(3), setup: , __hmrId: 4739857a} 
  at <PrimitiveSlot id="v-150-form-item" aria-describedby="v-150-form-item-description" aria-invalid=false  ... > 
  at <FormControl class="" > 
  at <FormItem class="flex-row items-center pb-4 relative flex flex-shrink-0" > 
  at <Field key=0 keepValue=true label="认证信息"  ... > 
  at <FormField ref_for=true colon=false disabled=undefined  ... > 
  at <Form onKeydown=fn formApi= FormApi actionButtonsReverse=undefined  ... > 
  at <VbenUseForm formApi= FormApi > 
  at <VbenUseForm> 
  at <Primitive ref=fn<forwardRef> as-child=false as=undefined  ... > 
  at <DismissableLayer tabindex="-1" onKeydown=fn<handleKeyDown> style= {position: fixed}  ... > 
  at <PrimitiveSlot tabindex="-1" onKeydown=fn<handleKeyDown> style= {position: fixed}  ... > 
  at <Primitive ref_key="currentRef" ref=Ref< Proxy(Object) > tabindex="-1"  ... > 
  at <FocusScope as-child="" loop="" trapped=false  ... > 
  at <DialogContentImpl as=undefined forceMount=false trapFocus=false  ... > 
  at <DialogContentNonModal key=1 ref=fn<ref> forceMount=false  ... > 
  at <Presence present=true style= {position: fixed} onAnimationend=fn<onAnimationEnd>  ... > 
  at <DialogContent ref="contentRef" style= {position: fixed} onAnimationend=fn<onAnimationEnd>  ... > 
  at <DialogContent ref="contentRef" append-to=undefined class="left-0 right-0 top-[10vh] mx-auto flex max-h-[80%] flex-col p-0 sm:rounded-[var(--radius)] w-[900px] border border-border duration-300"  ... > 
  at <DialogRoot modal=false open=true onUpdate:open=fn > 
  at <Dialog modal=false open=true onUpdate:open=fn > 
  at <Modal modalApi= ModalApi > 
  at <VbenModal> 
  at <Page auto-content-height="" > 
  at <ApiTestingTestStep > 
  at <ApiTestingTestStep onVnodeUnmounted=fn<onVnodeUnmounted> ref=Ref< Proxy(Object) > key="/plugins/teststep" > 
  at <KeepAlive key=0 exclude= [] include= [ApiTesting, ApiTestingTestReportDetail, ApiTestingDashboard, ApiTestingVariable, ApiTestingBatchReport, ApiTestingTestCase, ApiTestingExecutionStream, ApiTestingTestStep, ApiTestingTestReport, ApiTestingProject, ApiTestingEnvironment, ApiTestingTestSuite, Dashboard, Analytics] > 
  at <BaseTransition mode="out-in" appear=true persisted=false  ... > 
  at <Transition key=0 name="fade-slide" appear=""  ... > 
  at <RouterView> 
  at <LayoutContent> 
  at <LayoutContent id="__vben_main_content" content-compact="wide" content-compact-width=1200  ... > 
  at <VbenLayout sidebar-extra-visible=true onUpdate:sidebarExtraVisible=fn content-compact="wide"  ... > 
  at <BasicLayout onClearPreferencesAndLogout=fn<handleLogout> > 
  at <Basic onVnodeUnmounted=fn<onVnodeUnmounted> ref=Ref< Proxy(Object) > > 
  at <RouterView> 
  at <Anonymous message= {} notification= {} > 
  at <AApp> 
  at <LocaleProvider locale= {locale: zh-cn, Pagination: Object, DatePicker: Object, TimePicker: Object, Calendar: Object} _ANT_MARK__="internalMark" > 
  at <Anonymous prefixCls="anticon" csp=undefined layer=undefined > 
  at <Anonymous value= {override: Object, hashed: false, theme: Theme, token: Object, components: Object} > 
  at <Anonymous parentContext= {getPrefixCls: , iconPrefixCls: anticon} locale= {locale: zh-cn, Pagination: Object, DatePicker: Object, TimePicker: Object, Calendar: Object} theme= {algorithm: Array(1), token: Proxy(Object)}  ... > 
  at <AConfigProvider locale= {locale: zh-cn, Pagination: Object, DatePicker: Object, TimePicker: Object, Calendar: Object} theme= {algorithm: Array(1), token: Proxy(Object)} > 
  at <App> @ http://localhost:5173/node_modules/.vite/deps/chunk-NUZEDWKZ.js?v=eff7922a:1936
[24159647ms] [WARNING] [Vue warn]: Vue received a Component that was made a reactive object. This can lead to unnecessary performance overhead and should be avoided by marking the component with `markRaw` or using `shallowRef` instead of `ref`. 
Component that was made reactive:  {__name: StructuredJsonEditor, props: Object, emits: Array(3), setup: , __hmrId: 4739857a} 
  at <PrimitiveSlot id="v-153-form-item" aria-describedby="v-153-form-item-description" aria-invalid=false  ... > 
  at <FormControl class="" > 
  at <FormItem class="flex-row items-center pb-4 relative flex flex-shrink-0" > 
  at <Field key=0 keepValue=true label="变量提取"  ... > 
  at <FormField ref_for=true colon=false disabled=undefined  ... > 
  at <Form onKeydown=fn formApi= FormApi actionButtonsReverse=undefined  ... > 
  at <VbenUseForm formApi= FormApi > 
  at <VbenUseForm> 
  at <Primitive ref=fn<forwardRef> as-child=false as=undefined  ... > 
  at <DismissableLayer tabindex="-1" onKeydown=fn<handleKeyDown> style= {position: fixed}  ... > 
  at <PrimitiveSlot tabindex="-1" onKeydown=fn<handleKeyDown> style= {position: fixed}  ... > 
  at <Primitive ref_key="currentRef" ref=Ref< Proxy(Object) > tabindex="-1"  ... > 
  at <FocusScope as-child="" loop="" trapped=false  ... > 
  at <DialogContentImpl as=undefined forceMount=false trapFocus=false  ... > 
  at <DialogContentNonModal key=1 ref=fn<ref> forceMount=false  ... > 
  at <Presence present=true style= {position: fixed} onAnimationend=fn<onAnimationEnd>  ... > 
  at <DialogContent ref="contentRef" style= {position: fixed} onAnimationend=fn<onAnimationEnd>  ... > 
  at <DialogContent ref="contentRef" append-to=undefined class="left-0 right-0 top-[10vh] mx-auto flex max-h-[80%] flex-col p-0 sm:rounded-[var(--radius)] w-[900px] border border-border duration-300"  ... > 
  at <DialogRoot modal=false open=true onUpdate:open=fn > 
  at <Dialog modal=false open=true onUpdate:open=fn > 
  at <Modal modalApi= ModalApi > 
  at <VbenModal> 
  at <Page auto-content-height="" > 
  at <ApiTestingTestStep > 
  at <ApiTestingTestStep onVnodeUnmounted=fn<onVnodeUnmounted> ref=Ref< Proxy(Object) > key="/plugins/teststep" > 
  at <KeepAlive key=0 exclude= [] include= [ApiTesting, ApiTestingTestReportDetail, ApiTestingDashboard, ApiTestingVariable, ApiTestingBatchReport, ApiTestingTestCase, ApiTestingExecutionStream, ApiTestingTestStep, ApiTestingTestReport, ApiTestingProject, ApiTestingEnvironment, ApiTestingTestSuite, Dashboard, Analytics] > 
  at <BaseTransition mode="out-in" appear=true persisted=false  ... > 
  at <Transition key=0 name="fade-slide" appear=""  ... > 
  at <RouterView> 
  at <LayoutContent> 
  at <LayoutContent id="__vben_main_content" content-compact="wide" content-compact-width=1200  ... > 
  at <VbenLayout sidebar-extra-visible=true onUpdate:sidebarExtraVisible=fn content-compact="wide"  ... > 
  at <BasicLayout onClearPreferencesAndLogout=fn<handleLogout> > 
  at <Basic onVnodeUnmounted=fn<onVnodeUnmounted> ref=Ref< Proxy(Object) > > 
  at <RouterView> 
  at <Anonymous message= {} notification= {} > 
  at <AApp> 
  at <LocaleProvider locale= {locale: zh-cn, Pagination: Object, DatePicker: Object, TimePicker: Object, Calendar: Object} _ANT_MARK__="internalMark" > 
  at <Anonymous prefixCls="anticon" csp=undefined layer=undefined > 
  at <Anonymous value= {override: Object, hashed: false, theme: Theme, token: Object, components: Object} > 
  at <Anonymous parentContext= {getPrefixCls: , iconPrefixCls: anticon} locale= {locale: zh-cn, Pagination: Object, DatePicker: Object, TimePicker: Object, Calendar: Object} theme= {algorithm: Array(1), token: Proxy(Object)}  ... > 
  at <AConfigProvider locale= {locale: zh-cn, Pagination: Object, DatePicker: Object, TimePicker: Object, Calendar: Object} theme= {algorithm: Array(1), token: Proxy(Object)} > 
  at <App> @ http://localhost:5173/node_modules/.vite/deps/chunk-NUZEDWKZ.js?v=eff7922a:1936
[24159668ms] [WARNING] [Vue warn]: Vue received a Component that was made a reactive object. This can lead to unnecessary performance overhead and should be avoided by marking the component with `markRaw` or using `shallowRef` instead of `ref`. 
Component that was made reactive:  {__name: StructuredJsonEditor, props: Object, emits: Array(3), setup: , __hmrId: 4739857a} 
  at <PrimitiveSlot id="v-153-form-item" aria-describedby="v-153-form-item-description" aria-invalid=false  ... > 
  at <FormControl class="" > 
  at <FormItem class="flex-row items-center pb-4 relative flex flex-shrink-0" > 
  at <Field key=0 keepValue=true label="变量提取"  ... > 
  at <FormField ref_for=true colon=false disabled=undefined  ... > 
  at <Form onKeydown=fn formApi= FormApi actionButtonsReverse=undefined  ... > 
  at <VbenUseForm formApi= FormApi > 
  at <VbenUseForm> 
  at <Primitive ref=fn<forwardRef> as-child=false as=undefined  ... > 
  at <DismissableLayer tabindex="-1" onKeydown=fn<handleKeyDown> style= {position: fixed}  ... > 
  at <PrimitiveSlot tabindex="-1" onKeydown=fn<handleKeyDown> style= {position: fixed}  ... > 
  at <Primitive ref_key="currentRef" ref=Ref< Proxy(Object) > tabindex="-1"  ... > 
  at <FocusScope as-child="" loop="" trapped=false  ... > 
  at <DialogContentImpl as=undefined forceMount=false trapFocus=false  ... > 
  at <DialogContentNonModal key=1 ref=fn<ref> forceMount=false  ... > 
  at <Presence present=true style= {position: fixed} onAnimationend=fn<onAnimationEnd>  ... > 
  at <DialogContent ref="contentRef" style= {position: fixed} onAnimationend=fn<onAnimationEnd>  ... > 
  at <DialogContent ref="contentRef" append-to=undefined class="left-0 right-0 top-[10vh] mx-auto flex max-h-[80%] flex-col p-0 sm:rounded-[var(--radius)] w-[900px] border border-border duration-300"  ... > 
  at <DialogRoot modal=false open=true onUpdate:open=fn > 
  at <Dialog modal=false open=true onUpdate:open=fn > 
  at <Modal modalApi= ModalApi > 
  at <VbenModal> 
  at <Page auto-content-height="" > 
  at <ApiTestingTestStep > 
  at <ApiTestingTestStep onVnodeUnmounted=fn<onVnodeUnmounted> ref=Ref< Proxy(Object) > key="/plugins/teststep" > 
  at <KeepAlive key=0 exclude= [] include= [ApiTesting, ApiTestingTestReportDetail, ApiTestingDashboard, ApiTestingVariable, ApiTestingBatchReport, ApiTestingTestCase, ApiTestingExecutionStream, ApiTestingTestStep, ApiTestingTestReport, ApiTestingProject, ApiTestingEnvironment, ApiTestingTestSuite, Dashboard, Analytics] > 
  at <BaseTransition mode="out-in" appear=true persisted=false  ... > 
  at <Transition key=0 name="fade-slide" appear=""  ... > 
  at <RouterView> 
  at <LayoutContent> 
  at <LayoutContent id="__vben_main_content" content-compact="wide" content-compact-width=1200  ... > 
  at <VbenLayout sidebar-extra-visible=true onUpdate:sidebarExtraVisible=fn content-compact="wide"  ... > 
  at <BasicLayout onClearPreferencesAndLogout=fn<handleLogout> > 
  at <Basic onVnodeUnmounted=fn<onVnodeUnmounted> ref=Ref< Proxy(Object) > > 
  at <RouterView> 
  at <Anonymous message= {} notification= {} > 
  at <AApp> 
  at <LocaleProvider locale= {locale: zh-cn, Pagination: Object, DatePicker: Object, TimePicker: Object, Calendar: Object} _ANT_MARK__="internalMark" > 
  at <Anonymous prefixCls="anticon" csp=undefined layer=undefined > 
  at <Anonymous value= {override: Object, hashed: false, theme: Theme, token: Object, components: Object} > 
  at <Anonymous parentContext= {getPrefixCls: , iconPrefixCls: anticon} locale= {locale: zh-cn, Pagination: Object, DatePicker: Object, TimePicker: Object, Calendar: Object} theme= {algorithm: Array(1), token: Proxy(Object)}  ... > 
  at <AConfigProvider locale= {locale: zh-cn, Pagination: Object, DatePicker: Object, TimePicker: Object, Calendar: Object} theme= {algorithm: Array(1), token: Proxy(Object)} > 
  at <App> @ http://localhost:5173/node_modules/.vite/deps/chunk-NUZEDWKZ.js?v=eff7922a:1936
[24159687ms] [WARNING] [Vue warn]: Vue received a Component that was made a reactive object. This can lead to unnecessary performance overhead and should be avoided by marking the component with `markRaw` or using `shallowRef` instead of `ref`. 
Component that was made reactive:  {__name: StructuredJsonEditor, props: Object, emits: Array(3), setup: , __hmrId: 4739857a} 
  at <PrimitiveSlot id="v-155-form-item" aria-describedby="v-155-form-item-description" aria-invalid=false  ... > 
  at <FormControl class="" > 
  at <FormItem class="flex-row items-center pb-4 relative flex flex-shrink-0" > 
  at <Field key=0 keepValue=true label="断言规则"  ... > 
  at <FormField ref_for=true colon=false disabled=undefined  ... > 
  at <Form onKeydown=fn formApi= FormApi actionButtonsReverse=undefined  ... > 
  at <VbenUseForm formApi= FormApi > 
  at <VbenUseForm> 
  at <Primitive ref=fn<forwardRef> as-child=false as=undefined  ... > 
  at <DismissableLayer tabindex="-1" onKeydown=fn<handleKeyDown> style= {position: fixed}  ... > 
  at <PrimitiveSlot tabindex="-1" onKeydown=fn<handleKeyDown> style= {position: fixed}  ... > 
  at <Primitive ref_key="currentRef" ref=Ref< Proxy(Object) > tabindex="-1"  ... > 
  at <FocusScope as-child="" loop="" trapped=false  ... > 
  at <DialogContentImpl as=undefined forceMount=false trapFocus=false  ... > 
  at <DialogContentNonModal key=1 ref=fn<ref> forceMount=false  ... > 
  at <Presence present=true style= {position: fixed} onAnimationend=fn<onAnimationEnd>  ... > 
  at <DialogContent ref="contentRef" style= {position: fixed} onAnimationend=fn<onAnimationEnd>  ... > 
  at <DialogContent ref="contentRef" append-to=undefined class="left-0 right-0 top-[10vh] mx-auto flex max-h-[80%] flex-col p-0 sm:rounded-[var(--radius)] w-[900px] border border-border duration-300"  ... > 
  at <DialogRoot modal=false open=true onUpdate:open=fn > 
  at <Dialog modal=false open=true onUpdate:open=fn > 
  at <Modal modalApi= ModalApi > 
  at <VbenModal> 
  at <Page auto-content-height="" > 
  at <ApiTestingTestStep > 
  at <ApiTestingTestStep onVnodeUnmounted=fn<onVnodeUnmounted> ref=Ref< Proxy(Object) > key="/plugins/teststep" > 
  at <KeepAlive key=0 exclude= [] include= [ApiTesting, ApiTestingTestReportDetail, ApiTestingDashboard, ApiTestingVariable, ApiTestingBatchReport, ApiTestingTestCase, ApiTestingExecutionStream, ApiTestingTestStep, ApiTestingTestReport, ApiTestingProject, ApiTestingEnvironment, ApiTestingTestSuite, Dashboard, Analytics] > 
  at <BaseTransition mode="out-in" appear=true persisted=false  ... > 
  at <Transition key=0 name="fade-slide" appear=""  ... > 
  at <RouterView> 
  at <LayoutContent> 
  at <LayoutContent id="__vben_main_content" content-compact="wide" content-compact-width=1200  ... > 
  at <VbenLayout sidebar-extra-visible=true onUpdate:sidebarExtraVisible=fn content-compact="wide"  ... > 
  at <BasicLayout onClearPreferencesAndLogout=fn<handleLogout> > 
  at <Basic onVnodeUnmounted=fn<onVnodeUnmounted> ref=Ref< Proxy(Object) > > 
  at <RouterView> 
  at <Anonymous message= {} notification= {} > 
  at <AApp> 
  at <LocaleProvider locale= {locale: zh-cn, Pagination: Object, DatePicker: Object, TimePicker: Object, Calendar: Object} _ANT_MARK__="internalMark" > 
  at <Anonymous prefixCls="anticon" csp=undefined layer=undefined > 
  at <Anonymous value= {override: Object, hashed: false, theme: Theme, token: Object, components: Object} > 
  at <Anonymous parentContext= {getPrefixCls: , iconPrefixCls: anticon} locale= {locale: zh-cn, Pagination: Object, DatePicker: Object, TimePicker: Object, Calendar: Object} theme= {algorithm: Array(1), token: Proxy(Object)}  ... > 
  at <AConfigProvider locale= {locale: zh-cn, Pagination: Object, DatePicker: Object, TimePicker: Object, Calendar: Object} theme= {algorithm: Array(1), token: Proxy(Object)} > 
  at <App> @ http://localhost:5173/node_modules/.vite/deps/chunk-NUZEDWKZ.js?v=eff7922a:1936
[24159712ms] [WARNING] [Vue warn]: Vue received a Component that was made a reactive object. This can lead to unnecessary performance overhead and should be avoided by marking the component with `markRaw` or using `shallowRef` instead of `ref`. 
Component that was made reactive:  {__name: StructuredJsonEditor, props: Object, emits: Array(3), setup: , __hmrId: 4739857a} 
  at <PrimitiveSlot id="v-155-form-item" aria-describedby="v-155-form-item-description" aria-invalid=false  ... > 
  at <FormControl class="" > 
  at <FormItem class="flex-row items-center pb-4 relative flex flex-shrink-0" > 
  at <Field key=0 keepValue=true label="断言规则"  ... > 
  at <FormField ref_for=true colon=false disabled=undefined  ... > 
  at <Form onKeydown=fn formApi= FormApi actionButtonsReverse=undefined  ... > 
  at <VbenUseForm formApi= FormApi > 
  at <VbenUseForm> 
  at <Primitive ref=fn<forwardRef> as-child=false as=undefined  ... > 
  at <DismissableLayer tabindex="-1" onKeydown=fn<handleKeyDown> style= {position: fixed}  ... > 
  at <PrimitiveSlot tabindex="-1" onKeydown=fn<handleKeyDown> style= {position: fixed}  ... > 
  at <Primitive ref_key="currentRef" ref=Ref< Proxy(Object) > tabindex="-1"  ... > 
  at <FocusScope as-child="" loop="" trapped=false  ... > 
  at <DialogContentImpl as=undefined forceMount=false trapFocus=false  ... > 
  at <DialogContentNonModal key=1 ref=fn<ref> forceMount=false  ... > 
  at <Presence present=true style= {position: fixed} onAnimationend=fn<onAnimationEnd>  ... > 
  at <DialogContent ref="contentRef" style= {position: fixed} onAnimationend=fn<onAnimationEnd>  ... > 
  at <DialogContent ref="contentRef" append-to=undefined class="left-0 right-0 top-[10vh] mx-auto flex max-h-[80%] flex-col p-0 sm:rounded-[var(--radius)] w-[900px] border border-border duration-300"  ... > 
  at <DialogRoot modal=false open=true onUpdate:open=fn > 
  at <Dialog modal=false open=true onUpdate:open=fn > 
  at <Modal modalApi= ModalApi > 
  at <VbenModal> 
  at <Page auto-content-height="" > 
  at <ApiTestingTestStep > 
  at <ApiTestingTestStep onVnodeUnmounted=fn<onVnodeUnmounted> ref=Ref< Proxy(Object) > key="/plugins/teststep" > 
  at <KeepAlive key=0 exclude= [] include= [ApiTesting, ApiTestingTestReportDetail, ApiTestingDashboard, ApiTestingVariable, ApiTestingBatchReport, ApiTestingTestCase, ApiTestingExecutionStream, ApiTestingTestStep, ApiTestingTestReport, ApiTestingProject, ApiTestingEnvironment, ApiTestingTestSuite, Dashboard, Analytics] > 
  at <BaseTransition mode="out-in" appear=true persisted=false  ... > 
  at <Transition key=0 name="fade-slide" appear=""  ... > 
  at <RouterView> 
  at <LayoutContent> 
  at <LayoutContent id="__vben_main_content" content-compact="wide" content-compact-width=1200  ... > 
  at <VbenLayout sidebar-extra-visible=true onUpdate:sidebarExtraVisible=fn content-compact="wide"  ... > 
  at <BasicLayout onClearPreferencesAndLogout=fn<handleLogout> > 
  at <Basic onVnodeUnmounted=fn<onVnodeUnmounted> ref=Ref< Proxy(Object) > > 
  at <RouterView> 
  at <Anonymous message= {} notification= {} > 
  at <AApp> 
  at <LocaleProvider locale= {locale: zh-cn, Pagination: Object, DatePicker: Object, TimePicker: Object, Calendar: Object} _ANT_MARK__="internalMark" > 
  at <Anonymous prefixCls="anticon" csp=undefined layer=undefined > 
  at <Anonymous value= {override: Object, hashed: false, theme: Theme, token: Object, components: Object} > 
  at <Anonymous parentContext= {getPrefixCls: , iconPrefixCls: anticon} locale= {locale: zh-cn, Pagination: Object, DatePicker: Object, TimePicker: Object, Calendar: Object} theme= {algorithm: Array(1), token: Proxy(Object)}  ... > 
  at <AConfigProvider locale= {locale: zh-cn, Pagination: Object, DatePicker: Object, TimePicker: Object, Calendar: Object} theme= {algorithm: Array(1), token: Proxy(Object)} > 
  at <App> @ http://localhost:5173/node_modules/.vite/deps/chunk-NUZEDWKZ.js?v=eff7922a:1936
[24159733ms] [WARNING] [Vue warn]: Vue received a Component that was made a reactive object. This can lead to unnecessary performance overhead and should be avoided by marking the component with `markRaw` or using `shallowRef` instead of `ref`. 
Component that was made reactive:  {__name: StructuredJsonEditor, props: Object, emits: Array(3), setup: , __hmrId: 4739857a} 
  at <PrimitiveSlot id="v-157-form-item" aria-describedby="v-157-form-item-description" aria-invalid=false  ... > 
  at <FormControl class="" > 
  at <FormItem class="flex-row items-center pb-4 relative flex flex-shrink-0" > 
  at <Field key=0 keepValue=true label="SQL查询"  ... > 
  at <FormField ref_for=true colon=false disabled=undefined  ... > 
  at <Form onKeydown=fn formApi= FormApi actionButtonsReverse=undefined  ... > 
  at <VbenUseForm formApi= FormApi > 
  at <VbenUseForm> 
  at <Primitive ref=fn<forwardRef> as-child=false as=undefined  ... > 
  at <DismissableLayer tabindex="-1" onKeydown=fn<handleKeyDown> style= {position: fixed}  ... > 
  at <PrimitiveSlot tabindex="-1" onKeydown=fn<handleKeyDown> style= {position: fixed}  ... > 
  at <Primitive ref_key="currentRef" ref=Ref< Proxy(Object) > tabindex="-1"  ... > 
  at <FocusScope as-child="" loop="" trapped=false  ... > 
  at <DialogContentImpl as=undefined forceMount=false trapFocus=false  ... > 
  at <DialogContentNonModal key=1 ref=fn<ref> forceMount=false  ... > 
  at <Presence present=true style= {position: fixed} onAnimationend=fn<onAnimationEnd>  ... > 
  at <DialogContent ref="contentRef" style= {position: fixed} onAnimationend=fn<onAnimationEnd>  ... > 
  at <DialogContent ref="contentRef" append-to=undefined class="left-0 right-0 top-[10vh] mx-auto flex max-h-[80%] flex-col p-0 sm:rounded-[var(--radius)] w-[900px] border border-border duration-300"  ... > 
  at <DialogRoot modal=false open=true onUpdate:open=fn > 
  at <Dialog modal=false open=true onUpdate:open=fn > 
  at <Modal modalApi= ModalApi > 
  at <VbenModal> 
  at <Page auto-content-height="" > 
  at <ApiTestingTestStep > 
  at <ApiTestingTestStep onVnodeUnmounted=fn<onVnodeUnmounted> ref=Ref< Proxy(Object) > key="/plugins/teststep" > 
  at <KeepAlive key=0 exclude= [] include= [ApiTesting, ApiTestingTestReportDetail, ApiTestingDashboard, ApiTestingVariable, ApiTestingBatchReport, ApiTestingTestCase, ApiTestingExecutionStream, ApiTestingTestStep, ApiTestingTestReport, ApiTestingProject, ApiTestingEnvironment, ApiTestingTestSuite, Dashboard, Analytics] > 
  at <BaseTransition mode="out-in" appear=true persisted=false  ... > 
  at <Transition key=0 name="fade-slide" appear=""  ... > 
  at <RouterView> 
  at <LayoutContent> 
  at <LayoutContent id="__vben_main_content" content-compact="wide" content-compact-width=1200  ... > 
  at <VbenLayout sidebar-extra-visible=true onUpdate:sidebarExtraVisible=fn content-compact="wide"  ... > 
  at <BasicLayout onClearPreferencesAndLogout=fn<handleLogout> > 
  at <Basic onVnodeUnmounted=fn<onVnodeUnmounted> ref=Ref< Proxy(Object) > > 
  at <RouterView> 
  at <Anonymous message= {} notification= {} > 
  at <AApp> 
  at <LocaleProvider locale= {locale: zh-cn, Pagination: Object, DatePicker: Object, TimePicker: Object, Calendar: Object} _ANT_MARK__="internalMark" > 
  at <Anonymous prefixCls="anticon" csp=undefined layer=undefined > 
  at <Anonymous value= {override: Object, hashed: false, theme: Theme, token: Object, components: Object} > 
  at <Anonymous parentContext= {getPrefixCls: , iconPrefixCls: anticon} locale= {locale: zh-cn, Pagination: Object, DatePicker: Object, TimePicker: Object, Calendar: Object} theme= {algorithm: Array(1), token: Proxy(Object)}  ... > 
  at <AConfigProvider locale= {locale: zh-cn, Pagination: Object, DatePicker: Object, TimePicker: Object, Calendar: Object} theme= {algorithm: Array(1), token: Proxy(Object)} > 
  at <App> @ http://localhost:5173/node_modules/.vite/deps/chunk-NUZEDWKZ.js?v=eff7922a:1936
[24159791ms] [WARNING] [Vue warn]: Vue received a Component that was made a reactive object. This can lead to unnecessary performance overhead and should be avoided by marking the component with `markRaw` or using `shallowRef` instead of `ref`. 
Component that was made reactive:  {__name: StructuredJsonEditor, props: Object, emits: Array(3), setup: , __hmrId: 4739857a} 
  at <PrimitiveSlot id="v-157-form-item" aria-describedby="v-157-form-item-description" aria-invalid=false  ... > 
  at <FormControl class="" > 
  at <FormItem class="flex-row items-center pb-4 relative flex flex-shrink-0" > 
  at <Field key=0 keepValue=true label="SQL查询"  ... > 
  at <FormField ref_for=true colon=false disabled=undefined  ... > 
  at <Form onKeydown=fn formApi= FormApi actionButtonsReverse=undefined  ... > 
  at <VbenUseForm formApi= FormApi > 
  at <VbenUseForm> 
  at <Primitive ref=fn<forwardRef> as-child=false as=undefined  ... > 
  at <DismissableLayer tabindex="-1" onKeydown=fn<handleKeyDown> style= {position: fixed}  ... > 
  at <PrimitiveSlot tabindex="-1" onKeydown=fn<handleKeyDown> style= {position: fixed}  ... > 
  at <Primitive ref_key="currentRef" ref=Ref< Proxy(Object) > tabindex="-1"  ... > 
  at <FocusScope as-child="" loop="" trapped=false  ... > 
  at <DialogContentImpl as=undefined forceMount=false trapFocus=false  ... > 
  at <DialogContentNonModal key=1 ref=fn<ref> forceMount=false  ... > 
  at <Presence present=true style= {position: fixed} onAnimationend=fn<onAnimationEnd>  ... > 
  at <DialogContent ref="contentRef" style= {position: fixed} onAnimationend=fn<onAnimationEnd>  ... > 
  at <DialogContent ref="contentRef" append-to=undefined class="left-0 right-0 top-[10vh] mx-auto flex max-h-[80%] flex-col p-0 sm:rounded-[var(--radius)] w-[900px] border border-border duration-300"  ... > 
  at <DialogRoot modal=false open=true onUpdate:open=fn > 
  at <Dialog modal=false open=true onUpdate:open=fn > 
  at <Modal modalApi= ModalApi > 
  at <VbenModal> 
  at <Page auto-content-height="" > 
  at <ApiTestingTestStep > 
  at <ApiTestingTestStep onVnodeUnmounted=fn<onVnodeUnmounted> ref=Ref< Proxy(Object) > key="/plugins/teststep" > 
  at <KeepAlive key=0 exclude= [] include= [ApiTesting, ApiTestingTestReportDetail, ApiTestingDashboard, ApiTestingVariable, ApiTestingBatchReport, ApiTestingTestCase, ApiTestingExecutionStream, ApiTestingTestStep, ApiTestingTestReport, ApiTestingProject, ApiTestingEnvironment, ApiTestingTestSuite, Dashboard, Analytics] > 
  at <BaseTransition mode="out-in" appear=true persisted=false  ... > 
  at <Transition key=0 name="fade-slide" appear=""  ... > 
  at <RouterView> 
  at <LayoutContent> 
  at <LayoutContent id="__vben_main_content" content-compact="wide" content-compact-width=1200  ... > 
  at <VbenLayout sidebar-extra-visible=true onUpdate:sidebarExtraVisible=fn content-compact="wide"  ... > 
  at <BasicLayout onClearPreferencesAndLogout=fn<handleLogout> > 
  at <Basic onVnodeUnmounted=fn<onVnodeUnmounted> ref=Ref< Proxy(Object) > > 
  at <RouterView> 
  at <Anonymous message= {} notification= {} > 
  at <AApp> 
  at <LocaleProvider locale= {locale: zh-cn, Pagination: Object, DatePicker: Object, TimePicker: Object, Calendar: Object} _ANT_MARK__="internalMark" > 
  at <Anonymous prefixCls="anticon" csp=undefined layer=undefined > 
  at <Anonymous value= {override: Object, hashed: false, theme: Theme, token: Object, components: Object} > 
  at <Anonymous parentContext= {getPrefixCls: , iconPrefixCls: anticon} locale= {locale: zh-cn, Pagination: Object, DatePicker: Object, TimePicker: Object, Calendar: Object} theme= {algorithm: Array(1), token: Proxy(Object)}  ... > 
  at <AConfigProvider locale= {locale: zh-cn, Pagination: Object, DatePicker: Object, TimePicker: Object, Calendar: Object} theme= {algorithm: Array(1), token: Proxy(Object)} > 
  at <App> @ http://localhost:5173/node_modules/.vite/deps/chunk-NUZEDWKZ.js?v=eff7922a:1936
[24159844ms] [WARNING] [Vue warn]: Vue received a Component that was made a reactive object. This can lead to unnecessary performance overhead and should be avoided by marking the component with `markRaw` or using `shallowRef` instead of `ref`. 
Component that was made reactive:  {__name: StructuredJsonEditor, props: Object, emits: Array(3), setup: , __hmrId: 4739857a} 
  at <PrimitiveSlot id="v-143-form-item" aria-describedby="v-143-form-item-description" aria-invalid=false  ... > 
  at <FormControl class="" > 
  at <FormItem class="flex-row items-center pb-4 relative flex flex-shrink-0" > 
  at <Field key=0 keepValue=true label="查询参数"  ... > 
  at <FormField ref_for=true colon=false disabled=undefined  ... > 
  at <Form onKeydown=fn formApi= FormApi actionButtonsReverse=undefined  ... > 
  at <VbenUseForm formApi= FormApi > 
  at <VbenUseForm> 
  at <Primitive ref=fn<forwardRef> as-child=false as=undefined  ... > 
  at <DismissableLayer tabindex="-1" onKeydown=fn<handleKeyDown> style= {position: fixed}  ... > 
  at <PrimitiveSlot tabindex="-1" onKeydown=fn<handleKeyDown> style= {position: fixed}  ... > 
  at <Primitive ref_key="currentRef" ref=Ref< Proxy(Object) > tabindex="-1"  ... > 
  at <FocusScope as-child="" loop="" trapped=false  ... > 
  at <DialogContentImpl as=undefined forceMount=false trapFocus=false  ... > 
  at <DialogContentNonModal key=1 ref=fn<ref> forceMount=false  ... > 
  at <Presence present=true style= {position: fixed} onAnimationend=fn<onAnimationEnd>  ... > 
  at <DialogContent ref="contentRef" style= {position: fixed} onAnimationend=fn<onAnimationEnd>  ... > 
  at <DialogContent ref="contentRef" append-to=undefined class="left-0 right-0 top-[10vh] mx-auto flex max-h-[80%] flex-col p-0 sm:rounded-[var(--radius)] w-[900px] border border-border duration-300"  ... > 
  at <DialogRoot modal=false open=true onUpdate:open=fn > 
  at <Dialog modal=false open=true onUpdate:open=fn > 
  at <Modal modalApi= ModalApi > 
  at <VbenModal> 
  at <Page auto-content-height="" > 
  at <ApiTestingTestStep > 
  at <ApiTestingTestStep onVnodeUnmounted=fn<onVnodeUnmounted> ref=Ref< Proxy(Object) > key="/plugins/teststep" > 
  at <KeepAlive key=0 exclude= [] include= [ApiTesting, ApiTestingTestReportDetail, ApiTestingDashboard, ApiTestingVariable, ApiTestingBatchReport, ApiTestingTestCase, ApiTestingExecutionStream, ApiTestingTestStep, ApiTestingTestReport, ApiTestingProject, ApiTestingEnvironment, ApiTestingTestSuite, Dashboard, Analytics] > 
  at <BaseTransition mode="out-in" appear=true persisted=false  ... > 
  at <Transition key=0 name="fade-slide" appear=""  ... > 
  at <RouterView> 
  at <LayoutContent> 
  at <LayoutContent id="__vben_main_content" content-compact="wide" content-compact-width=1200  ... > 
  at <VbenLayout sidebar-extra-visible=true onUpdate:sidebarExtraVisible=fn content-compact="wide"  ... > 
  at <BasicLayout onClearPreferencesAndLogout=fn<handleLogout> > 
  at <Basic onVnodeUnmounted=fn<onVnodeUnmounted> ref=Ref< Proxy(Object) > > 
  at <RouterView> 
  at <Anonymous message= {} notification= {} > 
  at <AApp> 
  at <LocaleProvider locale= {locale: zh-cn, Pagination: Object, DatePicker: Object, TimePicker: Object, Calendar: Object} _ANT_MARK__="internalMark" > 
  at <Anonymous prefixCls="anticon" csp=undefined layer=undefined > 
  at <Anonymous value= {override: Object, hashed: false, theme: Theme, token: Object, components: Object} > 
  at <Anonymous parentContext= {getPrefixCls: , iconPrefixCls: anticon} locale= {locale: zh-cn, Pagination: Object, DatePicker: Object, TimePicker: Object, Calendar: Object} theme= {algorithm: Array(1), token: Proxy(Object)}  ... > 
  at <AConfigProvider locale= {locale: zh-cn, Pagination: Object, DatePicker: Object, TimePicker: Object, Calendar: Object} theme= {algorithm: Array(1), token: Proxy(Object)} > 
  at <App> @ http://localhost:5173/node_modules/.vite/deps/chunk-NUZEDWKZ.js?v=eff7922a:1936
[24159848ms] [WARNING] [Vue warn]: Vue received a Component that was made a reactive object. This can lead to unnecessary performance overhead and should be avoided by marking the component with `markRaw` or using `shallowRef` instead of `ref`. 
Component that was made reactive:  {__name: StructuredJsonEditor, props: Object, emits: Array(3), setup: , __hmrId: 4739857a} 
  at <PrimitiveSlot id="v-153-form-item" aria-describedby="v-153-form-item-description" aria-invalid=false  ... > 
  at <FormControl class="" > 
  at <FormItem class="flex-row items-center pb-4 relative flex flex-shrink-0" > 
  at <Field key=0 keepValue=true label="变量提取"  ... > 
  at <FormField ref_for=true colon=false disabled=undefined  ... > 
  at <Form onKeydown=fn formApi= FormApi actionButtonsReverse=undefined  ... > 
  at <VbenUseForm formApi= FormApi > 
  at <VbenUseForm> 
  at <Primitive ref=fn<forwardRef> as-child=false as=undefined  ... > 
  at <DismissableLayer tabindex="-1" onKeydown=fn<handleKeyDown> style= {position: fixed}  ... > 
  at <PrimitiveSlot tabindex="-1" onKeydown=fn<handleKeyDown> style= {position: fixed}  ... > 
  at <Primitive ref_key="currentRef" ref=Ref< Proxy(Object) > tabindex="-1"  ... > 
  at <FocusScope as-child="" loop="" trapped=false  ... > 
  at <DialogContentImpl as=undefined forceMount=false trapFocus=false  ... > 
  at <DialogContentNonModal key=1 ref=fn<ref> forceMount=false  ... > 
  at <Presence present=true style= {position: fixed} onAnimationend=fn<onAnimationEnd>  ... > 
  at <DialogContent ref="contentRef" style= {position: fixed} onAnimationend=fn<onAnimationEnd>  ... > 
  at <DialogContent ref="contentRef" append-to=undefined class="left-0 right-0 top-[10vh] mx-auto flex max-h-[80%] flex-col p-0 sm:rounded-[var(--radius)] w-[900px] border border-border duration-300"  ... > 
  at <DialogRoot modal=false open=true onUpdate:open=fn > 
  at <Dialog modal=false open=true onUpdate:open=fn > 
  at <Modal modalApi= ModalApi > 
  at <VbenModal> 
  at <Page auto-content-height="" > 
  at <ApiTestingTestStep > 
  at <ApiTestingTestStep onVnodeUnmounted=fn<onVnodeUnmounted> ref=Ref< Proxy(Object) > key="/plugins/teststep" > 
  at <KeepAlive key=0 exclude= [] include= [ApiTesting, ApiTestingTestReportDetail, ApiTestingDashboard, ApiTestingVariable, ApiTestingBatchReport, ApiTestingTestCase, ApiTestingExecutionStream, ApiTestingTestStep, ApiTestingTestReport, ApiTestingProject, ApiTestingEnvironment, ApiTestingTestSuite, Dashboard, Analytics] > 
  at <BaseTransition mode="out-in" appear=true persisted=false  ... > 
  at <Transition key=0 name="fade-slide" appear=""  ... > 
  at <RouterView> 
  at <LayoutContent> 
  at <LayoutContent id="__vben_main_content" content-compact="wide" content-compact-width=1200  ... > 
  at <VbenLayout sidebar-extra-visible=true onUpdate:sidebarExtraVisible=fn content-compact="wide"  ... > 
  at <BasicLayout onClearPreferencesAndLogout=fn<handleLogout> > 
  at <Basic onVnodeUnmounted=fn<onVnodeUnmounted> ref=Ref< Proxy(Object) > > 
  at <RouterView> 
  at <Anonymous message= {} notification= {} > 
  at <AApp> 
  at <LocaleProvider locale= {locale: zh-cn, Pagination: Object, DatePicker: Object, TimePicker: Object, Calendar: Object} _ANT_MARK__="internalMark" > 
  at <Anonymous prefixCls="anticon" csp=undefined layer=undefined > 
  at <Anonymous value= {override: Object, hashed: false, theme: Theme, token: Object, components: Object} > 
  at <Anonymous parentContext= {getPrefixCls: , iconPrefixCls: anticon} locale= {locale: zh-cn, Pagination: Object, DatePicker: Object, TimePicker: Object, Calendar: Object} theme= {algorithm: Array(1), token: Proxy(Object)}  ... > 
  at <AConfigProvider locale= {locale: zh-cn, Pagination: Object, DatePicker: Object, TimePicker: Object, Calendar: Object} theme= {algorithm: Array(1), token: Proxy(Object)} > 
  at <App> @ http://localhost:5173/node_modules/.vite/deps/chunk-NUZEDWKZ.js?v=eff7922a:1936
[24159853ms] [WARNING] [Vue warn]: Vue received a Component that was made a reactive object. This can lead to unnecessary performance overhead and should be avoided by marking the component with `markRaw` or using `shallowRef` instead of `ref`. 
Component that was made reactive:  {__name: StructuredJsonEditor, props: Object, emits: Array(3), setup: , __hmrId: 4739857a} 
  at <PrimitiveSlot id="v-155-form-item" aria-describedby="v-155-form-item-description" aria-invalid=false  ... > 
  at <FormControl class="" > 
  at <FormItem class="flex-row items-center pb-4 relative flex flex-shrink-0" > 
  at <Field key=0 keepValue=true label="断言规则"  ... > 
  at <FormField ref_for=true colon=false disabled=undefined  ... > 
  at <Form onKeydown=fn formApi= FormApi actionButtonsReverse=undefined  ... > 
  at <VbenUseForm formApi= FormApi > 
  at <VbenUseForm> 
  at <Primitive ref=fn<forwardRef> as-child=false as=undefined  ... > 
  at <DismissableLayer tabindex="-1" onKeydown=fn<handleKeyDown> style= {position: fixed}  ... > 
  at <PrimitiveSlot tabindex="-1" onKeydown=fn<handleKeyDown> style= {position: fixed}  ... > 
  at <Primitive ref_key="currentRef" ref=Ref< Proxy(Object) > tabindex="-1"  ... > 
  at <FocusScope as-child="" loop="" trapped=false  ... > 
  at <DialogContentImpl as=undefined forceMount=false trapFocus=false  ... > 
  at <DialogContentNonModal key=1 ref=fn<ref> forceMount=false  ... > 
  at <Presence present=true style= {position: fixed} onAnimationend=fn<onAnimationEnd>  ... > 
  at <DialogContent ref="contentRef" style= {position: fixed} onAnimationend=fn<onAnimationEnd>  ... > 
  at <DialogContent ref="contentRef" append-to=undefined class="left-0 right-0 top-[10vh] mx-auto flex max-h-[80%] flex-col p-0 sm:rounded-[var(--radius)] w-[900px] border border-border duration-300"  ... > 
  at <DialogRoot modal=false open=true onUpdate:open=fn > 
  at <Dialog modal=false open=true onUpdate:open=fn > 
  at <Modal modalApi= ModalApi > 
  at <VbenModal> 
  at <Page auto-content-height="" > 
  at <ApiTestingTestStep > 
  at <ApiTestingTestStep onVnodeUnmounted=fn<onVnodeUnmounted> ref=Ref< Proxy(Object) > key="/plugins/teststep" > 
  at <KeepAlive key=0 exclude= [] include= [ApiTesting, ApiTestingTestReportDetail, ApiTestingDashboard, ApiTestingVariable, ApiTestingBatchReport, ApiTestingTestCase, ApiTestingExecutionStream, ApiTestingTestStep, ApiTestingTestReport, ApiTestingProject, ApiTestingEnvironment, ApiTestingTestSuite, Dashboard, Analytics] > 
  at <BaseTransition mode="out-in" appear=true persisted=false  ... > 
  at <Transition key=0 name="fade-slide" appear=""  ... > 
  at <RouterView> 
  at <LayoutContent> 
  at <LayoutContent id="__vben_main_content" content-compact="wide" content-compact-width=1200  ... > 
  at <VbenLayout sidebar-extra-visible=true onUpdate:sidebarExtraVisible=fn content-compact="wide"  ... > 
  at <BasicLayout onClearPreferencesAndLogout=fn<handleLogout> > 
  at <Basic onVnodeUnmounted=fn<onVnodeUnmounted> ref=Ref< Proxy(Object) > > 
  at <RouterView> 
  at <Anonymous message= {} notification= {} > 
  at <AApp> 
  at <LocaleProvider locale= {locale: zh-cn, Pagination: Object, DatePicker: Object, TimePicker: Object, Calendar: Object} _ANT_MARK__="internalMark" > 
  at <Anonymous prefixCls="anticon" csp=undefined layer=undefined > 
  at <Anonymous value= {override: Object, hashed: false, theme: Theme, token: Object, components: Object} > 
  at <Anonymous parentContext= {getPrefixCls: , iconPrefixCls: anticon} locale= {locale: zh-cn, Pagination: Object, DatePicker: Object, TimePicker: Object, Calendar: Object} theme= {algorithm: Array(1), token: Proxy(Object)}  ... > 
  at <AConfigProvider locale= {locale: zh-cn, Pagination: Object, DatePicker: Object, TimePicker: Object, Calendar: Object} theme= {algorithm: Array(1), token: Proxy(Object)} > 
  at <App> @ http://localhost:5173/node_modules/.vite/deps/chunk-NUZEDWKZ.js?v=eff7922a:1936
[24159858ms] [WARNING] [Vue warn]: Vue received a Component that was made a reactive object. This can lead to unnecessary performance overhead and should be avoided by marking the component with `markRaw` or using `shallowRef` instead of `ref`. 
Component that was made reactive:  {__name: StructuredJsonEditor, props: Object, emits: Array(3), setup: , __hmrId: 4739857a} 
  at <PrimitiveSlot id="v-157-form-item" aria-describedby="v-157-form-item-description" aria-invalid=false  ... > 
  at <FormControl class="" > 
  at <FormItem class="flex-row items-center pb-4 relative flex flex-shrink-0" > 
  at <Field key=0 keepValue=true label="SQL查询"  ... > 
  at <FormField ref_for=true colon=false disabled=undefined  ... > 
  at <Form onKeydown=fn formApi= FormApi actionButtonsReverse=undefined  ... > 
  at <VbenUseForm formApi= FormApi > 
  at <VbenUseForm> 
  at <Primitive ref=fn<forwardRef> as-child=false as=undefined  ... > 
  at <DismissableLayer tabindex="-1" onKeydown=fn<handleKeyDown> style= {position: fixed}  ... > 
  at <PrimitiveSlot tabindex="-1" onKeydown=fn<handleKeyDown> style= {position: fixed}  ... > 
  at <Primitive ref_key="currentRef" ref=Ref< Proxy(Object) > tabindex="-1"  ... > 
  at <FocusScope as-child="" loop="" trapped=false  ... > 
  at <DialogContentImpl as=undefined forceMount=false trapFocus=false  ... > 
  at <DialogContentNonModal key=1 ref=fn<ref> forceMount=false  ... > 
  at <Presence present=true style= {position: fixed} onAnimationend=fn<onAnimationEnd>  ... > 
  at <DialogContent ref="contentRef" style= {position: fixed} onAnimationend=fn<onAnimationEnd>  ... > 
  at <DialogContent ref="contentRef" append-to=undefined class="left-0 right-0 top-[10vh] mx-auto flex max-h-[80%] flex-col p-0 sm:rounded-[var(--radius)] w-[900px] border border-border duration-300"  ... > 
  at <DialogRoot modal=false open=true onUpdate:open=fn > 
  at <Dialog modal=false open=true onUpdate:open=fn > 
  at <Modal modalApi= ModalApi > 
  at <VbenModal> 
  at <Page auto-content-height="" > 
  at <ApiTestingTestStep > 
  at <ApiTestingTestStep onVnodeUnmounted=fn<onVnodeUnmounted> ref=Ref< Proxy(Object) > key="/plugins/teststep" > 
  at <KeepAlive key=0 exclude= [] include= [ApiTesting, ApiTestingTestReportDetail, ApiTestingDashboard, ApiTestingVariable, ApiTestingBatchReport, ApiTestingTestCase, ApiTestingExecutionStream, ApiTestingTestStep, ApiTestingTestReport, ApiTestingProject, ApiTestingEnvironment, ApiTestingTestSuite, Dashboard, Analytics] > 
  at <BaseTransition mode="out-in" appear=true persisted=false  ... > 
  at <Transition key=0 name="fade-slide" appear=""  ... > 
  at <RouterView> 
  at <LayoutContent> 
  at <LayoutContent id="__vben_main_content" content-compact="wide" content-compact-width=1200  ... > 
  at <VbenLayout sidebar-extra-visible=true onUpdate:sidebarExtraVisible=fn content-compact="wide"  ... > 
  at <BasicLayout onClearPreferencesAndLogout=fn<handleLogout> > 
  at <Basic onVnodeUnmounted=fn<onVnodeUnmounted> ref=Ref< Proxy(Object) > > 
  at <RouterView> 
  at <Anonymous message= {} notification= {} > 
  at <AApp> 
  at <LocaleProvider locale= {locale: zh-cn, Pagination: Object, DatePicker: Object, TimePicker: Object, Calendar: Object} _ANT_MARK__="internalMark" > 
  at <Anonymous prefixCls="anticon" csp=undefined layer=undefined > 
  at <Anonymous value= {override: Object, hashed: false, theme: Theme, token: Object, components: Object} > 
  at <Anonymous parentContext= {getPrefixCls: , iconPrefixCls: anticon} locale= {locale: zh-cn, Pagination: Object, DatePicker: Object, TimePicker: Object, Calendar: Object} theme= {algorithm: Array(1), token: Proxy(Object)}  ... > 
  at <AConfigProvider locale= {locale: zh-cn, Pagination: Object, DatePicker: Object, TimePicker: Object, Calendar: Object} theme= {algorithm: Array(1), token: Proxy(Object)} > 
  at <App> @ http://localhost:5173/node_modules/.vite/deps/chunk-NUZEDWKZ.js?v=eff7922a:1936
[24170373ms] [WARNING] [Vue warn]: Vue received a Component that was made a reactive object. This can lead to unnecessary performance overhead and should be avoided by marking the component with `markRaw` or using `shallowRef` instead of `ref`. 
Component that was made reactive:  {__name: StructuredJsonEditor, props: Object, emits: Array(3), setup: , __hmrId: 4739857a} 
  at <PrimitiveSlot id="v-141-form-item" aria-describedby="v-141-form-item-description" aria-invalid=false  ... > 
  at <FormControl class="" > 
  at <FormItem class="flex-row items-center pb-4 relative flex flex-shrink-0" > 
  at <Field key=0 keepValue=true label="请求头"  ... > 
  at <FormField ref_for=true colon=false disabled=undefined  ... > 
  at <Form onKeydown=fn formApi= FormApi actionButtonsReverse=undefined  ... > 
  at <VbenUseForm formApi= FormApi > 
  at <VbenUseForm> 
  at <Primitive ref=fn<forwardRef> as-child=false as=undefined  ... > 
  at <DismissableLayer tabindex="-1" onKeydown=fn<handleKeyDown> style= {position: fixed}  ... > 
  at <PrimitiveSlot tabindex="-1" onKeydown=fn<handleKeyDown> style= {position: fixed}  ... > 
  at <Primitive ref_key="currentRef" ref=Ref< Proxy(Object) > tabindex="-1"  ... > 
  at <FocusScope as-child="" loop="" trapped=false  ... > 
  at <DialogContentImpl as=undefined forceMount=false trapFocus=false  ... > 
  at <DialogContentNonModal key=1 ref=fn<ref> forceMount=false  ... > 
  at <Presence present=false style= {position: fixed} onAnimationend=fn<onAnimationEnd>  ... > 
  at <DialogContent ref="contentRef" style= {position: fixed} onAnimationend=fn<onAnimationEnd>  ... > 
  at <DialogContent ref="contentRef" append-to=undefined class="left-0 right-0 top-[10vh] mx-auto flex max-h-[80%] flex-col p-0 sm:rounded-[var(--radius)] w-[900px] border border-border duration-300"  ... > 
  at <DialogRoot modal=false open=false onUpdate:open=fn > 
  at <Dialog modal=false open=false onUpdate:open=fn > 
  at <Modal modalApi= ModalApi > 
  at <VbenModal> 
  at <Page auto-content-height="" > 
  at <ApiTestingTestStep > 
  at <ApiTestingTestStep onVnodeUnmounted=fn<onVnodeUnmounted> ref=Ref< Proxy(Object) > key="/plugins/teststep" > 
  at <KeepAlive key=0 exclude= [] include= [ApiTesting, ApiTestingTestReportDetail, ApiTestingDashboard, ApiTestingVariable, ApiTestingBatchReport, ApiTestingTestCase, ApiTestingExecutionStream, ApiTestingTestStep, ApiTestingTestReport, ApiTestingProject, ApiTestingEnvironment, ApiTestingTestSuite, Dashboard, Analytics] > 
  at <BaseTransition mode="out-in" appear=true persisted=false  ... > 
  at <Transition key=0 name="fade-slide" appear=""  ... > 
  at <RouterView> 
  at <LayoutContent> 
  at <LayoutContent id="__vben_main_content" content-compact="wide" content-compact-width=1200  ... > 
  at <VbenLayout sidebar-extra-visible=true onUpdate:sidebarExtraVisible=fn content-compact="wide"  ... > 
  at <BasicLayout onClearPreferencesAndLogout=fn<handleLogout> > 
  at <Basic onVnodeUnmounted=fn<onVnodeUnmounted> ref=Ref< Proxy(Object) > > 
  at <RouterView> 
  at <Anonymous message= {} notification= {} > 
  at <AApp> 
  at <LocaleProvider locale= {locale: zh-cn, Pagination: Object, DatePicker: Object, TimePicker: Object, Calendar: Object} _ANT_MARK__="internalMark" > 
  at <Anonymous prefixCls="anticon" csp=undefined layer=undefined > 
  at <Anonymous value= {override: Object, hashed: false, theme: Theme, token: Object, components: Object} > 
  at <Anonymous parentContext= {getPrefixCls: , iconPrefixCls: anticon} locale= {locale: zh-cn, Pagination: Object, DatePicker: Object, TimePicker: Object, Calendar: Object} theme= {algorithm: Array(1), token: Proxy(Object)}  ... > 
  at <AConfigProvider locale= {locale: zh-cn, Pagination: Object, DatePicker: Object, TimePicker: Object, Calendar: Object} theme= {algorithm: Array(1), token: Proxy(Object)} > 
  at <App> @ http://localhost:5173/node_modules/.vite/deps/chunk-NUZEDWKZ.js?v=eff7922a:1936
[24170377ms] [WARNING] [Vue warn]: Vue received a Component that was made a reactive object. This can lead to unnecessary performance overhead and should be avoided by marking the component with `markRaw` or using `shallowRef` instead of `ref`. 
Component that was made reactive:  {__name: StructuredJsonEditor, props: Object, emits: Array(3), setup: , __hmrId: 4739857a} 
  at <PrimitiveSlot id="v-143-form-item" aria-describedby="v-143-form-item-description" aria-invalid=false  ... > 
  at <FormControl class="" > 
  at <FormItem class="flex-row items-center pb-4 relative flex flex-shrink-0" > 
  at <Field key=0 keepValue=true label="查询参数"  ... > 
  at <FormField ref_for=true colon=false disabled=undefined  ... > 
  at <Form onKeydown=fn formApi= FormApi actionButtonsReverse=undefined  ... > 
  at <VbenUseForm formApi= FormApi > 
  at <VbenUseForm> 
  at <Primitive ref=fn<forwardRef> as-child=false as=undefined  ... > 
  at <DismissableLayer tabindex="-1" onKeydown=fn<handleKeyDown> style= {position: fixed}  ... > 
  at <PrimitiveSlot tabindex="-1" onKeydown=fn<handleKeyDown> style= {position: fixed}  ... > 
  at <Primitive ref_key="currentRef" ref=Ref< Proxy(Object) > tabindex="-1"  ... > 
  at <FocusScope as-child="" loop="" trapped=false  ... > 
  at <DialogContentImpl as=undefined forceMount=false trapFocus=false  ... > 
  at <DialogContentNonModal key=1 ref=fn<ref> forceMount=false  ... > 
  at <Presence present=false style= {position: fixed} onAnimationend=fn<onAnimationEnd>  ... > 
  at <DialogContent ref="contentRef" style= {position: fixed} onAnimationend=fn<onAnimationEnd>  ... > 
  at <DialogContent ref="contentRef" append-to=undefined class="left-0 right-0 top-[10vh] mx-auto flex max-h-[80%] flex-col p-0 sm:rounded-[var(--radius)] w-[900px] border border-border duration-300"  ... > 
  at <DialogRoot modal=false open=false onUpdate:open=fn > 
  at <Dialog modal=false open=false onUpdate:open=fn > 
  at <Modal modalApi= ModalApi > 
  at <VbenModal> 
  at <Page auto-content-height="" > 
  at <ApiTestingTestStep > 
  at <ApiTestingTestStep onVnodeUnmounted=fn<onVnodeUnmounted> ref=Ref< Proxy(Object) > key="/plugins/teststep" > 
  at <KeepAlive key=0 exclude= [] include= [ApiTesting, ApiTestingTestReportDetail, ApiTestingDashboard, ApiTestingVariable, ApiTestingBatchReport, ApiTestingTestCase, ApiTestingExecutionStream, ApiTestingTestStep, ApiTestingTestReport, ApiTestingProject, ApiTestingEnvironment, ApiTestingTestSuite, Dashboard, Analytics] > 
  at <BaseTransition mode="out-in" appear=true persisted=false  ... > 
  at <Transition key=0 name="fade-slide" appear=""  ... > 
  at <RouterView> 
  at <LayoutContent> 
  at <LayoutContent id="__vben_main_content" content-compact="wide" content-compact-width=1200  ... > 
  at <VbenLayout sidebar-extra-visible=true onUpdate:sidebarExtraVisible=fn content-compact="wide"  ... > 
  at <BasicLayout onClearPreferencesAndLogout=fn<handleLogout> > 
  at <Basic onVnodeUnmounted=fn<onVnodeUnmounted> ref=Ref< Proxy(Object) > > 
  at <RouterView> 
  at <Anonymous message= {} notification= {} > 
  at <AApp> 
  at <LocaleProvider locale= {locale: zh-cn, Pagination: Object, DatePicker: Object, TimePicker: Object, Calendar: Object} _ANT_MARK__="internalMark" > 
  at <Anonymous prefixCls="anticon" csp=undefined layer=undefined > 
  at <Anonymous value= {override: Object, hashed: false, theme: Theme, token: Object, components: Object} > 
  at <Anonymous parentContext= {getPrefixCls: , iconPrefixCls: anticon} locale= {locale: zh-cn, Pagination: Object, DatePicker: Object, TimePicker: Object, Calendar: Object} theme= {algorithm: Array(1), token: Proxy(Object)}  ... > 
  at <AConfigProvider locale= {locale: zh-cn, Pagination: Object, DatePicker: Object, TimePicker: Object, Calendar: Object} theme= {algorithm: Array(1), token: Proxy(Object)} > 
  at <App> @ http://localhost:5173/node_modules/.vite/deps/chunk-NUZEDWKZ.js?v=eff7922a:1936
[24170388ms] [WARNING] [Vue warn]: Vue received a Component that was made a reactive object. This can lead to unnecessary performance overhead and should be avoided by marking the component with `markRaw` or using `shallowRef` instead of `ref`. 
Component that was made reactive:  {__name: StructuredJsonEditor, props: Object, emits: Array(3), setup: , __hmrId: 4739857a} 
  at <PrimitiveSlot id="v-143-form-item" aria-describedby="v-143-form-item-description" aria-invalid=false  ... > 
  at <FormControl class="" > 
  at <FormItem class="flex-row items-center pb-4 relative flex flex-shrink-0" > 
  at <Field key=0 keepValue=true label="查询参数"  ... > 
  at <FormField ref_for=true colon=false disabled=undefined  ... > 
  at <Form onKeydown=fn formApi= FormApi actionButtonsReverse=undefined  ... > 
  at <VbenUseForm formApi= FormApi > 
  at <VbenUseForm> 
  at <Primitive ref=fn<forwardRef> as-child=false as=undefined  ... > 
  at <DismissableLayer tabindex="-1" onKeydown=fn<handleKeyDown> style= {position: fixed}  ... > 
  at <PrimitiveSlot tabindex="-1" onKeydown=fn<handleKeyDown> style= {position: fixed}  ... > 
  at <Primitive ref_key="currentRef" ref=Ref< Proxy(Object) > tabindex="-1"  ... > 
  at <FocusScope as-child="" loop="" trapped=false  ... > 
  at <DialogContentImpl as=undefined forceMount=false trapFocus=false  ... > 
  at <DialogContentNonModal key=1 ref=fn<ref> forceMount=false  ... > 
  at <Presence present=false style= {position: fixed} onAnimationend=fn<onAnimationEnd>  ... > 
  at <DialogContent ref="contentRef" style= {position: fixed} onAnimationend=fn<onAnimationEnd>  ... > 
  at <DialogContent ref="contentRef" append-to=undefined class="left-0 right-0 top-[10vh] mx-auto flex max-h-[80%] flex-col p-0 sm:rounded-[var(--radius)] w-[900px] border border-border duration-300"  ... > 
  at <DialogRoot modal=false open=false onUpdate:open=fn > 
  at <Dialog modal=false open=false onUpdate:open=fn > 
  at <Modal modalApi= ModalApi > 
  at <VbenModal> 
  at <Page auto-content-height="" > 
  at <ApiTestingTestStep > 
  at <ApiTestingTestStep onVnodeUnmounted=fn<onVnodeUnmounted> ref=Ref< Proxy(Object) > key="/plugins/teststep" > 
  at <KeepAlive key=0 exclude= [] include= [ApiTesting, ApiTestingTestReportDetail, ApiTestingDashboard, ApiTestingVariable, ApiTestingBatchReport, ApiTestingTestCase, ApiTestingExecutionStream, ApiTestingTestStep, ApiTestingTestReport, ApiTestingProject, ApiTestingEnvironment, ApiTestingTestSuite, Dashboard, Analytics] > 
  at <BaseTransition mode="out-in" appear=true persisted=false  ... > 
  at <Transition key=0 name="fade-slide" appear=""  ... > 
  at <RouterView> 
  at <LayoutContent> 
  at <LayoutContent id="__vben_main_content" content-compact="wide" content-compact-width=1200  ... > 
  at <VbenLayout sidebar-extra-visible=true onUpdate:sidebarExtraVisible=fn content-compact="wide"  ... > 
  at <BasicLayout onClearPreferencesAndLogout=fn<handleLogout> > 
  at <Basic onVnodeUnmounted=fn<onVnodeUnmounted> ref=Ref< Proxy(Object) > > 
  at <RouterView> 
  at <Anonymous message= {} notification= {} > 
  at <AApp> 
  at <LocaleProvider locale= {locale: zh-cn, Pagination: Object, DatePicker: Object, TimePicker: Object, Calendar: Object} _ANT_MARK__="internalMark" > 
  at <Anonymous prefixCls="anticon" csp=undefined layer=undefined > 
  at <Anonymous value= {override: Object, hashed: false, theme: Theme, token: Object, components: Object} > 
  at <Anonymous parentContext= {getPrefixCls: , iconPrefixCls: anticon} locale= {locale: zh-cn, Pagination: Object, DatePicker: Object, TimePicker: Object, Calendar: Object} theme= {algorithm: Array(1), token: Proxy(Object)}  ... > 
  at <AConfigProvider locale= {locale: zh-cn, Pagination: Object, DatePicker: Object, TimePicker: Object, Calendar: Object} theme= {algorithm: Array(1), token: Proxy(Object)} > 
  at <App> @ http://localhost:5173/node_modules/.vite/deps/chunk-NUZEDWKZ.js?v=eff7922a:1936
[24170391ms] [WARNING] [Vue warn]: Vue received a Component that was made a reactive object. This can lead to unnecessary performance overhead and should be avoided by marking the component with `markRaw` or using `shallowRef` instead of `ref`. 
Component that was made reactive:  {__name: StructuredJsonEditor, props: Object, emits: Array(3), setup: , __hmrId: 4739857a} 
  at <PrimitiveSlot id="v-145-form-item" aria-describedby="v-145-form-item-description" aria-invalid=false  ... > 
  at <FormControl class="" > 
  at <FormItem class="flex-row items-center pb-4 relative flex flex-shrink-0" > 
  at <Field key=0 keepValue=true label="请求体"  ... > 
  at <FormField ref_for=true colon=false disabled=undefined  ... > 
  at <Form onKeydown=fn formApi= FormApi actionButtonsReverse=undefined  ... > 
  at <VbenUseForm formApi= FormApi > 
  at <VbenUseForm> 
  at <Primitive ref=fn<forwardRef> as-child=false as=undefined  ... > 
  at <DismissableLayer tabindex="-1" onKeydown=fn<handleKeyDown> style= {position: fixed}  ... > 
  at <PrimitiveSlot tabindex="-1" onKeydown=fn<handleKeyDown> style= {position: fixed}  ... > 
  at <Primitive ref_key="currentRef" ref=Ref< Proxy(Object) > tabindex="-1"  ... > 
  at <FocusScope as-child="" loop="" trapped=false  ... > 
  at <DialogContentImpl as=undefined forceMount=false trapFocus=false  ... > 
  at <DialogContentNonModal key=1 ref=fn<ref> forceMount=false  ... > 
  at <Presence present=false style= {position: fixed} onAnimationend=fn<onAnimationEnd>  ... > 
  at <DialogContent ref="contentRef" style= {position: fixed} onAnimationend=fn<onAnimationEnd>  ... > 
  at <DialogContent ref="contentRef" append-to=undefined class="left-0 right-0 top-[10vh] mx-auto flex max-h-[80%] flex-col p-0 sm:rounded-[var(--radius)] w-[900px] border border-border duration-300"  ... > 
  at <DialogRoot modal=false open=false onUpdate:open=fn > 
  at <Dialog modal=false open=false onUpdate:open=fn > 
  at <Modal modalApi= ModalApi > 
  at <VbenModal> 
  at <Page auto-content-height="" > 
  at <ApiTestingTestStep > 
  at <ApiTestingTestStep onVnodeUnmounted=fn<onVnodeUnmounted> ref=Ref< Proxy(Object) > key="/plugins/teststep" > 
  at <KeepAlive key=0 exclude= [] include= [ApiTesting, ApiTestingTestReportDetail, ApiTestingDashboard, ApiTestingVariable, ApiTestingBatchReport, ApiTestingTestCase, ApiTestingExecutionStream, ApiTestingTestStep, ApiTestingTestReport, ApiTestingProject, ApiTestingEnvironment, ApiTestingTestSuite, Dashboard, Analytics] > 
  at <BaseTransition mode="out-in" appear=true persisted=false  ... > 
  at <Transition key=0 name="fade-slide" appear=""  ... > 
  at <RouterView> 
  at <LayoutContent> 
  at <LayoutContent id="__vben_main_content" content-compact="wide" content-compact-width=1200  ... > 
  at <VbenLayout sidebar-extra-visible=true onUpdate:sidebarExtraVisible=fn content-compact="wide"  ... > 
  at <BasicLayout onClearPreferencesAndLogout=fn<handleLogout> > 
  at <Basic onVnodeUnmounted=fn<onVnodeUnmounted> ref=Ref< Proxy(Object) > > 
  at <RouterView> 
  at <Anonymous message= {} notification= {} > 
  at <AApp> 
  at <LocaleProvider locale= {locale: zh-cn, Pagination: Object, DatePicker: Object, TimePicker: Object, Calendar: Object} _ANT_MARK__="internalMark" > 
  at <Anonymous prefixCls="anticon" csp=undefined layer=undefined > 
  at <Anonymous value= {override: Object, hashed: false, theme: Theme, token: Object, components: Object} > 
  at <Anonymous parentContext= {getPrefixCls: , iconPrefixCls: anticon} locale= {locale: zh-cn, Pagination: Object, DatePicker: Object, TimePicker: Object, Calendar: Object} theme= {algorithm: Array(1), token: Proxy(Object)}  ... > 
  at <AConfigProvider locale= {locale: zh-cn, Pagination: Object, DatePicker: Object, TimePicker: Object, Calendar: Object} theme= {algorithm: Array(1), token: Proxy(Object)} > 
  at <App> @ http://localhost:5173/node_modules/.vite/deps/chunk-NUZEDWKZ.js?v=eff7922a:1936
[24170396ms] [WARNING] [Vue warn]: Vue received a Component that was made a reactive object. This can lead to unnecessary performance overhead and should be avoided by marking the component with `markRaw` or using `shallowRef` instead of `ref`. 
Component that was made reactive:  {__name: StructuredJsonEditor, props: Object, emits: Array(3), setup: , __hmrId: 4739857a} 
  at <PrimitiveSlot id="v-148-form-item" aria-describedby="v-148-form-item-description" aria-invalid=false  ... > 
  at <FormControl class="" > 
  at <FormItem class="flex-row items-center pb-4 relative flex flex-shrink-0" > 
  at <Field key=0 keepValue=true label="文件上传"  ... > 
  at <FormField ref_for=true colon=false disabled=undefined  ... > 
  at <Form onKeydown=fn formApi= FormApi actionButtonsReverse=undefined  ... > 
  at <VbenUseForm formApi= FormApi > 
  at <VbenUseForm> 
  at <Primitive ref=fn<forwardRef> as-child=false as=undefined  ... > 
  at <DismissableLayer tabindex="-1" onKeydown=fn<handleKeyDown> style= {position: fixed}  ... > 
  at <PrimitiveSlot tabindex="-1" onKeydown=fn<handleKeyDown> style= {position: fixed}  ... > 
  at <Primitive ref_key="currentRef" ref=Ref< Proxy(Object) > tabindex="-1"  ... > 
  at <FocusScope as-child="" loop="" trapped=false  ... > 
  at <DialogContentImpl as=undefined forceMount=false trapFocus=false  ... > 
  at <DialogContentNonModal key=1 ref=fn<ref> forceMount=false  ... > 
  at <Presence present=false style= {position: fixed} onAnimationend=fn<onAnimationEnd>  ... > 
  at <DialogContent ref="contentRef" style= {position: fixed} onAnimationend=fn<onAnimationEnd>  ... > 
  at <DialogContent ref="contentRef" append-to=undefined class="left-0 right-0 top-[10vh] mx-auto flex max-h-[80%] flex-col p-0 sm:rounded-[var(--radius)] w-[900px] border border-border duration-300"  ... > 
  at <DialogRoot modal=false open=false onUpdate:open=fn > 
  at <Dialog modal=false open=false onUpdate:open=fn > 
  at <Modal modalApi= ModalApi > 
  at <VbenModal> 
  at <Page auto-content-height="" > 
  at <ApiTestingTestStep > 
  at <ApiTestingTestStep onVnodeUnmounted=fn<onVnodeUnmounted> ref=Ref< Proxy(Object) > key="/plugins/teststep" > 
  at <KeepAlive key=0 exclude= [] include= [ApiTesting, ApiTestingTestReportDetail, ApiTestingDashboard, ApiTestingVariable, ApiTestingBatchReport, ApiTestingTestCase, ApiTestingExecutionStream, ApiTestingTestStep, ApiTestingTestReport, ApiTestingProject, ApiTestingEnvironment, ApiTestingTestSuite, Dashboard, Analytics] > 
  at <BaseTransition mode="out-in" appear=true persisted=false  ... > 
  at <Transition key=0 name="fade-slide" appear=""  ... > 
  at <RouterView> 
  at <LayoutContent> 
  at <LayoutContent id="__vben_main_content" content-compact="wide" content-compact-width=1200  ... > 
  at <VbenLayout sidebar-extra-visible=true onUpdate:sidebarExtraVisible=fn content-compact="wide"  ... > 
  at <BasicLayout onClearPreferencesAndLogout=fn<handleLogout> > 
  at <Basic onVnodeUnmounted=fn<onVnodeUnmounted> ref=Ref< Proxy(Object) > > 
  at <RouterView> 
  at <Anonymous message= {} notification= {} > 
  at <AApp> 
  at <LocaleProvider locale= {locale: zh-cn, Pagination: Object, DatePicker: Object, TimePicker: Object, Calendar: Object} _ANT_MARK__="internalMark" > 
  at <Anonymous prefixCls="anticon" csp=undefined layer=undefined > 
  at <Anonymous value= {override: Object, hashed: false, theme: Theme, token: Object, components: Object} > 
  at <Anonymous parentContext= {getPrefixCls: , iconPrefixCls: anticon} locale= {locale: zh-cn, Pagination: Object, DatePicker: Object, TimePicker: Object, Calendar: Object} theme= {algorithm: Array(1), token: Proxy(Object)}  ... > 
  at <AConfigProvider locale= {locale: zh-cn, Pagination: Object, DatePicker: Object, TimePicker: Object, Calendar: Object} theme= {algorithm: Array(1), token: Proxy(Object)} > 
  at <App> @ http://localhost:5173/node_modules/.vite/deps/chunk-NUZEDWKZ.js?v=eff7922a:1936
[24170399ms] [WARNING] [Vue warn]: Vue received a Component that was made a reactive object. This can lead to unnecessary performance overhead and should be avoided by marking the component with `markRaw` or using `shallowRef` instead of `ref`. 
Component that was made reactive:  {__name: StructuredJsonEditor, props: Object, emits: Array(3), setup: , __hmrId: 4739857a} 
  at <PrimitiveSlot id="v-150-form-item" aria-describedby="v-150-form-item-description" aria-invalid=false  ... > 
  at <FormControl class="" > 
  at <FormItem class="flex-row items-center pb-4 relative flex flex-shrink-0" > 
  at <Field key=0 keepValue=true label="认证信息"  ... > 
  at <FormField ref_for=true colon=false disabled=undefined  ... > 
  at <Form onKeydown=fn formApi= FormApi actionButtonsReverse=undefined  ... > 
  at <VbenUseForm formApi= FormApi > 
  at <VbenUseForm> 
  at <Primitive ref=fn<forwardRef> as-child=false as=undefined  ... > 
  at <DismissableLayer tabindex="-1" onKeydown=fn<handleKeyDown> style= {position: fixed}  ... > 
  at <PrimitiveSlot tabindex="-1" onKeydown=fn<handleKeyDown> style= {position: fixed}  ... > 
  at <Primitive ref_key="currentRef" ref=Ref< Proxy(Object) > tabindex="-1"  ... > 
  at <FocusScope as-child="" loop="" trapped=false  ... > 
  at <DialogContentImpl as=undefined forceMount=false trapFocus=false  ... > 
  at <DialogContentNonModal key=1 ref=fn<ref> forceMount=false  ... > 
  at <Presence present=false style= {position: fixed} onAnimationend=fn<onAnimationEnd>  ... > 
  at <DialogContent ref="contentRef" style= {position: fixed} onAnimationend=fn<onAnimationEnd>  ... > 
  at <DialogContent ref="contentRef" append-to=undefined class="left-0 right-0 top-[10vh] mx-auto flex max-h-[80%] flex-col p-0 sm:rounded-[var(--radius)] w-[900px] border border-border duration-300"  ... > 
  at <DialogRoot modal=false open=false onUpdate:open=fn > 
  at <Dialog modal=false open=false onUpdate:open=fn > 
  at <Modal modalApi= ModalApi > 
  at <VbenModal> 
  at <Page auto-content-height="" > 
  at <ApiTestingTestStep > 
  at <ApiTestingTestStep onVnodeUnmounted=fn<onVnodeUnmounted> ref=Ref< Proxy(Object) > key="/plugins/teststep" > 
  at <KeepAlive key=0 exclude= [] include= [ApiTesting, ApiTestingTestReportDetail, ApiTestingDashboard, ApiTestingVariable, ApiTestingBatchReport, ApiTestingTestCase, ApiTestingExecutionStream, ApiTestingTestStep, ApiTestingTestReport, ApiTestingProject, ApiTestingEnvironment, ApiTestingTestSuite, Dashboard, Analytics] > 
  at <BaseTransition mode="out-in" appear=true persisted=false  ... > 
  at <Transition key=0 name="fade-slide" appear=""  ... > 
  at <RouterView> 
  at <LayoutContent> 
  at <LayoutContent id="__vben_main_content" content-compact="wide" content-compact-width=1200  ... > 
  at <VbenLayout sidebar-extra-visible=true onUpdate:sidebarExtraVisible=fn content-compact="wide"  ... > 
  at <BasicLayout onClearPreferencesAndLogout=fn<handleLogout> > 
  at <Basic onVnodeUnmounted=fn<onVnodeUnmounted> ref=Ref< Proxy(Object) > > 
  at <RouterView> 
  at <Anonymous message= {} notification= {} > 
  at <AApp> 
  at <LocaleProvider locale= {locale: zh-cn, Pagination: Object, DatePicker: Object, TimePicker: Object, Calendar: Object} _ANT_MARK__="internalMark" > 
  at <Anonymous prefixCls="anticon" csp=undefined layer=undefined > 
  at <Anonymous value= {override: Object, hashed: false, theme: Theme, token: Object, components: Object} > 
  at <Anonymous parentContext= {getPrefixCls: , iconPrefixCls: anticon} locale= {locale: zh-cn, Pagination: Object, DatePicker: Object, TimePicker: Object, Calendar: Object} theme= {algorithm: Array(1), token: Proxy(Object)}  ... > 
  at <AConfigProvider locale= {locale: zh-cn, Pagination: Object, DatePicker: Object, TimePicker: Object, Calendar: Object} theme= {algorithm: Array(1), token: Proxy(Object)} > 
  at <App> @ http://localhost:5173/node_modules/.vite/deps/chunk-NUZEDWKZ.js?v=eff7922a:1936
[24170402ms] [WARNING] [Vue warn]: Vue received a Component that was made a reactive object. This can lead to unnecessary performance overhead and should be avoided by marking the component with `markRaw` or using `shallowRef` instead of `ref`. 
Component that was made reactive:  {__name: StructuredJsonEditor, props: Object, emits: Array(3), setup: , __hmrId: 4739857a} 
  at <PrimitiveSlot id="v-153-form-item" aria-describedby="v-153-form-item-description" aria-invalid=false  ... > 
  at <FormControl class="" > 
  at <FormItem class="flex-row items-center pb-4 relative flex flex-shrink-0" > 
  at <Field key=0 keepValue=true label="变量提取"  ... > 
  at <FormField ref_for=true colon=false disabled=undefined  ... > 
  at <Form onKeydown=fn formApi= FormApi actionButtonsReverse=undefined  ... > 
  at <VbenUseForm formApi= FormApi > 
  at <VbenUseForm> 
  at <Primitive ref=fn<forwardRef> as-child=false as=undefined  ... > 
  at <DismissableLayer tabindex="-1" onKeydown=fn<handleKeyDown> style= {position: fixed}  ... > 
  at <PrimitiveSlot tabindex="-1" onKeydown=fn<handleKeyDown> style= {position: fixed}  ... > 
  at <Primitive ref_key="currentRef" ref=Ref< Proxy(Object) > tabindex="-1"  ... > 
  at <FocusScope as-child="" loop="" trapped=false  ... > 
  at <DialogContentImpl as=undefined forceMount=false trapFocus=false  ... > 
  at <DialogContentNonModal key=1 ref=fn<ref> forceMount=false  ... > 
  at <Presence present=false style= {position: fixed} onAnimationend=fn<onAnimationEnd>  ... > 
  at <DialogContent ref="contentRef" style= {position: fixed} onAnimationend=fn<onAnimationEnd>  ... > 
  at <DialogContent ref="contentRef" append-to=undefined class="left-0 right-0 top-[10vh] mx-auto flex max-h-[80%] flex-col p-0 sm:rounded-[var(--radius)] w-[900px] border border-border duration-300"  ... > 
  at <DialogRoot modal=false open=false onUpdate:open=fn > 
  at <Dialog modal=false open=false onUpdate:open=fn > 
  at <Modal modalApi= ModalApi > 
  at <VbenModal> 
  at <Page auto-content-height="" > 
  at <ApiTestingTestStep > 
  at <ApiTestingTestStep onVnodeUnmounted=fn<onVnodeUnmounted> ref=Ref< Proxy(Object) > key="/plugins/teststep" > 
  at <KeepAlive key=0 exclude= [] include= [ApiTesting, ApiTestingTestReportDetail, ApiTestingDashboard, ApiTestingVariable, ApiTestingBatchReport, ApiTestingTestCase, ApiTestingExecutionStream, ApiTestingTestStep, ApiTestingTestReport, ApiTestingProject, ApiTestingEnvironment, ApiTestingTestSuite, Dashboard, Analytics] > 
  at <BaseTransition mode="out-in" appear=true persisted=false  ... > 
  at <Transition key=0 name="fade-slide" appear=""  ... > 
  at <RouterView> 
  at <LayoutContent> 
  at <LayoutContent id="__vben_main_content" content-compact="wide" content-compact-width=1200  ... > 
  at <VbenLayout sidebar-extra-visible=true onUpdate:sidebarExtraVisible=fn content-compact="wide"  ... > 
  at <BasicLayout onClearPreferencesAndLogout=fn<handleLogout> > 
  at <Basic onVnodeUnmounted=fn<onVnodeUnmounted> ref=Ref< Proxy(Object) > > 
  at <RouterView> 
  at <Anonymous message= {} notification= {} > 
  at <AApp> 
  at <LocaleProvider locale= {locale: zh-cn, Pagination: Object, DatePicker: Object, TimePicker: Object, Calendar: Object} _ANT_MARK__="internalMark" > 
  at <Anonymous prefixCls="anticon" csp=undefined layer=undefined > 
  at <Anonymous value= {override: Object, hashed: false, theme: Theme, token: Object, components: Object} > 
  at <Anonymous parentContext= {getPrefixCls: , iconPrefixCls: anticon} locale= {locale: zh-cn, Pagination: Object, DatePicker: Object, TimePicker: Object, Calendar: Object} theme= {algorithm: Array(1), token: Proxy(Object)}  ... > 
  at <AConfigProvider locale= {locale: zh-cn, Pagination: Object, DatePicker: Object, TimePicker: Object, Calendar: Object} theme= {algorithm: Array(1), token: Proxy(Object)} > 
  at <App> @ http://localhost:5173/node_modules/.vite/deps/chunk-NUZEDWKZ.js?v=eff7922a:1936
[24170410ms] [WARNING] [Vue warn]: Vue received a Component that was made a reactive object. This can lead to unnecessary performance overhead and should be avoided by marking the component with `markRaw` or using `shallowRef` instead of `ref`. 
Component that was made reactive:  {__name: StructuredJsonEditor, props: Object, emits: Array(3), setup: , __hmrId: 4739857a} 
  at <PrimitiveSlot id="v-153-form-item" aria-describedby="v-153-form-item-description" aria-invalid=false  ... > 
  at <FormControl class="" > 
  at <FormItem class="flex-row items-center pb-4 relative flex flex-shrink-0" > 
  at <Field key=0 keepValue=true label="变量提取"  ... > 
  at <FormField ref_for=true colon=false disabled=undefined  ... > 
  at <Form onKeydown=fn formApi= FormApi actionButtonsReverse=undefined  ... > 
  at <VbenUseForm formApi= FormApi > 
  at <VbenUseForm> 
  at <Primitive ref=fn<forwardRef> as-child=false as=undefined  ... > 
  at <DismissableLayer tabindex="-1" onKeydown=fn<handleKeyDown> style= {position: fixed}  ... > 
  at <PrimitiveSlot tabindex="-1" onKeydown=fn<handleKeyDown> style= {position: fixed}  ... > 
  at <Primitive ref_key="currentRef" ref=Ref< Proxy(Object) > tabindex="-1"  ... > 
  at <FocusScope as-child="" loop="" trapped=false  ... > 
  at <DialogContentImpl as=undefined forceMount=false trapFocus=false  ... > 
  at <DialogContentNonModal key=1 ref=fn<ref> forceMount=false  ... > 
  at <Presence present=false style= {position: fixed} onAnimationend=fn<onAnimationEnd>  ... > 
  at <DialogContent ref="contentRef" style= {position: fixed} onAnimationend=fn<onAnimationEnd>  ... > 
  at <DialogContent ref="contentRef" append-to=undefined class="left-0 right-0 top-[10vh] mx-auto flex max-h-[80%] flex-col p-0 sm:rounded-[var(--radius)] w-[900px] border border-border duration-300"  ... > 
  at <DialogRoot modal=false open=false onUpdate:open=fn > 
  at <Dialog modal=false open=false onUpdate:open=fn > 
  at <Modal modalApi= ModalApi > 
  at <VbenModal> 
  at <Page auto-content-height="" > 
  at <ApiTestingTestStep > 
  at <ApiTestingTestStep onVnodeUnmounted=fn<onVnodeUnmounted> ref=Ref< Proxy(Object) > key="/plugins/teststep" > 
  at <KeepAlive key=0 exclude= [] include= [ApiTesting, ApiTestingTestReportDetail, ApiTestingDashboard, ApiTestingVariable, ApiTestingBatchReport, ApiTestingTestCase, ApiTestingExecutionStream, ApiTestingTestStep, ApiTestingTestReport, ApiTestingProject, ApiTestingEnvironment, ApiTestingTestSuite, Dashboard, Analytics] > 
  at <BaseTransition mode="out-in" appear=true persisted=false  ... > 
  at <Transition key=0 name="fade-slide" appear=""  ... > 
  at <RouterView> 
  at <LayoutContent> 
  at <LayoutContent id="__vben_main_content" content-compact="wide" content-compact-width=1200  ... > 
  at <VbenLayout sidebar-extra-visible=true onUpdate:sidebarExtraVisible=fn content-compact="wide"  ... > 
  at <BasicLayout onClearPreferencesAndLogout=fn<handleLogout> > 
  at <Basic onVnodeUnmounted=fn<onVnodeUnmounted> ref=Ref< Proxy(Object) > > 
  at <RouterView> 
  at <Anonymous message= {} notification= {} > 
  at <AApp> 
  at <LocaleProvider locale= {locale: zh-cn, Pagination: Object, DatePicker: Object, TimePicker: Object, Calendar: Object} _ANT_MARK__="internalMark" > 
  at <Anonymous prefixCls="anticon" csp=undefined layer=undefined > 
  at <Anonymous value= {override: Object, hashed: false, theme: Theme, token: Object, components: Object} > 
  at <Anonymous parentContext= {getPrefixCls: , iconPrefixCls: anticon} locale= {locale: zh-cn, Pagination: Object, DatePicker: Object, TimePicker: Object, Calendar: Object} theme= {algorithm: Array(1), token: Proxy(Object)}  ... > 
  at <AConfigProvider locale= {locale: zh-cn, Pagination: Object, DatePicker: Object, TimePicker: Object, Calendar: Object} theme= {algorithm: Array(1), token: Proxy(Object)} > 
  at <App> @ http://localhost:5173/node_modules/.vite/deps/chunk-NUZEDWKZ.js?v=eff7922a:1936
[24170414ms] [WARNING] [Vue warn]: Vue received a Component that was made a reactive object. This can lead to unnecessary performance overhead and should be avoided by marking the component with `markRaw` or using `shallowRef` instead of `ref`. 
Component that was made reactive:  {__name: StructuredJsonEditor, props: Object, emits: Array(3), setup: , __hmrId: 4739857a} 
  at <PrimitiveSlot id="v-155-form-item" aria-describedby="v-155-form-item-description" aria-invalid=false  ... > 
  at <FormControl class="" > 
  at <FormItem class="flex-row items-center pb-4 relative flex flex-shrink-0" > 
  at <Field key=0 keepValue=true label="断言规则"  ... > 
  at <FormField ref_for=true colon=false disabled=undefined  ... > 
  at <Form onKeydown=fn formApi= FormApi actionButtonsReverse=undefined  ... > 
  at <VbenUseForm formApi= FormApi > 
  at <VbenUseForm> 
  at <Primitive ref=fn<forwardRef> as-child=false as=undefined  ... > 
  at <DismissableLayer tabindex="-1" onKeydown=fn<handleKeyDown> style= {position: fixed}  ... > 
  at <PrimitiveSlot tabindex="-1" onKeydown=fn<handleKeyDown> style= {position: fixed}  ... > 
  at <Primitive ref_key="currentRef" ref=Ref< Proxy(Object) > tabindex="-1"  ... > 
  at <FocusScope as-child="" loop="" trapped=false  ... > 
  at <DialogContentImpl as=undefined forceMount=false trapFocus=false  ... > 
  at <DialogContentNonModal key=1 ref=fn<ref> forceMount=false  ... > 
  at <Presence present=false style= {position: fixed} onAnimationend=fn<onAnimationEnd>  ... > 
  at <DialogContent ref="contentRef" style= {position: fixed} onAnimationend=fn<onAnimationEnd>  ... > 
  at <DialogContent ref="contentRef" append-to=undefined class="left-0 right-0 top-[10vh] mx-auto flex max-h-[80%] flex-col p-0 sm:rounded-[var(--radius)] w-[900px] border border-border duration-300"  ... > 
  at <DialogRoot modal=false open=false onUpdate:open=fn > 
  at <Dialog modal=false open=false onUpdate:open=fn > 
  at <Modal modalApi= ModalApi > 
  at <VbenModal> 
  at <Page auto-content-height="" > 
  at <ApiTestingTestStep > 
  at <ApiTestingTestStep onVnodeUnmounted=fn<onVnodeUnmounted> ref=Ref< Proxy(Object) > key="/plugins/teststep" > 
  at <KeepAlive key=0 exclude= [] include= [ApiTesting, ApiTestingTestReportDetail, ApiTestingDashboard, ApiTestingVariable, ApiTestingBatchReport, ApiTestingTestCase, ApiTestingExecutionStream, ApiTestingTestStep, ApiTestingTestReport, ApiTestingProject, ApiTestingEnvironment, ApiTestingTestSuite, Dashboard, Analytics] > 
  at <BaseTransition mode="out-in" appear=true persisted=false  ... > 
  at <Transition key=0 name="fade-slide" appear=""  ... > 
  at <RouterView> 
  at <LayoutContent> 
  at <LayoutContent id="__vben_main_content" content-compact="wide" content-compact-width=1200  ... > 
  at <VbenLayout sidebar-extra-visible=true onUpdate:sidebarExtraVisible=fn content-compact="wide"  ... > 
  at <BasicLayout onClearPreferencesAndLogout=fn<handleLogout> > 
  at <Basic onVnodeUnmounted=fn<onVnodeUnmounted> ref=Ref< Proxy(Object) > > 
  at <RouterView> 
  at <Anonymous message= {} notification= {} > 
  at <AApp> 
  at <LocaleProvider locale= {locale: zh-cn, Pagination: Object, DatePicker: Object, TimePicker: Object, Calendar: Object} _ANT_MARK__="internalMark" > 
  at <Anonymous prefixCls="anticon" csp=undefined layer=undefined > 
  at <Anonymous value= {override: Object, hashed: false, theme: Theme, token: Object, components: Object} > 
  at <Anonymous parentContext= {getPrefixCls: , iconPrefixCls: anticon} locale= {locale: zh-cn, Pagination: Object, DatePicker: Object, TimePicker: Object, Calendar: Object} theme= {algorithm: Array(1), token: Proxy(Object)}  ... > 
  at <AConfigProvider locale= {locale: zh-cn, Pagination: Object, DatePicker: Object, TimePicker: Object, Calendar: Object} theme= {algorithm: Array(1), token: Proxy(Object)} > 
  at <App> @ http://localhost:5173/node_modules/.vite/deps/chunk-NUZEDWKZ.js?v=eff7922a:1936
[24170429ms] [WARNING] [Vue warn]: Vue received a Component that was made a reactive object. This can lead to unnecessary performance overhead and should be avoided by marking the component with `markRaw` or using `shallowRef` instead of `ref`. 
Component that was made reactive:  {__name: StructuredJsonEditor, props: Object, emits: Array(3), setup: , __hmrId: 4739857a} 
  at <PrimitiveSlot id="v-155-form-item" aria-describedby="v-155-form-item-description" aria-invalid=false  ... > 
  at <FormControl class="" > 
  at <FormItem class="flex-row items-center pb-4 relative flex flex-shrink-0" > 
  at <Field key=0 keepValue=true label="断言规则"  ... > 
  at <FormField ref_for=true colon=false disabled=undefined  ... > 
  at <Form onKeydown=fn formApi= FormApi actionButtonsReverse=undefined  ... > 
  at <VbenUseForm formApi= FormApi > 
  at <VbenUseForm> 
  at <Primitive ref=fn<forwardRef> as-child=false as=undefined  ... > 
  at <DismissableLayer tabindex="-1" onKeydown=fn<handleKeyDown> style= {position: fixed}  ... > 
  at <PrimitiveSlot tabindex="-1" onKeydown=fn<handleKeyDown> style= {position: fixed}  ... > 
  at <Primitive ref_key="currentRef" ref=Ref< Proxy(Object) > tabindex="-1"  ... > 
  at <FocusScope as-child="" loop="" trapped=false  ... > 
  at <DialogContentImpl as=undefined forceMount=false trapFocus=false  ... > 
  at <DialogContentNonModal key=1 ref=fn<ref> forceMount=false  ... > 
  at <Presence present=false style= {position: fixed} onAnimationend=fn<onAnimationEnd>  ... > 
  at <DialogContent ref="contentRef" style= {position: fixed} onAnimationend=fn<onAnimationEnd>  ... > 
  at <DialogContent ref="contentRef" append-to=undefined class="left-0 right-0 top-[10vh] mx-auto flex max-h-[80%] flex-col p-0 sm:rounded-[var(--radius)] w-[900px] border border-border duration-300"  ... > 
  at <DialogRoot modal=false open=false onUpdate:open=fn > 
  at <Dialog modal=false open=false onUpdate:open=fn > 
  at <Modal modalApi= ModalApi > 
  at <VbenModal> 
  at <Page auto-content-height="" > 
  at <ApiTestingTestStep > 
  at <ApiTestingTestStep onVnodeUnmounted=fn<onVnodeUnmounted> ref=Ref< Proxy(Object) > key="/plugins/teststep" > 
  at <KeepAlive key=0 exclude= [] include= [ApiTesting, ApiTestingTestReportDetail, ApiTestingDashboard, ApiTestingVariable, ApiTestingBatchReport, ApiTestingTestCase, ApiTestingExecutionStream, ApiTestingTestStep, ApiTestingTestReport, ApiTestingProject, ApiTestingEnvironment, ApiTestingTestSuite, Dashboard, Analytics] > 
  at <BaseTransition mode="out-in" appear=true persisted=false  ... > 
  at <Transition key=0 name="fade-slide" appear=""  ... > 
  at <RouterView> 
  at <LayoutContent> 
  at <LayoutContent id="__vben_main_content" content-compact="wide" content-compact-width=1200  ... > 
  at <VbenLayout sidebar-extra-visible=true onUpdate:sidebarExtraVisible=fn content-compact="wide"  ... > 
  at <BasicLayout onClearPreferencesAndLogout=fn<handleLogout> > 
  at <Basic onVnodeUnmounted=fn<onVnodeUnmounted> ref=Ref< Proxy(Object) > > 
  at <RouterView> 
  at <Anonymous message= {} notification= {} > 
  at <AApp> 
  at <LocaleProvider locale= {locale: zh-cn, Pagination: Object, DatePicker: Object, TimePicker: Object, Calendar: Object} _ANT_MARK__="internalMark" > 
  at <Anonymous prefixCls="anticon" csp=undefined layer=undefined > 
  at <Anonymous value= {override: Object, hashed: false, theme: Theme, token: Object, components: Object} > 
  at <Anonymous parentContext= {getPrefixCls: , iconPrefixCls: anticon} locale= {locale: zh-cn, Pagination: Object, DatePicker: Object, TimePicker: Object, Calendar: Object} theme= {algorithm: Array(1), token: Proxy(Object)}  ... > 
  at <AConfigProvider locale= {locale: zh-cn, Pagination: Object, DatePicker: Object, TimePicker: Object, Calendar: Object} theme= {algorithm: Array(1), token: Proxy(Object)} > 
  at <App> @ http://localhost:5173/node_modules/.vite/deps/chunk-NUZEDWKZ.js?v=eff7922a:1936
[24170445ms] [WARNING] [Vue warn]: Vue received a Component that was made a reactive object. This can lead to unnecessary performance overhead and should be avoided by marking the component with `markRaw` or using `shallowRef` instead of `ref`. 
Component that was made reactive:  {__name: StructuredJsonEditor, props: Object, emits: Array(3), setup: , __hmrId: 4739857a} 
  at <PrimitiveSlot id="v-157-form-item" aria-describedby="v-157-form-item-description" aria-invalid=false  ... > 
  at <FormControl class="" > 
  at <FormItem class="flex-row items-center pb-4 relative flex flex-shrink-0" > 
  at <Field key=0 keepValue=true label="SQL查询"  ... > 
  at <FormField ref_for=true colon=false disabled=undefined  ... > 
  at <Form onKeydown=fn formApi= FormApi actionButtonsReverse=undefined  ... > 
  at <VbenUseForm formApi= FormApi > 
  at <VbenUseForm> 
  at <Primitive ref=fn<forwardRef> as-child=false as=undefined  ... > 
  at <DismissableLayer tabindex="-1" onKeydown=fn<handleKeyDown> style= {position: fixed}  ... > 
  at <PrimitiveSlot tabindex="-1" onKeydown=fn<handleKeyDown> style= {position: fixed}  ... > 
  at <Primitive ref_key="currentRef" ref=Ref< Proxy(Object) > tabindex="-1"  ... > 
  at <FocusScope as-child="" loop="" trapped=false  ... > 
  at <DialogContentImpl as=undefined forceMount=false trapFocus=false  ... > 
  at <DialogContentNonModal key=1 ref=fn<ref> forceMount=false  ... > 
  at <Presence present=false style= {position: fixed} onAnimationend=fn<onAnimationEnd>  ... > 
  at <DialogContent ref="contentRef" style= {position: fixed} onAnimationend=fn<onAnimationEnd>  ... > 
  at <DialogContent ref="contentRef" append-to=undefined class="left-0 right-0 top-[10vh] mx-auto flex max-h-[80%] flex-col p-0 sm:rounded-[var(--radius)] w-[900px] border border-border duration-300"  ... > 
  at <DialogRoot modal=false open=false onUpdate:open=fn > 
  at <Dialog modal=false open=false onUpdate:open=fn > 
  at <Modal modalApi= ModalApi > 
  at <VbenModal> 
  at <Page auto-content-height="" > 
  at <ApiTestingTestStep > 
  at <ApiTestingTestStep onVnodeUnmounted=fn<onVnodeUnmounted> ref=Ref< Proxy(Object) > key="/plugins/teststep" > 
  at <KeepAlive key=0 exclude= [] include= [ApiTesting, ApiTestingTestReportDetail, ApiTestingDashboard, ApiTestingVariable, ApiTestingBatchReport, ApiTestingTestCase, ApiTestingExecutionStream, ApiTestingTestStep, ApiTestingTestReport, ApiTestingProject, ApiTestingEnvironment, ApiTestingTestSuite, Dashboard, Analytics] > 
  at <BaseTransition mode="out-in" appear=true persisted=false  ... > 
  at <Transition key=0 name="fade-slide" appear=""  ... > 
  at <RouterView> 
  at <LayoutContent> 
  at <LayoutContent id="__vben_main_content" content-compact="wide" content-compact-width=1200  ... > 
  at <VbenLayout sidebar-extra-visible=true onUpdate:sidebarExtraVisible=fn content-compact="wide"  ... > 
  at <BasicLayout onClearPreferencesAndLogout=fn<handleLogout> > 
  at <Basic onVnodeUnmounted=fn<onVnodeUnmounted> ref=Ref< Proxy(Object) > > 
  at <RouterView> 
  at <Anonymous message= {} notification= {} > 
  at <AApp> 
  at <LocaleProvider locale= {locale: zh-cn, Pagination: Object, DatePicker: Object, TimePicker: Object, Calendar: Object} _ANT_MARK__="internalMark" > 
  at <Anonymous prefixCls="anticon" csp=undefined layer=undefined > 
  at <Anonymous value= {override: Object, hashed: false, theme: Theme, token: Object, components: Object} > 
  at <Anonymous parentContext= {getPrefixCls: , iconPrefixCls: anticon} locale= {locale: zh-cn, Pagination: Object, DatePicker: Object, TimePicker: Object, Calendar: Object} theme= {algorithm: Array(1), token: Proxy(Object)}  ... > 
  at <AConfigProvider locale= {locale: zh-cn, Pagination: Object, DatePicker: Object, TimePicker: Object, Calendar: Object} theme= {algorithm: Array(1), token: Proxy(Object)} > 
  at <App> @ http://localhost:5173/node_modules/.vite/deps/chunk-NUZEDWKZ.js?v=eff7922a:1936
[24170467ms] [WARNING] [Vue warn]: Vue received a Component that was made a reactive object. This can lead to unnecessary performance overhead and should be avoided by marking the component with `markRaw` or using `shallowRef` instead of `ref`. 
Component that was made reactive:  {__name: StructuredJsonEditor, props: Object, emits: Array(3), setup: , __hmrId: 4739857a} 
  at <PrimitiveSlot id="v-157-form-item" aria-describedby="v-157-form-item-description" aria-invalid=false  ... > 
  at <FormControl class="" > 
  at <FormItem class="flex-row items-center pb-4 relative flex flex-shrink-0" > 
  at <Field key=0 keepValue=true label="SQL查询"  ... > 
  at <FormField ref_for=true colon=false disabled=undefined  ... > 
  at <Form onKeydown=fn formApi= FormApi actionButtonsReverse=undefined  ... > 
  at <VbenUseForm formApi= FormApi > 
  at <VbenUseForm> 
  at <Primitive ref=fn<forwardRef> as-child=false as=undefined  ... > 
  at <DismissableLayer tabindex="-1" onKeydown=fn<handleKeyDown> style= {position: fixed}  ... > 
  at <PrimitiveSlot tabindex="-1" onKeydown=fn<handleKeyDown> style= {position: fixed}  ... > 
  at <Primitive ref_key="currentRef" ref=Ref< Proxy(Object) > tabindex="-1"  ... > 
  at <FocusScope as-child="" loop="" trapped=false  ... > 
  at <DialogContentImpl as=undefined forceMount=false trapFocus=false  ... > 
  at <DialogContentNonModal key=1 ref=fn<ref> forceMount=false  ... > 
  at <Presence present=false style= {position: fixed} onAnimationend=fn<onAnimationEnd>  ... > 
  at <DialogContent ref="contentRef" style= {position: fixed} onAnimationend=fn<onAnimationEnd>  ... > 
  at <DialogContent ref="contentRef" append-to=undefined class="left-0 right-0 top-[10vh] mx-auto flex max-h-[80%] flex-col p-0 sm:rounded-[var(--radius)] w-[900px] border border-border duration-300"  ... > 
  at <DialogRoot modal=false open=false onUpdate:open=fn > 
  at <Dialog modal=false open=false onUpdate:open=fn > 
  at <Modal modalApi= ModalApi > 
  at <VbenModal> 
  at <Page auto-content-height="" > 
  at <ApiTestingTestStep > 
  at <ApiTestingTestStep onVnodeUnmounted=fn<onVnodeUnmounted> ref=Ref< Proxy(Object) > key="/plugins/teststep" > 
  at <KeepAlive key=0 exclude= [] include= [ApiTesting, ApiTestingTestReportDetail, ApiTestingDashboard, ApiTestingVariable, ApiTestingBatchReport, ApiTestingTestCase, ApiTestingExecutionStream, ApiTestingTestStep, ApiTestingTestReport, ApiTestingProject, ApiTestingEnvironment, ApiTestingTestSuite, Dashboard, Analytics] > 
  at <BaseTransition mode="out-in" appear=true persisted=false  ... > 
  at <Transition key=0 name="fade-slide" appear=""  ... > 
  at <RouterView> 
  at <LayoutContent> 
  at <LayoutContent id="__vben_main_content" content-compact="wide" content-compact-width=1200  ... > 
  at <VbenLayout sidebar-extra-visible=true onUpdate:sidebarExtraVisible=fn content-compact="wide"  ... > 
  at <BasicLayout onClearPreferencesAndLogout=fn<handleLogout> > 
  at <Basic onVnodeUnmounted=fn<onVnodeUnmounted> ref=Ref< Proxy(Object) > > 
  at <RouterView> 
  at <Anonymous message= {} notification= {} > 
  at <AApp> 
  at <LocaleProvider locale= {locale: zh-cn, Pagination: Object, DatePicker: Object, TimePicker: Object, Calendar: Object} _ANT_MARK__="internalMark" > 
  at <Anonymous prefixCls="anticon" csp=undefined layer=undefined > 
  at <Anonymous value= {override: Object, hashed: false, theme: Theme, token: Object, components: Object} > 
  at <Anonymous parentContext= {getPrefixCls: , iconPrefixCls: anticon} locale= {locale: zh-cn, Pagination: Object, DatePicker: Object, TimePicker: Object, Calendar: Object} theme= {algorithm: Array(1), token: Proxy(Object)}  ... > 
  at <AConfigProvider locale= {locale: zh-cn, Pagination: Object, DatePicker: Object, TimePicker: Object, Calendar: Object} theme= {algorithm: Array(1), token: Proxy(Object)} > 
  at <App> @ http://localhost:5173/node_modules/.vite/deps/chunk-NUZEDWKZ.js?v=eff7922a:1936
[24170495ms] [WARNING] [Vue warn]: Vue received a Component that was made a reactive object. This can lead to unnecessary performance overhead and should be avoided by marking the component with `markRaw` or using `shallowRef` instead of `ref`. 
Component that was made reactive:  {__name: StructuredJsonEditor, props: Object, emits: Array(3), setup: , __hmrId: 4739857a} 
  at <PrimitiveSlot id="v-143-form-item" aria-describedby="v-143-form-item-description" aria-invalid=false  ... > 
  at <FormControl class="" > 
  at <FormItem class="flex-row items-center pb-4 relative flex flex-shrink-0" > 
  at <Field key=0 keepValue=true label="查询参数"  ... > 
  at <FormField ref_for=true colon=false disabled=undefined  ... > 
  at <Form onKeydown=fn formApi= FormApi actionButtonsReverse=undefined  ... > 
  at <VbenUseForm formApi= FormApi > 
  at <VbenUseForm> 
  at <Primitive ref=fn<forwardRef> as-child=false as=undefined  ... > 
  at <DismissableLayer tabindex="-1" onKeydown=fn<handleKeyDown> style= {position: fixed}  ... > 
  at <PrimitiveSlot tabindex="-1" onKeydown=fn<handleKeyDown> style= {position: fixed}  ... > 
  at <Primitive ref_key="currentRef" ref=Ref< Proxy(Object) > tabindex="-1"  ... > 
  at <FocusScope as-child="" loop="" trapped=false  ... > 
  at <DialogContentImpl as=undefined forceMount=false trapFocus=false  ... > 
  at <DialogContentNonModal key=1 ref=fn<ref> forceMount=false  ... > 
  at <Presence present=false style= {position: fixed} onAnimationend=fn<onAnimationEnd>  ... > 
  at <DialogContent ref="contentRef" style= {position: fixed} onAnimationend=fn<onAnimationEnd>  ... > 
  at <DialogContent ref="contentRef" append-to=undefined class="left-0 right-0 top-[10vh] mx-auto flex max-h-[80%] flex-col p-0 sm:rounded-[var(--radius)] w-[900px] border border-border duration-300"  ... > 
  at <DialogRoot modal=false open=false onUpdate:open=fn > 
  at <Dialog modal=false open=false onUpdate:open=fn > 
  at <Modal modalApi= ModalApi > 
  at <VbenModal> 
  at <Page auto-content-height="" > 
  at <ApiTestingTestStep > 
  at <ApiTestingTestStep onVnodeUnmounted=fn<onVnodeUnmounted> ref=Ref< Proxy(Object) > key="/plugins/teststep" > 
  at <KeepAlive key=0 exclude= [] include= [ApiTesting, ApiTestingTestReportDetail, ApiTestingDashboard, ApiTestingVariable, ApiTestingBatchReport, ApiTestingTestCase, ApiTestingExecutionStream, ApiTestingTestStep, ApiTestingTestReport, ApiTestingProject, ApiTestingEnvironment, ApiTestingTestSuite, Dashboard, Analytics] > 
  at <BaseTransition mode="out-in" appear=true persisted=false  ... > 
  at <Transition key=0 name="fade-slide" appear=""  ... > 
  at <RouterView> 
  at <LayoutContent> 
  at <LayoutContent id="__vben_main_content" content-compact="wide" content-compact-width=1200  ... > 
  at <VbenLayout sidebar-extra-visible=true onUpdate:sidebarExtraVisible=fn content-compact="wide"  ... > 
  at <BasicLayout onClearPreferencesAndLogout=fn<handleLogout> > 
  at <Basic onVnodeUnmounted=fn<onVnodeUnmounted> ref=Ref< Proxy(Object) > > 
  at <RouterView> 
  at <Anonymous message= {} notification= {} > 
  at <AApp> 
  at <LocaleProvider locale= {locale: zh-cn, Pagination: Object, DatePicker: Object, TimePicker: Object, Calendar: Object} _ANT_MARK__="internalMark" > 
  at <Anonymous prefixCls="anticon" csp=undefined layer=undefined > 
  at <Anonymous value= {override: Object, hashed: false, theme: Theme, token: Object, components: Object} > 
  at <Anonymous parentContext= {getPrefixCls: , iconPrefixCls: anticon} locale= {locale: zh-cn, Pagination: Object, DatePicker: Object, TimePicker: Object, Calendar: Object} theme= {algorithm: Array(1), token: Proxy(Object)}  ... > 
  at <AConfigProvider locale= {locale: zh-cn, Pagination: Object, DatePicker: Object, TimePicker: Object, Calendar: Object} theme= {algorithm: Array(1), token: Proxy(Object)} > 
  at <App> @ http://localhost:5173/node_modules/.vite/deps/chunk-NUZEDWKZ.js?v=eff7922a:1936
[24170499ms] [WARNING] [Vue warn]: Vue received a Component that was made a reactive object. This can lead to unnecessary performance overhead and should be avoided by marking the component with `markRaw` or using `shallowRef` instead of `ref`. 
Component that was made reactive:  {__name: StructuredJsonEditor, props: Object, emits: Array(3), setup: , __hmrId: 4739857a} 
  at <PrimitiveSlot id="v-153-form-item" aria-describedby="v-153-form-item-description" aria-invalid=false  ... > 
  at <FormControl class="" > 
  at <FormItem class="flex-row items-center pb-4 relative flex flex-shrink-0" > 
  at <Field key=0 keepValue=true label="变量提取"  ... > 
  at <FormField ref_for=true colon=false disabled=undefined  ... > 
  at <Form onKeydown=fn formApi= FormApi actionButtonsReverse=undefined  ... > 
  at <VbenUseForm formApi= FormApi > 
  at <VbenUseForm> 
  at <Primitive ref=fn<forwardRef> as-child=false as=undefined  ... > 
  at <DismissableLayer tabindex="-1" onKeydown=fn<handleKeyDown> style= {position: fixed}  ... > 
  at <PrimitiveSlot tabindex="-1" onKeydown=fn<handleKeyDown> style= {position: fixed}  ... > 
  at <Primitive ref_key="currentRef" ref=Ref< Proxy(Object) > tabindex="-1"  ... > 
  at <FocusScope as-child="" loop="" trapped=false  ... > 
  at <DialogContentImpl as=undefined forceMount=false trapFocus=false  ... > 
  at <DialogContentNonModal key=1 ref=fn<ref> forceMount=false  ... > 
  at <Presence present=false style= {position: fixed} onAnimationend=fn<onAnimationEnd>  ... > 
  at <DialogContent ref="contentRef" style= {position: fixed} onAnimationend=fn<onAnimationEnd>  ... > 
  at <DialogContent ref="contentRef" append-to=undefined class="left-0 right-0 top-[10vh] mx-auto flex max-h-[80%] flex-col p-0 sm:rounded-[var(--radius)] w-[900px] border border-border duration-300"  ... > 
  at <DialogRoot modal=false open=false onUpdate:open=fn > 
  at <Dialog modal=false open=false onUpdate:open=fn > 
  at <Modal modalApi= ModalApi > 
  at <VbenModal> 
  at <Page auto-content-height="" > 
  at <ApiTestingTestStep > 
  at <ApiTestingTestStep onVnodeUnmounted=fn<onVnodeUnmounted> ref=Ref< Proxy(Object) > key="/plugins/teststep" > 
  at <KeepAlive key=0 exclude= [] include= [ApiTesting, ApiTestingTestReportDetail, ApiTestingDashboard, ApiTestingVariable, ApiTestingBatchReport, ApiTestingTestCase, ApiTestingExecutionStream, ApiTestingTestStep, ApiTestingTestReport, ApiTestingProject, ApiTestingEnvironment, ApiTestingTestSuite, Dashboard, Analytics] > 
  at <BaseTransition mode="out-in" appear=true persisted=false  ... > 
  at <Transition key=0 name="fade-slide" appear=""  ... > 
  at <RouterView> 
  at <LayoutContent> 
  at <LayoutContent id="__vben_main_content" content-compact="wide" content-compact-width=1200  ... > 
  at <VbenLayout sidebar-extra-visible=true onUpdate:sidebarExtraVisible=fn content-compact="wide"  ... > 
  at <BasicLayout onClearPreferencesAndLogout=fn<handleLogout> > 
  at <Basic onVnodeUnmounted=fn<onVnodeUnmounted> ref=Ref< Proxy(Object) > > 
  at <RouterView> 
  at <Anonymous message= {} notification= {} > 
  at <AApp> 
  at <LocaleProvider locale= {locale: zh-cn, Pagination: Object, DatePicker: Object, TimePicker: Object, Calendar: Object} _ANT_MARK__="internalMark" > 
  at <Anonymous prefixCls="anticon" csp=undefined layer=undefined > 
  at <Anonymous value= {override: Object, hashed: false, theme: Theme, token: Object, components: Object} > 
  at <Anonymous parentContext= {getPrefixCls: , iconPrefixCls: anticon} locale= {locale: zh-cn, Pagination: Object, DatePicker: Object, TimePicker: Object, Calendar: Object} theme= {algorithm: Array(1), token: Proxy(Object)}  ... > 
  at <AConfigProvider locale= {locale: zh-cn, Pagination: Object, DatePicker: Object, TimePicker: Object, Calendar: Object} theme= {algorithm: Array(1), token: Proxy(Object)} > 
  at <App> @ http://localhost:5173/node_modules/.vite/deps/chunk-NUZEDWKZ.js?v=eff7922a:1936
[24170503ms] [WARNING] [Vue warn]: Vue received a Component that was made a reactive object. This can lead to unnecessary performance overhead and should be avoided by marking the component with `markRaw` or using `shallowRef` instead of `ref`. 
Component that was made reactive:  {__name: StructuredJsonEditor, props: Object, emits: Array(3), setup: , __hmrId: 4739857a} 
  at <PrimitiveSlot id="v-155-form-item" aria-describedby="v-155-form-item-description" aria-invalid=false  ... > 
  at <FormControl class="" > 
  at <FormItem class="flex-row items-center pb-4 relative flex flex-shrink-0" > 
  at <Field key=0 keepValue=true label="断言规则"  ... > 
  at <FormField ref_for=true colon=false disabled=undefined  ... > 
  at <Form onKeydown=fn formApi= FormApi actionButtonsReverse=undefined  ... > 
  at <VbenUseForm formApi= FormApi > 
  at <VbenUseForm> 
  at <Primitive ref=fn<forwardRef> as-child=false as=undefined  ... > 
  at <DismissableLayer tabindex="-1" onKeydown=fn<handleKeyDown> style= {position: fixed}  ... > 
  at <PrimitiveSlot tabindex="-1" onKeydown=fn<handleKeyDown> style= {position: fixed}  ... > 
  at <Primitive ref_key="currentRef" ref=Ref< Proxy(Object) > tabindex="-1"  ... > 
  at <FocusScope as-child="" loop="" trapped=false  ... > 
  at <DialogContentImpl as=undefined forceMount=false trapFocus=false  ... > 
  at <DialogContentNonModal key=1 ref=fn<ref> forceMount=false  ... > 
  at <Presence present=false style= {position: fixed} onAnimationend=fn<onAnimationEnd>  ... > 
  at <DialogContent ref="contentRef" style= {position: fixed} onAnimationend=fn<onAnimationEnd>  ... > 
  at <DialogContent ref="contentRef" append-to=undefined class="left-0 right-0 top-[10vh] mx-auto flex max-h-[80%] flex-col p-0 sm:rounded-[var(--radius)] w-[900px] border border-border duration-300"  ... > 
  at <DialogRoot modal=false open=false onUpdate:open=fn > 
  at <Dialog modal=false open=false onUpdate:open=fn > 
  at <Modal modalApi= ModalApi > 
  at <VbenModal> 
  at <Page auto-content-height="" > 
  at <ApiTestingTestStep > 
  at <ApiTestingTestStep onVnodeUnmounted=fn<onVnodeUnmounted> ref=Ref< Proxy(Object) > key="/plugins/teststep" > 
  at <KeepAlive key=0 exclude= [] include= [ApiTesting, ApiTestingTestReportDetail, ApiTestingDashboard, ApiTestingVariable, ApiTestingBatchReport, ApiTestingTestCase, ApiTestingExecutionStream, ApiTestingTestStep, ApiTestingTestReport, ApiTestingProject, ApiTestingEnvironment, ApiTestingTestSuite, Dashboard, Analytics] > 
  at <BaseTransition mode="out-in" appear=true persisted=false  ... > 
  at <Transition key=0 name="fade-slide" appear=""  ... > 
  at <RouterView> 
  at <LayoutContent> 
  at <LayoutContent id="__vben_main_content" content-compact="wide" content-compact-width=1200  ... > 
  at <VbenLayout sidebar-extra-visible=true onUpdate:sidebarExtraVisible=fn content-compact="wide"  ... > 
  at <BasicLayout onClearPreferencesAndLogout=fn<handleLogout> > 
  at <Basic onVnodeUnmounted=fn<onVnodeUnmounted> ref=Ref< Proxy(Object) > > 
  at <RouterView> 
  at <Anonymous message= {} notification= {} > 
  at <AApp> 
  at <LocaleProvider locale= {locale: zh-cn, Pagination: Object, DatePicker: Object, TimePicker: Object, Calendar: Object} _ANT_MARK__="internalMark" > 
  at <Anonymous prefixCls="anticon" csp=undefined layer=undefined > 
  at <Anonymous value= {override: Object, hashed: false, theme: Theme, token: Object, components: Object} > 
  at <Anonymous parentContext= {getPrefixCls: , iconPrefixCls: anticon} locale= {locale: zh-cn, Pagination: Object, DatePicker: Object, TimePicker: Object, Calendar: Object} theme= {algorithm: Array(1), token: Proxy(Object)}  ... > 
  at <AConfigProvider locale= {locale: zh-cn, Pagination: Object, DatePicker: Object, TimePicker: Object, Calendar: Object} theme= {algorithm: Array(1), token: Proxy(Object)} > 
  at <App> @ http://localhost:5173/node_modules/.vite/deps/chunk-NUZEDWKZ.js?v=eff7922a:1936
[24170507ms] [WARNING] [Vue warn]: Vue received a Component that was made a reactive object. This can lead to unnecessary performance overhead and should be avoided by marking the component with `markRaw` or using `shallowRef` instead of `ref`. 
Component that was made reactive:  {__name: StructuredJsonEditor, props: Object, emits: Array(3), setup: , __hmrId: 4739857a} 
  at <PrimitiveSlot id="v-157-form-item" aria-describedby="v-157-form-item-description" aria-invalid=false  ... > 
  at <FormControl class="" > 
  at <FormItem class="flex-row items-center pb-4 relative flex flex-shrink-0" > 
  at <Field key=0 keepValue=true label="SQL查询"  ... > 
  at <FormField ref_for=true colon=false disabled=undefined  ... > 
  at <Form onKeydown=fn formApi= FormApi actionButtonsReverse=undefined  ... > 
  at <VbenUseForm formApi= FormApi > 
  at <VbenUseForm> 
  at <Primitive ref=fn<forwardRef> as-child=false as=undefined  ... > 
  at <DismissableLayer tabindex="-1" onKeydown=fn<handleKeyDown> style= {position: fixed}  ... > 
  at <PrimitiveSlot tabindex="-1" onKeydown=fn<handleKeyDown> style= {position: fixed}  ... > 
  at <Primitive ref_key="currentRef" ref=Ref< Proxy(Object) > tabindex="-1"  ... > 
  at <FocusScope as-child="" loop="" trapped=false  ... > 
  at <DialogContentImpl as=undefined forceMount=false trapFocus=false  ... > 
  at <DialogContentNonModal key=1 ref=fn<ref> forceMount=false  ... > 
  at <Presence present=false style= {position: fixed} onAnimationend=fn<onAnimationEnd>  ... > 
  at <DialogContent ref="contentRef" style= {position: fixed} onAnimationend=fn<onAnimationEnd>  ... > 
  at <DialogContent ref="contentRef" append-to=undefined class="left-0 right-0 top-[10vh] mx-auto flex max-h-[80%] flex-col p-0 sm:rounded-[var(--radius)] w-[900px] border border-border duration-300"  ... > 
  at <DialogRoot modal=false open=false onUpdate:open=fn > 
  at <Dialog modal=false open=false onUpdate:open=fn > 
  at <Modal modalApi= ModalApi > 
  at <VbenModal> 
  at <Page auto-content-height="" > 
  at <ApiTestingTestStep > 
  at <ApiTestingTestStep onVnodeUnmounted=fn<onVnodeUnmounted> ref=Ref< Proxy(Object) > key="/plugins/teststep" > 
  at <KeepAlive key=0 exclude= [] include= [ApiTesting, ApiTestingTestReportDetail, ApiTestingDashboard, ApiTestingVariable, ApiTestingBatchReport, ApiTestingTestCase, ApiTestingExecutionStream, ApiTestingTestStep, ApiTestingTestReport, ApiTestingProject, ApiTestingEnvironment, ApiTestingTestSuite, Dashboard, Analytics] > 
  at <BaseTransition mode="out-in" appear=true persisted=false  ... > 
  at <Transition key=0 name="fade-slide" appear=""  ... > 
  at <RouterView> 
  at <LayoutContent> 
  at <LayoutContent id="__vben_main_content" content-compact="wide" content-compact-width=1200  ... > 
  at <VbenLayout sidebar-extra-visible=true onUpdate:sidebarExtraVisible=fn content-compact="wide"  ... > 
  at <BasicLayout onClearPreferencesAndLogout=fn<handleLogout> > 
  at <Basic onVnodeUnmounted=fn<onVnodeUnmounted> ref=Ref< Proxy(Object) > > 
  at <RouterView> 
  at <Anonymous message= {} notification= {} > 
  at <AApp> 
  at <LocaleProvider locale= {locale: zh-cn, Pagination: Object, DatePicker: Object, TimePicker: Object, Calendar: Object} _ANT_MARK__="internalMark" > 
  at <Anonymous prefixCls="anticon" csp=undefined layer=undefined > 
  at <Anonymous value= {override: Object, hashed: false, theme: Theme, token: Object, components: Object} > 
  at <Anonymous parentContext= {getPrefixCls: , iconPrefixCls: anticon} locale= {locale: zh-cn, Pagination: Object, DatePicker: Object, TimePicker: Object, Calendar: Object} theme= {algorithm: Array(1), token: Proxy(Object)}  ... > 
  at <AConfigProvider locale= {locale: zh-cn, Pagination: Object, DatePicker: Object, TimePicker: Object, Calendar: Object} theme= {algorithm: Array(1), token: Proxy(Object)} > 
  at <App> @ http://localhost:5173/node_modules/.vite/deps/chunk-NUZEDWKZ.js?v=eff7922a:1936
[24172067ms] [ERROR] Failed to load resource: the server responded with a status of 404 (Not Found) @ http://localhost:8000/api/v1/api_testing/test_steps/33/execute:0
